schema_version	occurrence_id	surface	source_path	boundary	site_kind	current_term	target_term	classification	compatibility_treatment	rollout_phase	test_owner	rationale
2	openapi:%2Fcomponents%2Fschemas%2FErrorOutput%2Fproperties%2Fresource_limit%2FoneOf%2F1%2Fdescription:prose:6e7de8584d01562fb1204adf876ba481a1ed0c854f6c0171c87a9f7b9a45e3e2:sidecar:1	openapi	openapi.json	/components/schemas/ErrorOutput/properties/resource_limit/oneOf/1/description	prose	sidecar	retain	physical_storage	reviewed_semantic_reclassification	presentation	omnigraph-vocabulary-guard::openapi_inventory_matches	Recovery sidecar is accurate physical-storage terminology in an effect-free guarantee.
2	openapi:%2Fcomponents%2Fschemas%2FLegacyReadOutput%2Fproperties%2Fcolumns:property_name:0e624a1a135e4441e96ebbd5f95bc3df19c3c138df98c61ce684ef311d6e8b1a:columns:1	openapi	openapi.json	/components/schemas/LegacyReadOutput/properties/columns	property_name	columns	retain	result_projection	retain exact query-result name	none	omnigraph-vocabulary-guard::openapi_inventory_matches	Query-result rows and columns are canonical tabular projection vocabulary and are intentionally unchanged.
2	openapi:%2Fcomponents%2Fschemas%2FLegacyReadOutput%2Fproperties%2Frow_count:property_name:d5a76110022e4737009e0cfd33d38eb9a57de63480648a62b474c248b071abc8:row:1	openapi	openapi.json	/components/schemas/LegacyReadOutput/properties/row_count	property_name	row	retain	result_projection	retain exact query-result name	none	omnigraph-vocabulary-guard::openapi_inventory_matches	Query-result rows and columns are canonical tabular projection vocabulary and are intentionally unchanged.
2	openapi:%2Fcomponents%2Fschemas%2FLegacyReadOutput%2Fproperties%2Frows:property_name:bc51e9e65d79e1c90ba544ab2eae1044ccdf8c1af7a559ba375cba4276f7d99e:rows:1	openapi	openapi.json	/components/schemas/LegacyReadOutput/properties/rows	property_name	rows	retain	result_projection	retain exact query-result name	none	omnigraph-vocabulary-guard::openapi_inventory_matches	Query-result rows and columns are canonical tabular projection vocabulary and are intentionally unchanged.
2	openapi:%2Fcomponents%2Fschemas%2FLegacyReadOutput%2Frequired%2F2:required_name:d5a76110022e4737009e0cfd33d38eb9a57de63480648a62b474c248b071abc8:row:1	openapi	openapi.json	/components/schemas/LegacyReadOutput/required/2	required_name	row	retain	result_projection	retain exact query-result name	none	omnigraph-vocabulary-guard::openapi_inventory_matches	Query-result rows and columns are canonical tabular projection vocabulary and are intentionally unchanged.
2	openapi:%2Fcomponents%2Fschemas%2FLegacyReadOutput%2Frequired%2F3:required_name:bc51e9e65d79e1c90ba544ab2eae1044ccdf8c1af7a559ba375cba4276f7d99e:rows:1	openapi	openapi.json	/components/schemas/LegacyReadOutput/required/3	required_name	rows	retain	result_projection	retain exact query-result name	none	omnigraph-vocabulary-guard::openapi_inventory_matches	Query-result rows and columns are canonical tabular projection vocabulary and are intentionally unchanged.
2	openapi:%2Fcomponents%2Fschemas%2FReadOutput%2Fproperties%2Fcolumns:property_name:0e624a1a135e4441e96ebbd5f95bc3df19c3c138df98c61ce684ef311d6e8b1a:columns:1	openapi	openapi.json	/components/schemas/ReadOutput/properties/columns	property_name	columns	retain	result_projection	retain exact query-result name	none	omnigraph-vocabulary-guard::openapi_inventory_matches	Query-result rows and columns are canonical tabular projection vocabulary and are intentionally unchanged.
2	openapi:%2Fcomponents%2Fschemas%2FReadOutput%2Fproperties%2Fgraph_commit_id%2Fdescription:prose:f5cf98c6fc65d1dd78b092c11bc7c9f7d6494f6392c97847d565a6edb2605e96:rows:1	openapi	openapi.json	/components/schemas/ReadOutput/properties/graph_commit_id/description	prose	rows	retain	result_projection	retain query-result vocabulary	none	omnigraph-vocabulary-guard::openapi_inventory_matches	Rows names the tabular query-result projection pinned to the same snapshot as graph_commit_id.
2	openapi:%2Fcomponents%2Fschemas%2FReadOutput%2Fproperties%2Frow_count:property_name:d5a76110022e4737009e0cfd33d38eb9a57de63480648a62b474c248b071abc8:row:1	openapi	openapi.json	/components/schemas/ReadOutput/properties/row_count	property_name	row	retain	result_projection	retain exact query-result name	none	omnigraph-vocabulary-guard::openapi_inventory_matches	Query-result rows and columns are canonical tabular projection vocabulary and are intentionally unchanged.
2	openapi:%2Fcomponents%2Fschemas%2FReadOutput%2Fproperties%2Frows:property_name:bc51e9e65d79e1c90ba544ab2eae1044ccdf8c1af7a559ba375cba4276f7d99e:rows:1	openapi	openapi.json	/components/schemas/ReadOutput/properties/rows	property_name	rows	retain	result_projection	retain exact query-result name	none	omnigraph-vocabulary-guard::openapi_inventory_matches	Query-result rows and columns are canonical tabular projection vocabulary and are intentionally unchanged.
2	openapi:%2Fcomponents%2Fschemas%2FReadOutput%2Frequired%2F2:required_name:d5a76110022e4737009e0cfd33d38eb9a57de63480648a62b474c248b071abc8:row:1	openapi	openapi.json	/components/schemas/ReadOutput/required/2	required_name	row	retain	result_projection	retain exact query-result name	none	omnigraph-vocabulary-guard::openapi_inventory_matches	Query-result rows and columns are canonical tabular projection vocabulary and are intentionally unchanged.
2	openapi:%2Fcomponents%2Fschemas%2FReadOutput%2Frequired%2F3:required_name:bc51e9e65d79e1c90ba544ab2eae1044ccdf8c1af7a559ba375cba4276f7d99e:rows:1	openapi	openapi.json	/components/schemas/ReadOutput/required/3	required_name	rows	retain	result_projection	retain exact query-result name	none	omnigraph-vocabulary-guard::openapi_inventory_matches	Query-result rows and columns are canonical tabular projection vocabulary and are intentionally unchanged.
2	openapi:%2Fpaths%2F~1graphs~1%7Bgraph_id%7D~1commits%2Fget%2Fdescription:prose:9e573b911906035e5b66f45f17a952ce0870a38f7a23f690b83f8b62ab972ae0:manifest%20version:1	openapi	openapi.json	/paths/~1graphs~1{graph_id}~1commits/get/description	prose	manifest version	retain	physical_storage	reviewed_semantic_reclassification	presentation	omnigraph-vocabulary-guard::openapi_inventory_matches	The revised prose explicitly qualifies this as the graph-manifest version.
2	openapi:%2Fpaths%2F~1graphs~1%7Bgraph_id%7D~1commits~1%7Bcommit_id%7D%2Fget%2Fdescription:prose:455b78caaa908e2ec6c4c22a461858ec8b2e6d16a224b9a9332cbe7da1ab5ec1:manifest%20version:1	openapi	openapi.json	/paths/~1graphs~1{graph_id}~1commits~1{commit_id}/get/description	prose	manifest version	retain	physical_storage	reviewed_semantic_reclassification	presentation	omnigraph-vocabulary-guard::openapi_inventory_matches	The revised prose explicitly qualifies this as the graph-manifest version.
2	openapi:%2Fpaths%2F~1graphs~1%7Bgraph_id%7D~1snapshot%2Fget%2Fdescription:prose:da3fc24dc381d981d21eaf8ae2fe809750334d40ed5cfd822e66c65698412629:manifest%20version:1	openapi	openapi.json	/paths/~1graphs~1{graph_id}~1snapshot/get/description	prose	manifest version	retain	physical_storage	reviewed_semantic_reclassification	presentation	omnigraph-vocabulary-guard::openapi_inventory_matches	The revised prose explicitly qualifies this as the graph-manifest version.
2	public_rust:omnigraph-api-types:0542e981eddf3dd394d56fdbaaef8ccc5697323547b527a4617b16a202a314c5:row:1:1	public_rust	crates/omnigraph-api-types/Cargo.toml	pub omnigraph_api_types::LegacyReadOutput::row_count: usize	public_signature	row	retain	result_projection	retain tabular query-result API	none	omnigraph-vocabulary-guard::public_rust_inventory_matches	Rows and columns are accurate for this tabular query/result projection.
2	public_rust:omnigraph-api-types:182b9743f8ba4bfa78effeb3eca5e20db91d7dd595529977a06dfd464dca08ad:rows:1:1	public_rust	crates/omnigraph-api-types/Cargo.toml	pub omnigraph_api_types::ReadOutput::rows: serde_json::value::Value	public_signature	rows	retain	result_projection	retain tabular query-result API	none	omnigraph-vocabulary-guard::public_rust_inventory_matches	Rows and columns are accurate for this tabular query/result projection.
2	public_rust:omnigraph-api-types:27eb1709ae92e5d8ec19a9f3e755dfaad0283c854ef407f3b61a4e66155a004f:rows:1:1	public_rust	crates/omnigraph-api-types/Cargo.toml	pub omnigraph_api_types::LegacyReadOutput::rows: serde_json::value::Value	public_signature	rows	retain	result_projection	retain tabular query-result API	none	omnigraph-vocabulary-guard::public_rust_inventory_matches	Rows and columns are accurate for this tabular query/result projection.
2	public_rust:omnigraph-api-types:2ba22fbca1034b3851a00def96be95dba6a02cfcd1b03a665e809d5059fa4534:row:1:1	public_rust	crates/omnigraph-api-types/Cargo.toml	pub omnigraph_api_types::ReadOutput::row_count: usize	public_signature	row	retain	result_projection	retain tabular query-result API	none	omnigraph-vocabulary-guard::public_rust_inventory_matches	Rows and columns are accurate for this tabular query/result projection.
2	public_rust:omnigraph-api-types:9c70908c9dc2ff567a4328d10c1139e1520a71923c2d4d3c93988d4d3c9250fd:columns:1:1	public_rust	crates/omnigraph-api-types/Cargo.toml	pub omnigraph_api_types::ReadOutput::columns: alloc::vec::Vec<alloc::string::String>	public_signature	columns	retain	result_projection	retain tabular query-result API	none	omnigraph-vocabulary-guard::public_rust_inventory_matches	Rows and columns are accurate for this tabular query/result projection.
2	public_rust:omnigraph-api-types:f11e9e006d7457f45384e98f7abd91e1cce1c875e0e1c9167915d01ed2e2e473:columns:1:1	public_rust	crates/omnigraph-api-types/Cargo.toml	pub omnigraph_api_types::LegacyReadOutput::columns: alloc::vec::Vec<alloc::string::String>	public_signature	columns	retain	result_projection	retain tabular query-result API	none	omnigraph-vocabulary-guard::public_rust_inventory_matches	Rows and columns are accurate for this tabular query/result projection.
2	public_rust:omnigraph-compiler:0d00c158b4364038662c5499b64a5d2f80a54d341c3b88257b696650e626ae6e:Table:1:1	public_rust	crates/omnigraph-compiler/Cargo.toml	impl core::fmt::Display for omnigraph_compiler::catalog::schema_ir::TableIncarnationId	public_signature	Table	retain	physical_storage	retain persisted physical identity name	none	omnigraph-vocabulary-guard::public_rust_inventory_matches	This is an exact persisted schema/storage identity name, not graph-facing table vocabulary.
2	public_rust:omnigraph-compiler:0d00c158b4364038662c5499b64a5d2f80a54d341c3b88257b696650e626ae6e:Table:2:1	public_rust	crates/omnigraph-compiler/Cargo.toml	impl core::fmt::Display for omnigraph_compiler::catalog::schema_ir::TableIncarnationId	public_signature	Table	retain	physical_storage	retain persisted physical identity name	none	omnigraph-vocabulary-guard::public_rust_inventory_matches	This is an exact persisted schema/storage identity name, not graph-facing table vocabulary.
2	public_rust:omnigraph-compiler:10ce74e76c69f659e55673b77aab239f20ce6a948b5b173c10e4a7186cbd13f0:Table:1:1	public_rust	crates/omnigraph-compiler/Cargo.toml	pub fn omnigraph_compiler::catalog::Catalog::edge_table_incarnation_id(&self, name: &str) -> core::option::Option<omnigraph_compiler::catalog::schema_ir::TableIncarnationId>	public_signature	Table	retain	physical_storage	retain persisted physical identity name	none	omnigraph-vocabulary-guard::public_rust_inventory_matches	This is an exact persisted schema/storage identity name, not graph-facing table vocabulary.
2	public_rust:omnigraph-compiler:10ce74e76c69f659e55673b77aab239f20ce6a948b5b173c10e4a7186cbd13f0:table:1:1	public_rust	crates/omnigraph-compiler/Cargo.toml	pub fn omnigraph_compiler::catalog::Catalog::edge_table_incarnation_id(&self, name: &str) -> core::option::Option<omnigraph_compiler::catalog::schema_ir::TableIncarnationId>	public_signature	table	retain	physical_storage	retain persisted physical identity name	none	omnigraph-vocabulary-guard::public_rust_inventory_matches	This is an exact persisted schema/storage identity name, not graph-facing table vocabulary.
2	public_rust:omnigraph-compiler:1578899a11b4fc370f1e7126ac29fc5ce6c984229c699b12350906d42142ab42:Table:1:1	public_rust	crates/omnigraph-compiler/Cargo.toml	impl core::convert::From<omnigraph_compiler::catalog::schema_ir::TableIncarnationId> for u64	public_signature	Table	retain	physical_storage	retain persisted physical identity name	none	omnigraph-vocabulary-guard::public_rust_inventory_matches	This is an exact persisted schema/storage identity name, not graph-facing table vocabulary.
2	public_rust:omnigraph-compiler:1578899a11b4fc370f1e7126ac29fc5ce6c984229c699b12350906d42142ab42:Table:2:1	public_rust	crates/omnigraph-compiler/Cargo.toml	impl core::convert::From<omnigraph_compiler::catalog::schema_ir::TableIncarnationId> for u64	public_signature	Table	retain	physical_storage	retain persisted physical identity name	none	omnigraph-vocabulary-guard::public_rust_inventory_matches	This is an exact persisted schema/storage identity name, not graph-facing table vocabulary.
2	public_rust:omnigraph-compiler:1845a8ae5544c27f0b586c0da176aedbfebcb561d45f90497b0ecdb878c1f050:rows:1:1	public_rust	crates/omnigraph-compiler/Cargo.toml	pub fn omnigraph_compiler::json_output::record_batches_to_rust_json_rows(results: &[arrow_array::record_batch::RecordBatch]) -> alloc::vec::Vec<serde_json::value::Value>	public_signature	rows	retain	result_projection	retain tabular query-result API	none	omnigraph-vocabulary-guard::public_rust_inventory_matches	Rows and columns are accurate for this tabular query/result projection.
2	public_rust:omnigraph-compiler:2cad44fd25ea3d5fb15337ed6a371669444e79ff0be909505228b6d4231e44db:Table:1:1	public_rust	crates/omnigraph-compiler/Cargo.toml	pub fn omnigraph_compiler::catalog::Catalog::table_incarnation_id(&self, name: &str) -> core::option::Option<omnigraph_compiler::catalog::schema_ir::TableIncarnationId>	public_signature	Table	retain	physical_storage	retain persisted physical identity name	none	omnigraph-vocabulary-guard::public_rust_inventory_matches	This is an exact persisted schema/storage identity name, not graph-facing table vocabulary.
2	public_rust:omnigraph-compiler:2cad44fd25ea3d5fb15337ed6a371669444e79ff0be909505228b6d4231e44db:table:1:1	public_rust	crates/omnigraph-compiler/Cargo.toml	pub fn omnigraph_compiler::catalog::Catalog::table_incarnation_id(&self, name: &str) -> core::option::Option<omnigraph_compiler::catalog::schema_ir::TableIncarnationId>	public_signature	table	retain	physical_storage	retain persisted physical identity name	none	omnigraph-vocabulary-guard::public_rust_inventory_matches	This is an exact persisted schema/storage identity name, not graph-facing table vocabulary.
2	public_rust:omnigraph-compiler:33ae84eaaf482271ef54f1525e9a28d9b92b9a6255a468d952035cd2ae0cd246:Table:1:1	public_rust	crates/omnigraph-compiler/Cargo.toml	impl core::convert::TryFrom<u64> for omnigraph_compiler::catalog::schema_ir::TableIncarnationId	public_signature	Table	retain	physical_storage	retain persisted physical identity name	none	omnigraph-vocabulary-guard::public_rust_inventory_matches	This is an exact persisted schema/storage identity name, not graph-facing table vocabulary.
2	public_rust:omnigraph-compiler:33ae84eaaf482271ef54f1525e9a28d9b92b9a6255a468d952035cd2ae0cd246:Table:2:1	public_rust	crates/omnigraph-compiler/Cargo.toml	impl core::convert::TryFrom<u64> for omnigraph_compiler::catalog::schema_ir::TableIncarnationId	public_signature	Table	retain	physical_storage	retain persisted physical identity name	none	omnigraph-vocabulary-guard::public_rust_inventory_matches	This is an exact persisted schema/storage identity name, not graph-facing table vocabulary.
2	public_rust:omnigraph-compiler:35cc42f5b91077a1d32f8572c6d640368b771345a09e48ba54360f4163bca833:Table:1:1	public_rust	crates/omnigraph-compiler/Cargo.toml	pub fn omnigraph_compiler::catalog::schema_ir::TableIncarnationId::fmt(&self, formatter: &mut core::fmt::Formatter<'_>) -> core::fmt::Result	public_signature	Table	retain	physical_storage	retain persisted physical identity name	none	omnigraph-vocabulary-guard::public_rust_inventory_matches	This is an exact persisted schema/storage identity name, not graph-facing table vocabulary.
2	public_rust:omnigraph-compiler:35cc42f5b91077a1d32f8572c6d640368b771345a09e48ba54360f4163bca833:Table:2:1	public_rust	crates/omnigraph-compiler/Cargo.toml	pub fn omnigraph_compiler::catalog::schema_ir::TableIncarnationId::fmt(&self, formatter: &mut core::fmt::Formatter<'_>) -> core::fmt::Result	public_signature	Table	retain	physical_storage	retain persisted physical identity name	none	omnigraph-vocabulary-guard::public_rust_inventory_matches	This is an exact persisted schema/storage identity name, not graph-facing table vocabulary.
2	public_rust:omnigraph-compiler:454f562fd01ff0cc602d6fcbb660b50f32f727bf438d958fe0484293ff4d912a:table:1:1	public_rust	crates/omnigraph-compiler/Cargo.toml	pub omnigraph_compiler::catalog::schema_ir::SystemFieldRefIR::table_type_name: alloc::string::String	public_signature	table	retain	physical_storage	retain persisted physical identity name	none	omnigraph-vocabulary-guard::public_rust_inventory_matches	This is an exact persisted schema/storage identity name, not graph-facing table vocabulary.
2	public_rust:omnigraph-compiler:48766d56350dba543a04bd10584b24d66b5c165e30d06cab59e76d938250ffdd:Table:1:1	public_rust	crates/omnigraph-compiler/Cargo.toml	pub fn u64::from(value: omnigraph_compiler::catalog::schema_ir::TableIncarnationId) -> Self	public_signature	Table	retain	physical_storage	retain persisted physical identity name	none	omnigraph-vocabulary-guard::public_rust_inventory_matches	This is an exact persisted schema/storage identity name, not graph-facing table vocabulary.
2	public_rust:omnigraph-compiler:48766d56350dba543a04bd10584b24d66b5c165e30d06cab59e76d938250ffdd:Table:2:1	public_rust	crates/omnigraph-compiler/Cargo.toml	pub fn u64::from(value: omnigraph_compiler::catalog::schema_ir::TableIncarnationId) -> Self	public_signature	Table	retain	physical_storage	retain persisted physical identity name	none	omnigraph-vocabulary-guard::public_rust_inventory_matches	This is an exact persisted schema/storage identity name, not graph-facing table vocabulary.
2	public_rust:omnigraph-compiler:555ea21444a55885f0589ad9c06277608164890fe3f5d3bbe7a2015a443ab88d:Table:1:1	public_rust	crates/omnigraph-compiler/Cargo.toml	pub fn omnigraph_compiler::catalog::Catalog::node_table_incarnation_id(&self, name: &str) -> core::option::Option<omnigraph_compiler::catalog::schema_ir::TableIncarnationId>	public_signature	Table	retain	physical_storage	retain persisted physical identity name	none	omnigraph-vocabulary-guard::public_rust_inventory_matches	This is an exact persisted schema/storage identity name, not graph-facing table vocabulary.
2	public_rust:omnigraph-compiler:555ea21444a55885f0589ad9c06277608164890fe3f5d3bbe7a2015a443ab88d:table:1:1	public_rust	crates/omnigraph-compiler/Cargo.toml	pub fn omnigraph_compiler::catalog::Catalog::node_table_incarnation_id(&self, name: &str) -> core::option::Option<omnigraph_compiler::catalog::schema_ir::TableIncarnationId>	public_signature	table	retain	physical_storage	retain persisted physical identity name	none	omnigraph-vocabulary-guard::public_rust_inventory_matches	This is an exact persisted schema/storage identity name, not graph-facing table vocabulary.
2	public_rust:omnigraph-compiler:55f2256c4291bedf719b9489705101cb3bf74062d4226afa501e5605b83563be:Table:1:1	public_rust	crates/omnigraph-compiler/Cargo.toml	pub omnigraph_compiler::SystemFieldRefIR::table_incarnation_id: omnigraph_compiler::catalog::schema_ir::TableIncarnationId	public_signature	Table	retain	physical_storage	retain persisted physical identity name	none	omnigraph-vocabulary-guard::public_rust_inventory_matches	This is an exact persisted schema/storage identity name, not graph-facing table vocabulary.
2	public_rust:omnigraph-compiler:55f2256c4291bedf719b9489705101cb3bf74062d4226afa501e5605b83563be:table:1:1	public_rust	crates/omnigraph-compiler/Cargo.toml	pub omnigraph_compiler::SystemFieldRefIR::table_incarnation_id: omnigraph_compiler::catalog::schema_ir::TableIncarnationId	public_signature	table	retain	physical_storage	retain persisted physical identity name	none	omnigraph-vocabulary-guard::public_rust_inventory_matches	This is an exact persisted schema/storage identity name, not graph-facing table vocabulary.
2	public_rust:omnigraph-compiler:5753094e8392535277bd20f0dd74765ef2d13286ef069a3f506c12c595f4fb29:Table:1:1	public_rust	crates/omnigraph-compiler/Cargo.toml	pub omnigraph_compiler::catalog::schema_ir::NodeIR::table_incarnation_id: omnigraph_compiler::catalog::schema_ir::TableIncarnationId	public_signature	Table	retain	physical_storage	retain persisted physical identity name	none	omnigraph-vocabulary-guard::public_rust_inventory_matches	This is an exact persisted schema/storage identity name, not graph-facing table vocabulary.
2	public_rust:omnigraph-compiler:5753094e8392535277bd20f0dd74765ef2d13286ef069a3f506c12c595f4fb29:table:1:1	public_rust	crates/omnigraph-compiler/Cargo.toml	pub omnigraph_compiler::catalog::schema_ir::NodeIR::table_incarnation_id: omnigraph_compiler::catalog::schema_ir::TableIncarnationId	public_signature	table	retain	physical_storage	retain persisted physical identity name	none	omnigraph-vocabulary-guard::public_rust_inventory_matches	This is an exact persisted schema/storage identity name, not graph-facing table vocabulary.
2	public_rust:omnigraph-compiler:62331b2ff3f4983f580adceadb24f4b6358d0fb7624e8d876f79cd180ce54277:rows:1:1	public_rust	crates/omnigraph-compiler/Cargo.toml	pub fn omnigraph_compiler::result::QueryResult::num_rows(&self) -> usize	public_signature	rows	retain	result_projection	retain tabular query-result API	none	omnigraph-vocabulary-guard::public_rust_inventory_matches	Rows and columns are accurate for this tabular query/result projection.
2	public_rust:omnigraph-compiler:62331b2ff3f4983f580adceadb24f4b6358d0fb7624e8d876f79cd180ce54277:rows:2:1	public_rust	crates/omnigraph-compiler/Cargo.toml	pub fn omnigraph_compiler::result::QueryResult::num_rows(&self) -> usize	public_signature	rows	retain	result_projection	retain tabular query-result API	none	omnigraph-vocabulary-guard::public_rust_inventory_matches	Rows and columns are accurate for this tabular query/result projection.
2	public_rust:omnigraph-compiler:626f9ade090bb8b1aa7605de50ca1a2ee06de729e3c3d1e707b2788029d00e09:Table:1:1	public_rust	crates/omnigraph-compiler/Cargo.toml	pub fn omnigraph_compiler::catalog::schema_ir::TableIncarnationId::try_from(value: u64) -> core::result::Result<Self, Self::Error>	public_signature	Table	retain	physical_storage	retain persisted physical identity name	none	omnigraph-vocabulary-guard::public_rust_inventory_matches	This is an exact persisted schema/storage identity name, not graph-facing table vocabulary.
2	public_rust:omnigraph-compiler:626f9ade090bb8b1aa7605de50ca1a2ee06de729e3c3d1e707b2788029d00e09:Table:2:1	public_rust	crates/omnigraph-compiler/Cargo.toml	pub fn omnigraph_compiler::catalog::schema_ir::TableIncarnationId::try_from(value: u64) -> core::result::Result<Self, Self::Error>	public_signature	Table	retain	physical_storage	retain persisted physical identity name	none	omnigraph-vocabulary-guard::public_rust_inventory_matches	This is an exact persisted schema/storage identity name, not graph-facing table vocabulary.
2	public_rust:omnigraph-compiler:6a217d7e6feac7b5591c49e06aecfa63fe654810263e416b255d64e4d0ea49c6:Table:1:1	public_rust	crates/omnigraph-compiler/Cargo.toml	pub type omnigraph_compiler::catalog::schema_ir::TableIncarnationId::Error = omnigraph_compiler::error::CompilerError	public_signature	Table	retain	physical_storage	retain persisted physical identity name	none	omnigraph-vocabulary-guard::public_rust_inventory_matches	This is an exact persisted schema/storage identity name, not graph-facing table vocabulary.
2	public_rust:omnigraph-compiler:6a217d7e6feac7b5591c49e06aecfa63fe654810263e416b255d64e4d0ea49c6:Table:2:1	public_rust	crates/omnigraph-compiler/Cargo.toml	pub type omnigraph_compiler::catalog::schema_ir::TableIncarnationId::Error = omnigraph_compiler::error::CompilerError	public_signature	Table	retain	physical_storage	retain persisted physical identity name	none	omnigraph-vocabulary-guard::public_rust_inventory_matches	This is an exact persisted schema/storage identity name, not graph-facing table vocabulary.
2	public_rust:omnigraph-compiler:6e54ddc67626029d92e7cab43029ed06e4b986500b86dc1a39b65613f692954b:rows:1:1	public_rust	crates/omnigraph-compiler/Cargo.toml	pub fn omnigraph_compiler::json_output::record_batches_to_json_rows(results: &[arrow_array::record_batch::RecordBatch]) -> alloc::vec::Vec<serde_json::value::Value>	public_signature	rows	retain	result_projection	retain tabular query-result API	none	omnigraph-vocabulary-guard::public_rust_inventory_matches	Rows and columns are accurate for this tabular query/result projection.
2	public_rust:omnigraph-compiler:96fa084ee76568762ec622e9e480f04482221b1ea7fdf9da3b3dee56a0fbb879:Table:1:1	public_rust	crates/omnigraph-compiler/Cargo.toml	impl omnigraph_compiler::catalog::schema_ir::TableIncarnationId	public_signature	Table	retain	physical_storage	retain persisted physical identity name	none	omnigraph-vocabulary-guard::public_rust_inventory_matches	This is an exact persisted schema/storage identity name, not graph-facing table vocabulary.
2	public_rust:omnigraph-compiler:96fa084ee76568762ec622e9e480f04482221b1ea7fdf9da3b3dee56a0fbb879:Table:2:1	public_rust	crates/omnigraph-compiler/Cargo.toml	impl omnigraph_compiler::catalog::schema_ir::TableIncarnationId	public_signature	Table	retain	physical_storage	retain persisted physical identity name	none	omnigraph-vocabulary-guard::public_rust_inventory_matches	This is an exact persisted schema/storage identity name, not graph-facing table vocabulary.
2	public_rust:omnigraph-compiler:98361210e9961bfcaa6153e379877200d729f8f5ceb9ec1c88de786bee324a96:row:1:1	public_rust	crates/omnigraph-compiler/Cargo.toml	pub fn omnigraph_compiler::json_output::array_value_to_json(array: &arrow_array::array::ArrayRef, row: usize) -> serde_json::value::Value	public_signature	row	retain	physical_storage	retain exact physical execution API	none	omnigraph-vocabulary-guard::public_rust_inventory_matches	The symbol refers to a physical scanner, manifest row, execution counter, or backing-store hook.
2	public_rust:omnigraph-compiler:a37d6bad2714bc5f6701b077f930d191028c7e4beb3df60cac73b3fbf2a6b799:Table:1:1	public_rust	crates/omnigraph-compiler/Cargo.toml	pub const fn omnigraph_compiler::catalog::schema_ir::TableIncarnationId::get(self) -> u64	public_signature	Table	retain	physical_storage	retain persisted physical identity name	none	omnigraph-vocabulary-guard::public_rust_inventory_matches	This is an exact persisted schema/storage identity name, not graph-facing table vocabulary.
2	public_rust:omnigraph-compiler:a37d6bad2714bc5f6701b077f930d191028c7e4beb3df60cac73b3fbf2a6b799:Table:2:1	public_rust	crates/omnigraph-compiler/Cargo.toml	pub const fn omnigraph_compiler::catalog::schema_ir::TableIncarnationId::get(self) -> u64	public_signature	Table	retain	physical_storage	retain persisted physical identity name	none	omnigraph-vocabulary-guard::public_rust_inventory_matches	This is an exact persisted schema/storage identity name, not graph-facing table vocabulary.
2	public_rust:omnigraph-compiler:ac2ee3383697849e4cf618d9a0edab6a44320889a77c3ccf9ef43ab9c54cbd5f:Table:1:1	public_rust	crates/omnigraph-compiler/Cargo.toml	pub omnigraph_compiler::EdgeIR::table_incarnation_id: omnigraph_compiler::catalog::schema_ir::TableIncarnationId	public_signature	Table	retain	physical_storage	retain persisted physical identity name	none	omnigraph-vocabulary-guard::public_rust_inventory_matches	This is an exact persisted schema/storage identity name, not graph-facing table vocabulary.
2	public_rust:omnigraph-compiler:ac2ee3383697849e4cf618d9a0edab6a44320889a77c3ccf9ef43ab9c54cbd5f:table:1:1	public_rust	crates/omnigraph-compiler/Cargo.toml	pub omnigraph_compiler::EdgeIR::table_incarnation_id: omnigraph_compiler::catalog::schema_ir::TableIncarnationId	public_signature	table	retain	physical_storage	retain persisted physical identity name	none	omnigraph-vocabulary-guard::public_rust_inventory_matches	This is an exact persisted schema/storage identity name, not graph-facing table vocabulary.
2	public_rust:omnigraph-compiler:b2ba82f173b801c624248fbdc0c849ca56db42bdd12c7a51567f6add7d1f16f7:Table:1:1	public_rust	crates/omnigraph-compiler/Cargo.toml	pub omnigraph_compiler::catalog::schema_ir::SystemFieldRefIR::table_incarnation_id: omnigraph_compiler::catalog::schema_ir::TableIncarnationId	public_signature	Table	retain	physical_storage	retain persisted physical identity name	none	omnigraph-vocabulary-guard::public_rust_inventory_matches	This is an exact persisted schema/storage identity name, not graph-facing table vocabulary.
2	public_rust:omnigraph-compiler:b2ba82f173b801c624248fbdc0c849ca56db42bdd12c7a51567f6add7d1f16f7:table:1:1	public_rust	crates/omnigraph-compiler/Cargo.toml	pub omnigraph_compiler::catalog::schema_ir::SystemFieldRefIR::table_incarnation_id: omnigraph_compiler::catalog::schema_ir::TableIncarnationId	public_signature	table	retain	physical_storage	retain persisted physical identity name	none	omnigraph-vocabulary-guard::public_rust_inventory_matches	This is an exact persisted schema/storage identity name, not graph-facing table vocabulary.
2	public_rust:omnigraph-compiler:b879dcb68821b6c313bcb45273402d648f364f5bb53c5434cd04ab1fe08d1691:table:1:1	public_rust	crates/omnigraph-compiler/Cargo.toml	pub omnigraph_compiler::SystemFieldRefIR::stable_table_id: omnigraph_compiler::catalog::schema_ir::StableTypeId	public_signature	table	retain	physical_storage	retain persisted physical identity name	none	omnigraph-vocabulary-guard::public_rust_inventory_matches	This is an exact persisted schema/storage identity name, not graph-facing table vocabulary.
2	public_rust:omnigraph-compiler:c7fdde1ab62fdf41cf97c25c8e4d065ab8d0cb9769d95a12363aef8b09c540c9:table:1:1	public_rust	crates/omnigraph-compiler/Cargo.toml	pub omnigraph_compiler::SystemFieldRefIR::table_type_name: alloc::string::String	public_signature	table	retain	physical_storage	retain persisted physical identity name	none	omnigraph-vocabulary-guard::public_rust_inventory_matches	This is an exact persisted schema/storage identity name, not graph-facing table vocabulary.
2	public_rust:omnigraph-compiler:d071ef065bfa300855e7b48580661f70d55242ce2df416a79c100e372aad1af4:table:1:1	public_rust	crates/omnigraph-compiler/Cargo.toml	pub omnigraph_compiler::catalog::schema_ir::SystemFieldRefIR::stable_table_id: omnigraph_compiler::catalog::schema_ir::StableTypeId	public_signature	table	retain	physical_storage	retain persisted physical identity name	none	omnigraph-vocabulary-guard::public_rust_inventory_matches	This is an exact persisted schema/storage identity name, not graph-facing table vocabulary.
2	public_rust:omnigraph-compiler:d0c1360b2837642672bb5fee4e04c13cb83f4d6a65041536a70484618247a204:Table:1:1	public_rust	crates/omnigraph-compiler/Cargo.toml	pub omnigraph_compiler::NodeIR::table_incarnation_id: omnigraph_compiler::catalog::schema_ir::TableIncarnationId	public_signature	Table	retain	physical_storage	retain persisted physical identity name	none	omnigraph-vocabulary-guard::public_rust_inventory_matches	This is an exact persisted schema/storage identity name, not graph-facing table vocabulary.
2	public_rust:omnigraph-compiler:d0c1360b2837642672bb5fee4e04c13cb83f4d6a65041536a70484618247a204:table:1:1	public_rust	crates/omnigraph-compiler/Cargo.toml	pub omnigraph_compiler::NodeIR::table_incarnation_id: omnigraph_compiler::catalog::schema_ir::TableIncarnationId	public_signature	table	retain	physical_storage	retain persisted physical identity name	none	omnigraph-vocabulary-guard::public_rust_inventory_matches	This is an exact persisted schema/storage identity name, not graph-facing table vocabulary.
2	public_rust:omnigraph-compiler:ebaeda088a612232bacc2d124a489530067b797ef5013950e4fe8896626df216:Table:1:1	public_rust	crates/omnigraph-compiler/Cargo.toml	pub omnigraph_compiler::catalog::schema_ir::EdgeIR::table_incarnation_id: omnigraph_compiler::catalog::schema_ir::TableIncarnationId	public_signature	Table	retain	physical_storage	retain persisted physical identity name	none	omnigraph-vocabulary-guard::public_rust_inventory_matches	This is an exact persisted schema/storage identity name, not graph-facing table vocabulary.
2	public_rust:omnigraph-compiler:ebaeda088a612232bacc2d124a489530067b797ef5013950e4fe8896626df216:table:1:1	public_rust	crates/omnigraph-compiler/Cargo.toml	pub omnigraph_compiler::catalog::schema_ir::EdgeIR::table_incarnation_id: omnigraph_compiler::catalog::schema_ir::TableIncarnationId	public_signature	table	retain	physical_storage	retain persisted physical identity name	none	omnigraph-vocabulary-guard::public_rust_inventory_matches	This is an exact persisted schema/storage identity name, not graph-facing table vocabulary.
2	public_rust:omnigraph-compiler:ee1b2edbde0a06420a7ab1c4dfbc354976cc2969ddcef4c9a03f2f6091f60c14:Table:1:1	public_rust	crates/omnigraph-compiler/Cargo.toml	pub struct omnigraph_compiler::TableIncarnationId(_)	public_signature	Table	retain	physical_storage	retain persisted physical identity name	none	omnigraph-vocabulary-guard::public_rust_inventory_matches	This is an exact persisted schema/storage identity name, not graph-facing table vocabulary.
2	public_rust:omnigraph-compiler:f6e5b62df5ca4e2fae25a1bbfcf047032c5977ac0e66b580bf04bbe32a3363f5:Table:1:1	public_rust	crates/omnigraph-compiler/Cargo.toml	pub struct omnigraph_compiler::catalog::schema_ir::TableIncarnationId(_)	public_signature	Table	retain	physical_storage	retain persisted physical identity name	none	omnigraph-vocabulary-guard::public_rust_inventory_matches	This is an exact persisted schema/storage identity name, not graph-facing table vocabulary.
2	public_rust:omnigraph-engine:03f160d383de2efa9c0cb916df09e8bfe6109861568ddd4a0b2cbb8a7056cc1e:column:1:1	public_rust	crates/omnigraph/Cargo.toml	pub async fn omnigraph::db::manifest::SnapshotDataset::has_btree_index(&self, column: &str) -> omnigraph::error::Result<bool>	public_signature	column	retain	physical_storage	retain exact physical execution API	none	omnigraph-vocabulary-guard::public_rust_inventory_matches	The parameter or field describes a backing Lance dataset column or persisted physical row count.
2	public_rust:omnigraph-engine:03f160d383de2efa9c0cb916df09e8bfe6109861568ddd4a0b2cbb8a7056cc1e:column:2:1	public_rust	crates/omnigraph/Cargo.toml	pub async fn omnigraph::db::manifest::SnapshotDataset::has_btree_index(&self, column: &str) -> omnigraph::error::Result<bool>	public_signature	column	retain	physical_storage	retain exact physical execution API	none	omnigraph-vocabulary-guard::public_rust_inventory_matches	The parameter or field describes a backing Lance dataset column or persisted physical row count.
2	public_rust:omnigraph-engine:056be46518c0d81477300827fa27a9572f6ea0069f4314266ac65e4938d91139:column:1:1	public_rust	crates/omnigraph/Cargo.toml	pub async fn omnigraph::db::manifest::SnapshotDataset::has_vector_index(&self, column: &str) -> omnigraph::error::Result<bool>	public_signature	column	retain	physical_storage	retain exact physical execution API	none	omnigraph-vocabulary-guard::public_rust_inventory_matches	The parameter or field describes a backing Lance dataset column or persisted physical row count.
2	public_rust:omnigraph-engine:056be46518c0d81477300827fa27a9572f6ea0069f4314266ac65e4938d91139:column:2:1	public_rust	crates/omnigraph/Cargo.toml	pub async fn omnigraph::db::manifest::SnapshotDataset::has_vector_index(&self, column: &str) -> omnigraph::error::Result<bool>	public_signature	column	retain	physical_storage	retain exact physical execution API	none	omnigraph-vocabulary-guard::public_rust_inventory_matches	The parameter or field describes a backing Lance dataset column or persisted physical row count.
2	public_rust:omnigraph-engine:089001154c6c5d8e9cf9d430ddab2bc8e7294abb0856374976ba469271fbff0f:SIDECAR:1:1	public_rust	crates/omnigraph/Cargo.toml	pub const omnigraph::failpoints::names::RECOVERY_SIDECAR_WRITE: &str	public_signature	SIDECAR	retain	physical_storage	retain accurate recovery-storage symbol	none	omnigraph-vocabulary-guard::public_rust_inventory_matches	Sidecar names identify durable recovery artifacts or their failpoint boundaries.
2	public_rust:omnigraph-engine:0c3358ae589e7d2d5bc898cec984e3f5a5679b6ab26a53d1d6c0b4a1b29f0ddd:SIDECAR:1:1	public_rust	crates/omnigraph/Cargo.toml	pub const omnigraph::failpoints::names::RECOVERY_SIDECAR_CONFIRM: &str	public_signature	SIDECAR	retain	physical_storage	retain accurate recovery-storage symbol	none	omnigraph-vocabulary-guard::public_rust_inventory_matches	Sidecar names identify durable recovery artifacts or their failpoint boundaries.
2	public_rust:omnigraph-engine:113b25550ee7ee1143bfd07f17e0a4d401483a76603b72fa487d1c187508e723:SIDECAR:1:1	public_rust	crates/omnigraph/Cargo.toml	pub const omnigraph::failpoints::names::BRANCH_MERGE_POST_SIDECAR_PRE_FORK: &str	public_signature	SIDECAR	retain	physical_storage	retain accurate recovery-storage symbol	none	omnigraph-vocabulary-guard::public_rust_inventory_matches	Sidecar names identify durable recovery artifacts or their failpoint boundaries.
2	public_rust:omnigraph-engine:1149c140cabadc7bb2e45ae78b08a7186357118cfe77aa9f2339021226018135:SIDECAR:1:1	public_rust	crates/omnigraph/Cargo.toml	pub const omnigraph::failpoints::names::ENSURE_INDICES_POST_SIDECAR_PRE_FORK: &str	public_signature	SIDECAR	retain	physical_storage	retain accurate recovery-storage symbol	none	omnigraph-vocabulary-guard::public_rust_inventory_matches	Sidecar names identify durable recovery artifacts or their failpoint boundaries.
2	public_rust:omnigraph-engine:189ca9381613b4aa8847c85a798ec59be9df1b71dc225d678569ae08938d77d9:column:1:1	public_rust	crates/omnigraph/Cargo.toml	pub async fn omnigraph::db::manifest::SnapshotDataset::index_coverage(&self, column: &str) -> omnigraph::error::Result<omnigraph::IndexCoverage>	public_signature	column	retain	physical_storage	retain exact physical execution API	none	omnigraph-vocabulary-guard::public_rust_inventory_matches	The parameter or field describes a backing Lance dataset column or persisted physical row count.
2	public_rust:omnigraph-engine:189ca9381613b4aa8847c85a798ec59be9df1b71dc225d678569ae08938d77d9:column:2:1	public_rust	crates/omnigraph/Cargo.toml	pub async fn omnigraph::db::manifest::SnapshotDataset::index_coverage(&self, column: &str) -> omnigraph::error::Result<omnigraph::IndexCoverage>	public_signature	column	retain	physical_storage	retain exact physical execution API	none	omnigraph-vocabulary-guard::public_rust_inventory_matches	The parameter or field describes a backing Lance dataset column or persisted physical row count.
2	public_rust:omnigraph-engine:19b7f1a155cea5a636471facf54958dbd5a58f59749e8ffdeaa11474e4fc6657:rows:1:1	public_rust	crates/omnigraph/Cargo.toml	pub omnigraph::instrumentation::QueryIoProbes::candidate_rows_examined: alloc::sync::Arc<core::sync::atomic::AtomicU64>	public_signature	rows	retain	physical_storage	retain exact physical execution API	none	omnigraph-vocabulary-guard::public_rust_inventory_matches	The symbol refers to a physical scanner, manifest row, execution counter, or backing-store hook.
2	public_rust:omnigraph-engine:242d25727dcdfd6f4ee5221fc92e7d8c9f7db632d8e52f4356c098f98ad9e91c:TABLE:1:1	public_rust	crates/omnigraph/Cargo.toml	pub const omnigraph::failpoints::names::INIT_TABLE_CREATE_ACK_LOST: &str	public_signature	TABLE	retain	physical_storage	retain exact physical failpoint name	none	omnigraph-vocabulary-guard::public_rust_inventory_matches	The exported failpoint names an internal backing-dataset effect boundary.
2	public_rust:omnigraph-engine:34f5d948b5069130b51b4393505f8620473aa107bd5ff85fa7f338831c94dd20:rows:1:1	public_rust	crates/omnigraph/Cargo.toml	pub omnigraph::instrumentation::MergeWriteProbes::ordered_cursor_batch_rows: alloc::sync::Arc<core::sync::atomic::AtomicU64>	public_signature	rows	retain	physical_storage	retain exact physical execution API	none	omnigraph-vocabulary-guard::public_rust_inventory_matches	The symbol refers to a physical scanner, manifest row, execution counter, or backing-store hook.
2	public_rust:omnigraph-engine:3fa08f31a6874e00c7c736d699247043fb125a878781a45cc5bbe89fd13c3fa2:TABLE:1:1	public_rust	crates/omnigraph/Cargo.toml	pub const omnigraph::failpoints::names::CHANGE_FEED_PRE_TABLE_OPEN: &str	public_signature	TABLE	retain	physical_storage	retain exact physical failpoint name	none	omnigraph-vocabulary-guard::public_rust_inventory_matches	The exported failpoint names an internal backing-dataset effect boundary.
2	public_rust:omnigraph-engine:46e91ab5df1999a0e14f52acd61b837b1a52fea5aefbe6ab80c9352eea4e3184:rows:1:1	public_rust	crates/omnigraph/Cargo.toml	pub omnigraph::instrumentation::MergeWriteProbes::stage_merge_insert_rows: alloc::sync::Arc<core::sync::atomic::AtomicU64>	public_signature	rows	retain	physical_storage	retain exact physical execution API	none	omnigraph-vocabulary-guard::public_rust_inventory_matches	The symbol refers to a physical scanner, manifest row, execution counter, or backing-store hook.
2	public_rust:omnigraph-engine:4b45bfb4089368a7d5411245ed27053a62e03728e02adbdb7001fdb62ddc6d0c:rows:1:1	public_rust	crates/omnigraph/Cargo.toml	pub fn omnigraph::instrumentation::MergeWriteProbes::ordered_cursor_batch_rows(&self) -> u64	public_signature	rows	retain	physical_storage	retain exact physical execution API	none	omnigraph-vocabulary-guard::public_rust_inventory_matches	The symbol refers to a physical scanner, manifest row, execution counter, or backing-store hook.
2	public_rust:omnigraph-engine:4b5a125079d936731e2ec14036b60576f70cf5c2a5d9217baf0ff3195b9059bc:SIDECAR:1:1	public_rust	crates/omnigraph/Cargo.toml	pub const omnigraph::failpoints::names::MUTATION_POST_SIDECAR_PRE_FORK: &str	public_signature	SIDECAR	retain	physical_storage	retain accurate recovery-storage symbol	none	omnigraph-vocabulary-guard::public_rust_inventory_matches	Sidecar names identify durable recovery artifacts or their failpoint boundaries.
2	public_rust:omnigraph-engine:5dfd7df1c4bb8288dfb3ea65ec414f5930173c22e435882a7f2dd0304d881400:rows:1:1	public_rust	crates/omnigraph/Cargo.toml	pub async fn omnigraph::db::manifest::SnapshotDataset::count_rows(&self, filter: core::option::Option<alloc::string::String>) -> omnigraph::error::Result<usize>	public_signature	rows	retain	physical_storage	retain exact physical execution API	none	omnigraph-vocabulary-guard::public_rust_inventory_matches	The parameter or field describes a backing Lance dataset column or persisted physical row count.
2	public_rust:omnigraph-engine:5dfd7df1c4bb8288dfb3ea65ec414f5930173c22e435882a7f2dd0304d881400:rows:2:1	public_rust	crates/omnigraph/Cargo.toml	pub async fn omnigraph::db::manifest::SnapshotDataset::count_rows(&self, filter: core::option::Option<alloc::string::String>) -> omnigraph::error::Result<usize>	public_signature	rows	retain	physical_storage	retain exact physical execution API	none	omnigraph-vocabulary-guard::public_rust_inventory_matches	The parameter or field describes a backing Lance dataset column or persisted physical row count.
2	public_rust:omnigraph-engine:67eb09b909a031c2ab8a6fc236af1c885e1bd217e780fd1697cf32cafda9fa4a:row:1:1	public_rust	crates/omnigraph/Cargo.toml	pub fn omnigraph::db::manifest::SnapshotScanner::with_row_id(&mut self) -> &mut Self	public_signature	row	retain	physical_storage	retain exact physical execution API	none	omnigraph-vocabulary-guard::public_rust_inventory_matches	The symbol refers to a physical scanner, manifest row, execution counter, or backing-store hook.
2	public_rust:omnigraph-engine:67eb09b909a031c2ab8a6fc236af1c885e1bd217e780fd1697cf32cafda9fa4a:row:2:1	public_rust	crates/omnigraph/Cargo.toml	pub fn omnigraph::db::manifest::SnapshotScanner::with_row_id(&mut self) -> &mut Self	public_signature	row	retain	physical_storage	retain exact physical execution API	none	omnigraph-vocabulary-guard::public_rust_inventory_matches	The symbol refers to a physical scanner, manifest row, execution counter, or backing-store hook.
2	public_rust:omnigraph-engine:69bc4c5c9a17f59a11f14908cca3f27963994218b820b28bf318ee71e9e12cef:Row:1:1	public_rust	crates/omnigraph/Cargo.toml	pub omnigraph::error::ManifestConflictDetails::RowLevelCasContention	public_signature	Row	retain	physical_storage	retain exact physical execution API	none	omnigraph-vocabulary-guard::public_rust_inventory_matches	The symbol refers to a physical scanner, manifest row, execution counter, or backing-store hook.
2	public_rust:omnigraph-engine:6a3f5498e95f931240dee3fd0206826bff8ad59a21aa88c1cb868988ef279f98:TABLE:1:1	public_rust	crates/omnigraph/Cargo.toml	pub const omnigraph::failpoints::names::RECOVERY_POST_TABLE_RESTORE_PRE_PUBLISH: &str	public_signature	TABLE	retain	physical_storage	retain exact physical failpoint name	none	omnigraph-vocabulary-guard::public_rust_inventory_matches	The exported failpoint names an internal backing-dataset effect boundary.
2	public_rust:omnigraph-engine:707df5ce587b6230e46594bcbd56a6bf53af9bbc5cfc7fc4660661ad7e19f328:TABLE:1:1	public_rust	crates/omnigraph/Cargo.toml	pub const omnigraph::failpoints::names::BRANCH_DELETE_POST_TABLE_GATES: &str	public_signature	TABLE	retain	physical_storage	retain exact physical failpoint name	none	omnigraph-vocabulary-guard::public_rust_inventory_matches	The exported failpoint names an internal backing-dataset effect boundary.
2	public_rust:omnigraph-engine:74bbbec0e92fea105d49b3398aa8150dd60b03a9b96db534cd9c25f139fd0f9c:TABLE:1:1	public_rust	crates/omnigraph/Cargo.toml	pub const omnigraph::failpoints::names::MUTATION_POST_TABLE_COMMIT: &str	public_signature	TABLE	retain	physical_storage	retain exact physical failpoint name	none	omnigraph-vocabulary-guard::public_rust_inventory_matches	The exported failpoint names an internal backing-dataset effect boundary.
2	public_rust:omnigraph-engine:8b0b104018c1f633a5139bf1e57c950dac499fa39d04736a8f8147fa26e9fd72:rows:1:1	public_rust	crates/omnigraph/Cargo.toml	pub omnigraph::instrumentation::QueryIoProbes::candidate_scan_target_rows_peak: alloc::sync::Arc<core::sync::atomic::AtomicU64>	public_signature	rows	retain	physical_storage	retain exact physical execution API	none	omnigraph-vocabulary-guard::public_rust_inventory_matches	The symbol refers to a physical scanner, manifest row, execution counter, or backing-store hook.
2	public_rust:omnigraph-engine:8e7b9c358276c87d5b1a6320dc6738b69af35e7e7ed540f127ee5eb195c40dbd:table:1:1	public_rust	crates/omnigraph/Cargo.toml	pub omnigraph::instrumentation::QueryIoProbes::table_wrapper: core::option::Option<alloc::sync::Arc<dyn lance_io::object_store::WrappingObjectStore>>	public_signature	table	retain	physical_storage	retain exact physical execution API	none	omnigraph-vocabulary-guard::public_rust_inventory_matches	The symbol refers to a physical scanner, manifest row, execution counter, or backing-store hook.
2	public_rust:omnigraph-engine:941854de670442d85d8da1e7443b876441519de07a731c912861c4a37d20d906:SIDECAR:1:1	public_rust	crates/omnigraph/Cargo.toml	pub const omnigraph::failpoints::names::RECOVERY_POST_SIDECAR_LIST_PRE_READ: &str	public_signature	SIDECAR	retain	physical_storage	retain accurate recovery-storage symbol	none	omnigraph-vocabulary-guard::public_rust_inventory_matches	Sidecar names identify durable recovery artifacts or their failpoint boundaries.
2	public_rust:omnigraph-engine:94e906e27d7b2c45a84f2c93d63c6092287dc7e47916f5987033c185d531cfbd:SIDECAR:1:1	public_rust	crates/omnigraph/Cargo.toml	pub const omnigraph::failpoints::names::RECOVERY_SIDECAR_LIST: &str	public_signature	SIDECAR	retain	physical_storage	retain accurate recovery-storage symbol	none	omnigraph-vocabulary-guard::public_rust_inventory_matches	Sidecar names identify durable recovery artifacts or their failpoint boundaries.
2	public_rust:omnigraph-engine:9ae68686d8d0796f39f054e93358286eea774f979da20bacd4984fe756518833:rows:1:1	public_rust	crates/omnigraph/Cargo.toml	pub omnigraph::instrumentation::MergeWriteProbes::stage_fenced_insert_rows: alloc::sync::Arc<core::sync::atomic::AtomicU64>	public_signature	rows	retain	physical_storage	retain exact physical execution API	none	omnigraph-vocabulary-guard::public_rust_inventory_matches	The symbol refers to a physical scanner, manifest row, execution counter, or backing-store hook.
2	public_rust:omnigraph-engine:a1329b86559d80ff6edca558cbcd3e52f56aeb1124de03f0035787488b6089dc:TABLE:1:1	public_rust	crates/omnigraph/Cargo.toml	pub const omnigraph::failpoints::names::ENSURE_INDICES_POST_TABLE_EFFECT: &str	public_signature	TABLE	retain	physical_storage	retain exact physical failpoint name	none	omnigraph-vocabulary-guard::public_rust_inventory_matches	The exported failpoint names an internal backing-dataset effect boundary.
2	public_rust:omnigraph-engine:adfec0b995137faa8264421f1d6bc9ac45f5bd8a83cbd9d5fac6f7ed6673f8b9:table:1:1	public_rust	crates/omnigraph/Cargo.toml	pub async fn omnigraph::db::manifest::SnapshotDataset::load_indices(&self) -> omnigraph::error::Result<alloc::sync::Arc<alloc::vec::Vec<lance_table::format::index::IndexMetadata>>>	public_signature	table	retain	upstream_name	retain exact upstream API name	none	omnigraph-vocabulary-guard::public_rust_inventory_matches	The signature cites the pinned Lance crate namespace verbatim.
2	public_rust:omnigraph-engine:adfec0b995137faa8264421f1d6bc9ac45f5bd8a83cbd9d5fac6f7ed6673f8b9:table:2:1	public_rust	crates/omnigraph/Cargo.toml	pub async fn omnigraph::db::manifest::SnapshotDataset::load_indices(&self) -> omnigraph::error::Result<alloc::sync::Arc<alloc::vec::Vec<lance_table::format::index::IndexMetadata>>>	public_signature	table	retain	upstream_name	retain exact upstream API name	none	omnigraph-vocabulary-guard::public_rust_inventory_matches	The signature cites the pinned Lance crate namespace verbatim.
2	public_rust:omnigraph-engine:afb9f662da8834a972e3f73a94736834eaa1ef8becf7e971f2731ebfa4b976d6:rows:1:1	public_rust	crates/omnigraph/Cargo.toml	pub fn omnigraph::instrumentation::MergeWriteProbes::stage_fenced_insert_rows(&self) -> u64	public_signature	rows	retain	physical_storage	retain exact physical execution API	none	omnigraph-vocabulary-guard::public_rust_inventory_matches	The symbol refers to a physical scanner, manifest row, execution counter, or backing-store hook.
2	public_rust:omnigraph-engine:b833ff11f5efcb5e03fbae2e9660aaed9cf1edfd48929aea0f0dedd00c05cb1f:SIDECAR:1:1	public_rust	crates/omnigraph/Cargo.toml	pub const omnigraph::failpoints::names::SCHEMA_APPLY_POST_SIDECAR_PRE_EFFECT: &str	public_signature	SIDECAR	retain	physical_storage	retain accurate recovery-storage symbol	none	omnigraph-vocabulary-guard::public_rust_inventory_matches	Sidecar names identify durable recovery artifacts or their failpoint boundaries.
2	public_rust:omnigraph-engine:be707f2de6250bb4f92e513ac9b72e8c2caa6a3be56638efaa894cb6db668fbb:rows:1:1	public_rust	crates/omnigraph/Cargo.toml	pub fn omnigraph::instrumentation::MergeWriteProbes::stage_append_rows(&self) -> u64	public_signature	rows	retain	physical_storage	retain exact physical execution API	none	omnigraph-vocabulary-guard::public_rust_inventory_matches	The symbol refers to a physical scanner, manifest row, execution counter, or backing-store hook.
2	public_rust:omnigraph-engine:c8865b821a0cb8ab15973f1ebb2f6d32dde56edf2b5152a6faee9e2d49a6b82c:TABLE:1:1	public_rust	crates/omnigraph/Cargo.toml	pub const omnigraph::failpoints::names::CLEANUP_TABLE_GC: &str	public_signature	TABLE	retain	physical_storage	retain exact physical failpoint name	none	omnigraph-vocabulary-guard::public_rust_inventory_matches	The exported failpoint names an internal backing-dataset effect boundary.
2	public_rust:omnigraph-engine:d8dff8fc4f99adee0f1171c09626be763ed7b0d36468b07e54fabca87ac8c682:rows:1:1	public_rust	crates/omnigraph/Cargo.toml	pub fn omnigraph::instrumentation::MergeWriteProbes::stage_known_present_update_rows(&self) -> u64	public_signature	rows	retain	physical_storage	retain exact physical execution API	none	omnigraph-vocabulary-guard::public_rust_inventory_matches	The symbol refers to a physical scanner, manifest row, execution counter, or backing-store hook.
2	public_rust:omnigraph-engine:d917b5f0880b641bbd41c8568cbb23f545f06c3e72f8e2ec111f3bd76fc3ccdf:rows:1:1	public_rust	crates/omnigraph/Cargo.toml	pub omnigraph::instrumentation::MergeWriteProbes::stage_known_present_update_rows: alloc::sync::Arc<core::sync::atomic::AtomicU64>	public_signature	rows	retain	physical_storage	retain exact physical execution API	none	omnigraph-vocabulary-guard::public_rust_inventory_matches	The symbol refers to a physical scanner, manifest row, execution counter, or backing-store hook.
2	public_rust:omnigraph-engine:da8044b0303cd1359736bcd404e71abb61b8c1fcb37da7356d92329a6cc614aa:row:1:1	public_rust	crates/omnigraph/Cargo.toml	pub fn omnigraph::error::OmniError::manifest_row_level_cas_contention(message: impl core::convert::Into<alloc::string::String>) -> Self	public_signature	row	retain	physical_storage	retain exact physical execution API	none	omnigraph-vocabulary-guard::public_rust_inventory_matches	The symbol refers to a physical scanner, manifest row, execution counter, or backing-store hook.
2	public_rust:omnigraph-engine:e640673945c9a07424b29790b51d5a5e75b235f7d5b598a5d54ef5b284bc7472:TABLE:1:1	public_rust	crates/omnigraph/Cargo.toml	pub const omnigraph::failpoints::names::BRANCH_DELETE_BEFORE_TABLE_CLEANUP: &str	public_signature	TABLE	retain	physical_storage	retain exact physical failpoint name	none	omnigraph-vocabulary-guard::public_rust_inventory_matches	The exported failpoint names an internal backing-dataset effect boundary.
2	public_rust:omnigraph-engine:e9bfeffe624d8f29cf36d2d94ab363319e388d45b77bcf13f2cb22765f04a275:rows:1:1	public_rust	crates/omnigraph/Cargo.toml	pub omnigraph::instrumentation::MergeWriteProbes::stage_append_rows: alloc::sync::Arc<core::sync::atomic::AtomicU64>	public_signature	rows	retain	physical_storage	retain exact physical execution API	none	omnigraph-vocabulary-guard::public_rust_inventory_matches	The symbol refers to a physical scanner, manifest row, execution counter, or backing-store hook.
2	public_rust:omnigraph-engine:ef0b630a38552ca796ad3f4445ec9180b58a1083f13cb76a27903d9e74200b6a:column:1:1	public_rust	crates/omnigraph/Cargo.toml	pub async fn omnigraph::db::manifest::SnapshotDataset::has_fts_index(&self, column: &str) -> omnigraph::error::Result<bool>	public_signature	column	retain	physical_storage	retain exact physical execution API	none	omnigraph-vocabulary-guard::public_rust_inventory_matches	The parameter or field describes a backing Lance dataset column or persisted physical row count.
2	public_rust:omnigraph-engine:ef0b630a38552ca796ad3f4445ec9180b58a1083f13cb76a27903d9e74200b6a:column:2:1	public_rust	crates/omnigraph/Cargo.toml	pub async fn omnigraph::db::manifest::SnapshotDataset::has_fts_index(&self, column: &str) -> omnigraph::error::Result<bool>	public_signature	column	retain	physical_storage	retain exact physical execution API	none	omnigraph-vocabulary-guard::public_rust_inventory_matches	The parameter or field describes a backing Lance dataset column or persisted physical row count.
2	public_rust:omnigraph-engine:ef6000e8b5d88f7a157947ff6beca6088174ae944d0a8e2f76752e34199143df:columns:1:1	public_rust	crates/omnigraph/Cargo.toml	pub fn omnigraph::db::manifest::SnapshotScanner::project<T: core::convert::AsRef<str>>(&mut self, columns: &[T]) -> omnigraph::error::Result<&mut Self>	public_signature	columns	retain	physical_storage	retain exact physical execution API	none	omnigraph-vocabulary-guard::public_rust_inventory_matches	The symbol refers to a physical scanner, manifest row, execution counter, or backing-store hook.
2	public_rust:omnigraph-engine:ef6000e8b5d88f7a157947ff6beca6088174ae944d0a8e2f76752e34199143df:columns:2:1	public_rust	crates/omnigraph/Cargo.toml	pub fn omnigraph::db::manifest::SnapshotScanner::project<T: core::convert::AsRef<str>>(&mut self, columns: &[T]) -> omnigraph::error::Result<&mut Self>	public_signature	columns	retain	physical_storage	retain exact physical execution API	none	omnigraph-vocabulary-guard::public_rust_inventory_matches	The symbol refers to a physical scanner, manifest row, execution counter, or backing-store hook.
2	public_rust:omnigraph-engine:f19bd5957f3ad01a50c9db6eaaa4596ed87cfa43edd246a0a2b7abcb57a6f9fc:SIDECAR:1:1	public_rust	crates/omnigraph/Cargo.toml	pub const omnigraph::failpoints::names::RECOVERY_SIDECAR_DELETE: &str	public_signature	SIDECAR	retain	physical_storage	retain accurate recovery-storage symbol	none	omnigraph-vocabulary-guard::public_rust_inventory_matches	Sidecar names identify durable recovery artifacts or their failpoint boundaries.
2	public_rust:omnigraph-engine:f3e563e50da1e5de206ec7fb74927686daa787951871a77bd256b708147cdb8b:TABLE:1:1	public_rust	crates/omnigraph/Cargo.toml	pub const omnigraph::failpoints::names::SCHEMA_APPLY_POST_TABLE_COMMIT: &str	public_signature	TABLE	retain	physical_storage	retain exact physical failpoint name	none	omnigraph-vocabulary-guard::public_rust_inventory_matches	The exported failpoint names an internal backing-dataset effect boundary.
2	public_rust:omnigraph-engine:fc1ededd2c7b0157e80fb2f33eb369b1a099ead0237c312ce61afb8181ca8bba:rows:1:1	public_rust	crates/omnigraph/Cargo.toml	pub fn omnigraph::instrumentation::MergeWriteProbes::stage_merge_insert_rows(&self) -> u64	public_signature	rows	retain	physical_storage	retain exact physical execution API	none	omnigraph-vocabulary-guard::public_rust_inventory_matches	The symbol refers to a physical scanner, manifest row, execution counter, or backing-store hook.
2	rust_string:crates%2Fomnigraph%2Fsrc%2Fblob.rs:%3Cmodule%3E%3A%3Afn%20resolve_blob_cell:error_constructor:58b9ff16511cc0c49a54f62fb6e6e72b1616624b909e25ad1929e4a0c31bf448:table:1:1	rust_string	crates/omnigraph/src/blob.rs	<module>::fn resolve_blob_cell :: error_constructor :: 58b9ff16511cc0c49a54f62fb6e6e72b1616624b909e25ad1929e4a0c31bf448 #1	error_constructor	table	table	physical_storage	retain accurate physical/storage terminology	none	omnigraph-engine owning tests plus G2 guard	Reviewed as accurate Lance, Arrow, manifest, recovery, or physical execution terminology.
2	rust_string:crates%2Fomnigraph%2Fsrc%2Fblob.rs:%3Cmodule%3E%3A%3Aimpl%20Omnigraph%3A%3Afn%20read_blob_at:error_constructor:1c67291160b2adc04556dbe321a032fc9375f7c63356544c442e878375731571:row:1:1	rust_string	crates/omnigraph/src/blob.rs	<module>::impl Omnigraph::fn read_blob_at :: error_constructor :: 1c67291160b2adc04556dbe321a032fc9375f7c63356544c442e878375731571 #1	error_constructor	row	row	physical_storage	retain accurate physical/storage terminology	none	omnigraph-engine owning tests plus G2 guard	Reviewed as accurate Lance, Arrow, manifest, recovery, or physical execution terminology.
2	rust_string:crates%2Fomnigraph%2Fsrc%2Fblob.rs:%3Cmodule%3E%3A%3Aimpl%20Omnigraph%3A%3Afn%20read_blob_at:error_constructor:4012c881aa26714d8a3355f00fb8012e96485e0714c412fde195da7d13f8b468:row:1:1	rust_string	crates/omnigraph/src/blob.rs	<module>::impl Omnigraph::fn read_blob_at :: error_constructor :: 4012c881aa26714d8a3355f00fb8012e96485e0714c412fde195da7d13f8b468 #1	error_constructor	row	row	physical_storage	retain accurate physical/storage terminology	none	omnigraph-engine owning tests plus G2 guard	Reviewed as accurate Lance, Arrow, manifest, recovery, or physical execution terminology.
2	rust_string:crates%2Fomnigraph%2Fsrc%2Fblob.rs:%3Cmodule%3E%3A%3Aimpl%20Omnigraph%3A%3Afn%20read_blob_at:error_constructor:755216c1043784f11d0f2e4eb0061d37e4ea3e8183962675428b4ee06e268409:row:1:1	rust_string	crates/omnigraph/src/blob.rs	<module>::impl Omnigraph::fn read_blob_at :: error_constructor :: 755216c1043784f11d0f2e4eb0061d37e4ea3e8183962675428b4ee06e268409 #1	error_constructor	row	row	physical_storage	retain accurate physical/storage terminology	none	omnigraph-engine owning tests plus G2 guard	Reviewed as accurate Lance, Arrow, manifest, recovery, or physical execution terminology.
2	rust_string:crates%2Fomnigraph%2Fsrc%2Fblob.rs:%3Cmodule%3E%3A%3Astruct%20BlobEtag:rustdoc:2fb6853f38341f9acbcb3a2db0063eced906356081b1cf533ddac1e4eb9c79fb:table:1:1	rust_string	crates/omnigraph/src/blob.rs	<module>::struct BlobEtag :: rustdoc :: 2fb6853f38341f9acbcb3a2db0063eced906356081b1cf533ddac1e4eb9c79fb #1	rustdoc	table	table	physical_storage	retain accurate physical/storage terminology	none	omnigraph-engine owning tests plus G2 guard	Reviewed as accurate Lance, Arrow, manifest, recovery, or physical execution terminology.
2	rust_string:crates%2Fomnigraph%2Fsrc%2Fchanges%2Fcandidate_scan.rs:%3Cmodule%3E:rustdoc:1da8d623d16a86f4552c20e1e4147e7a913cf297e4d741ec1b2ef68adb7d2b27:Rows:1:1	rust_string	crates/omnigraph/src/changes/candidate_scan.rs	<module> :: rustdoc :: 1da8d623d16a86f4552c20e1e4147e7a913cf297e4d741ec1b2ef68adb7d2b27 #1	rustdoc	Rows	Rows	physical_storage	retain accurate physical/storage terminology	none	omnigraph-engine owning tests plus G2 guard	Reviewed as accurate Lance, Arrow, manifest, recovery, or physical execution terminology.
2	rust_string:crates%2Fomnigraph%2Fsrc%2Fchanges%2Fcandidate_scan.rs:%3Cmodule%3E:rustdoc:1fd2876e9cd816c4671b09bf44905226bcdb54e1a7045d9f1c77f5e666ab5f08:Rows:1:1	rust_string	crates/omnigraph/src/changes/candidate_scan.rs	<module> :: rustdoc :: 1fd2876e9cd816c4671b09bf44905226bcdb54e1a7045d9f1c77f5e666ab5f08 #1	rustdoc	Rows	Rows	physical_storage	retain accurate physical/storage terminology	none	omnigraph-engine owning tests plus G2 guard	Reviewed as accurate Lance, Arrow, manifest, recovery, or physical execution terminology.
2	rust_string:crates%2Fomnigraph%2Fsrc%2Fchanges%2Fcandidate_scan.rs:%3Cmodule%3E:rustdoc:1fd2876e9cd816c4671b09bf44905226bcdb54e1a7045d9f1c77f5e666ab5f08:row:1:1	rust_string	crates/omnigraph/src/changes/candidate_scan.rs	<module> :: rustdoc :: 1fd2876e9cd816c4671b09bf44905226bcdb54e1a7045d9f1c77f5e666ab5f08 #1	rustdoc	row	row	physical_storage	retain accurate physical/storage terminology	none	omnigraph-engine owning tests plus G2 guard	Reviewed as accurate Lance, Arrow, manifest, recovery, or physical execution terminology.
2	rust_string:crates%2Fomnigraph%2Fsrc%2Fchanges%2Fcandidate_scan.rs:%3Cmodule%3E:rustdoc:615d0b4fe585f0edd4a9ff6a09a4d61085bca1e042c44cf1b0efd393555cd85c:rows:1:1	rust_string	crates/omnigraph/src/changes/candidate_scan.rs	<module> :: rustdoc :: 615d0b4fe585f0edd4a9ff6a09a4d61085bca1e042c44cf1b0efd393555cd85c #1	rustdoc	rows	rows	physical_storage	retain accurate physical/storage terminology	none	omnigraph-engine owning tests plus G2 guard	Reviewed as accurate Lance, Arrow, manifest, recovery, or physical execution terminology.
2	rust_string:crates%2Fomnigraph%2Fsrc%2Fchanges%2Fcandidate_scan.rs:%3Cmodule%3E:rustdoc:839b7c976901eff2e5adceadb3939984b31aba81df5629b7a2cbc0c144480931:row:1:1	rust_string	crates/omnigraph/src/changes/candidate_scan.rs	<module> :: rustdoc :: 839b7c976901eff2e5adceadb3939984b31aba81df5629b7a2cbc0c144480931 #1	rustdoc	row	row	physical_storage	retain accurate physical/storage terminology	none	omnigraph-engine owning tests plus G2 guard	Reviewed as accurate Lance, Arrow, manifest, recovery, or physical execution terminology.
2	rust_string:crates%2Fomnigraph%2Fsrc%2Fchanges%2Fcandidate_scan.rs:%3Cmodule%3E:rustdoc:86e981b16dbec56c6ca2cb1b747d982a8827ed32d6eedeab37492af56b248490:row:1:1	rust_string	crates/omnigraph/src/changes/candidate_scan.rs	<module> :: rustdoc :: 86e981b16dbec56c6ca2cb1b747d982a8827ed32d6eedeab37492af56b248490 #1	rustdoc	row	row	physical_storage	retain accurate physical/storage terminology	none	omnigraph-engine owning tests plus G2 guard	Reviewed as accurate Lance, Arrow, manifest, recovery, or physical execution terminology.
2	rust_string:crates%2Fomnigraph%2Fsrc%2Fchanges%2Fcandidate_scan.rs:%3Cmodule%3E:rustdoc:aefb3cf837246e304afabf952a4059ce2a0ff20fb750ab07fdd08b960343aee3:rows:1:1	rust_string	crates/omnigraph/src/changes/candidate_scan.rs	<module> :: rustdoc :: aefb3cf837246e304afabf952a4059ce2a0ff20fb750ab07fdd08b960343aee3 #1	rustdoc	rows	rows	physical_storage	retain accurate physical/storage terminology	none	omnigraph-engine owning tests plus G2 guard	Reviewed as accurate Lance, Arrow, manifest, recovery, or physical execution terminology.
2	rust_string:crates%2Fomnigraph%2Fsrc%2Fchanges%2Fcandidate_scan.rs:%3Cmodule%3E:rustdoc:cce19026b5f1b261cdd730b75f8530dd510488e68452c556a534f2e7960e246e:row:1:1	rust_string	crates/omnigraph/src/changes/candidate_scan.rs	<module> :: rustdoc :: cce19026b5f1b261cdd730b75f8530dd510488e68452c556a534f2e7960e246e #1	rustdoc	row	row	physical_storage	retain accurate physical/storage terminology	none	omnigraph-engine owning tests plus G2 guard	Reviewed as accurate Lance, Arrow, manifest, recovery, or physical execution terminology.
2	rust_string:crates%2Fomnigraph%2Fsrc%2Fchanges%2Fcandidate_scan.rs:%3Cmodule%3E:rustdoc:dbaf08f1fb99a23179ea281525163cde6c9c301e70ec97daaa67c2be674f8b78:row:1:1	rust_string	crates/omnigraph/src/changes/candidate_scan.rs	<module> :: rustdoc :: dbaf08f1fb99a23179ea281525163cde6c9c301e70ec97daaa67c2be674f8b78 #1	rustdoc	row	row	physical_storage	retain accurate physical/storage terminology	none	omnigraph-engine owning tests plus G2 guard	Reviewed as accurate Lance, Arrow, manifest, recovery, or physical execution terminology.
2	rust_string:crates%2Fomnigraph%2Fsrc%2Fchanges%2Fenumerate.rs:%3Cmodule%3E%3A%3Afn%20reprove_named_branch_heads:error_constructor:b8799d8146635c609d1b758ecf5cb581be45e1cf43571df2bbe16d5797aa0f94:table:1:1	rust_string	crates/omnigraph/src/changes/enumerate.rs	<module>::fn reprove_named_branch_heads :: error_constructor :: b8799d8146635c609d1b758ecf5cb581be45e1cf43571df2bbe16d5797aa0f94 #1	error_constructor	table	table	physical_storage	retain accurate physical/storage terminology	none	omnigraph-engine owning tests plus G2 guard	Reviewed as accurate Lance, Arrow, manifest, recovery, or physical execution terminology.
2	rust_string:crates%2Fomnigraph%2Fsrc%2Fchanges%2Fenumerate.rs:%3Cmodule%3E:rustdoc:5f0f709d193c9b10647df754c1c7d182d483387a765047ecafb6aaf8d27e8564:columns:1:1	rust_string	crates/omnigraph/src/changes/enumerate.rs	<module> :: rustdoc :: 5f0f709d193c9b10647df754c1c7d182d483387a765047ecafb6aaf8d27e8564 #1	rustdoc	columns	columns	physical_storage	retain accurate physical/storage terminology	none	omnigraph-engine owning tests plus G2 guard	Reviewed as accurate Lance, Arrow, manifest, recovery, or physical execution terminology.
2	rust_string:crates%2Fomnigraph%2Fsrc%2Fchanges%2Fenumerate.rs:%3Cmodule%3E:rustdoc:e7e44d205e5a560e6a025cc9db4e98111c0279b9d0375e392329f0a8d76ab7d3:table:1:1	rust_string	crates/omnigraph/src/changes/enumerate.rs	<module> :: rustdoc :: e7e44d205e5a560e6a025cc9db4e98111c0279b9d0375e392329f0a8d76ab7d3 #1	rustdoc	table	table	physical_storage	retain accurate physical/storage terminology	none	omnigraph-engine owning tests plus G2 guard	Reviewed as accurate Lance, Arrow, manifest, recovery, or physical execution terminology.
2	rust_string:crates%2Fomnigraph%2Fsrc%2Fchanges%2Fmodel.rs:%3Cmodule%3E:rustdoc:e804c4b033d09c66577e0e0e1ac6e7091f00718e5113597c6caa3b780bb8a915:row:1:1	rust_string	crates/omnigraph/src/changes/model.rs	<module> :: rustdoc :: e804c4b033d09c66577e0e0e1ac6e7091f00718e5113597c6caa3b780bb8a915 #1	rustdoc	row	row	physical_storage	retain accurate physical/storage terminology	none	omnigraph-engine owning tests plus G2 guard	Reviewed as accurate Lance, Arrow, manifest, recovery, or physical execution terminology.
2	rust_string:crates%2Fomnigraph%2Fsrc%2Fchanges%2Fmodel.rs:%3Cmodule%3E:rustdoc:e804c4b033d09c66577e0e0e1ac6e7091f00718e5113597c6caa3b780bb8a915:table:1:1	rust_string	crates/omnigraph/src/changes/model.rs	<module> :: rustdoc :: e804c4b033d09c66577e0e0e1ac6e7091f00718e5113597c6caa3b780bb8a915 #1	rustdoc	table	table	physical_storage	retain accurate physical/storage terminology	none	omnigraph-engine owning tests plus G2 guard	Reviewed as accurate Lance, Arrow, manifest, recovery, or physical execution terminology.
2	rust_string:crates%2Fomnigraph%2Fsrc%2Fchanges%2Frow_compare.rs:%3Cmodule%3E%3A%3Afn%20blob_values_for:error_constructor:9105d269e339a795cb324502455cbe9819558467f5a233b9367c75cdbf6283dc:row:1:1	rust_string	crates/omnigraph/src/changes/row_compare.rs	<module>::fn blob_values_for :: error_constructor :: 9105d269e339a795cb324502455cbe9819558467f5a233b9367c75cdbf6283dc #1	error_constructor	row	row	physical_storage	retain accurate physical/storage terminology	none	omnigraph-engine owning tests plus G2 guard	Reviewed as accurate Lance, Arrow, manifest, recovery, or physical execution terminology.
2	rust_string:crates%2Fomnigraph%2Fsrc%2Fchanges%2Frow_compare.rs:%3Cmodule%3E%3A%3Afn%20rows_equal:error_constructor:12e03a6522e97e7178a996f86a4b0e727397725dab59079027eeca4eefa6de35:column:1:1	rust_string	crates/omnigraph/src/changes/row_compare.rs	<module>::fn rows_equal :: error_constructor :: 12e03a6522e97e7178a996f86a4b0e727397725dab59079027eeca4eefa6de35 #1	error_constructor	column	column	physical_storage	retain accurate physical/storage terminology	none	omnigraph-engine owning tests plus G2 guard	Reviewed as accurate Lance, Arrow, manifest, recovery, or physical execution terminology.
2	rust_string:crates%2Fomnigraph%2Fsrc%2Fchanges%2Frow_compare.rs:%3Cmodule%3E%3A%3Afn%20rows_equal:error_constructor:12e03a6522e97e7178a996f86a4b0e727397725dab59079027eeca4eefa6de35:row:1:1	rust_string	crates/omnigraph/src/changes/row_compare.rs	<module>::fn rows_equal :: error_constructor :: 12e03a6522e97e7178a996f86a4b0e727397725dab59079027eeca4eefa6de35 #1	error_constructor	row	row	physical_storage	retain accurate physical/storage terminology	none	omnigraph-engine owning tests plus G2 guard	Reviewed as accurate Lance, Arrow, manifest, recovery, or physical execution terminology.
2	rust_string:crates%2Fomnigraph%2Fsrc%2Fchanges%2Frow_compare.rs:%3Cmodule%3E%3A%3Aimpl%20BatchCursor%3A%3Afn%20try_new:error_constructor:15a6fb48e432ed40ee6e2b945d259531c18a5fce6495aab40d8b513d11f03af2:column:1:1	rust_string	crates/omnigraph/src/changes/row_compare.rs	<module>::impl BatchCursor::fn try_new :: error_constructor :: 15a6fb48e432ed40ee6e2b945d259531c18a5fce6495aab40d8b513d11f03af2 #1	error_constructor	column	column	physical_storage	retain accurate physical/storage terminology	none	omnigraph-engine owning tests plus G2 guard	Reviewed as accurate Lance, Arrow, manifest, recovery, or physical execution terminology.
2	rust_string:crates%2Fomnigraph%2Fsrc%2Fchanges%2Frow_compare.rs:%3Cmodule%3E%3A%3Aimpl%20BatchCursor%3A%3Afn%20try_new:error_constructor:b5b584c2c9397fefc2c820b44dcdb16a825609b54761b099bd6affb0c1fedaea:row:1:1	rust_string	crates/omnigraph/src/changes/row_compare.rs	<module>::impl BatchCursor::fn try_new :: error_constructor :: b5b584c2c9397fefc2c820b44dcdb16a825609b54761b099bd6affb0c1fedaea #1	error_constructor	row	row	physical_storage	retain accurate physical/storage terminology	none	omnigraph-engine owning tests plus G2 guard	Reviewed as accurate Lance, Arrow, manifest, recovery, or physical execution terminology.
2	rust_string:crates%2Fomnigraph%2Fsrc%2Fchanges%2Frow_compare.rs:%3Cmodule%3E%3A%3Aimpl%20BatchCursor%3A%3Afn%20try_new:error_constructor:b5b584c2c9397fefc2c820b44dcdb16a825609b54761b099bd6affb0c1fedaea:row:2:1	rust_string	crates/omnigraph/src/changes/row_compare.rs	<module>::impl BatchCursor::fn try_new :: error_constructor :: b5b584c2c9397fefc2c820b44dcdb16a825609b54761b099bd6affb0c1fedaea #2	error_constructor	row	row	physical_storage	retain accurate physical/storage terminology	none	omnigraph-engine owning tests plus G2 guard	Reviewed as accurate Lance, Arrow, manifest, recovery, or physical execution terminology.
2	rust_string:crates%2Fomnigraph%2Fsrc%2Fchanges%2Frow_compare.rs:%3Cmodule%3E%3A%3Aimpl%20BatchCursor%3A%3Afn%20try_new:error_constructor:d7d533c1f1a78e511dd9d7bde2b6587d6bb3b7a809c336c4bc80e169f7b80ced:column:1:1	rust_string	crates/omnigraph/src/changes/row_compare.rs	<module>::impl BatchCursor::fn try_new :: error_constructor :: d7d533c1f1a78e511dd9d7bde2b6587d6bb3b7a809c336c4bc80e169f7b80ced #1	error_constructor	column	column	physical_storage	retain accurate physical/storage terminology	none	omnigraph-engine owning tests plus G2 guard	Reviewed as accurate Lance, Arrow, manifest, recovery, or physical execution terminology.
2	rust_string:crates%2Fomnigraph%2Fsrc%2Fchanges%2Frow_compare.rs:%3Cmodule%3E%3A%3Aimpl%20RawRow%3A%3Afn%20single:error_constructor:dc342d97570182ad29a1f350e34601b88799c783158e6cfcc485676adee1a8ab:row:1:1	rust_string	crates/omnigraph/src/changes/row_compare.rs	<module>::impl RawRow::fn single :: error_constructor :: dc342d97570182ad29a1f350e34601b88799c783158e6cfcc485676adee1a8ab #1	error_constructor	row	row	physical_storage	retain accurate physical/storage terminology	none	omnigraph-engine owning tests plus G2 guard	Reviewed as accurate Lance, Arrow, manifest, recovery, or physical execution terminology.
2	rust_string:crates%2Fomnigraph%2Fsrc%2Fchanges%2Frow_compare.rs:%3Cmodule%3E%3A%3Aimpl%20RawRow%3A%3Afn%20single:error_constructor:dc342d97570182ad29a1f350e34601b88799c783158e6cfcc485676adee1a8ab:row:1:2	rust_string	crates/omnigraph/src/changes/row_compare.rs	<module>::impl RawRow::fn single :: error_constructor :: dc342d97570182ad29a1f350e34601b88799c783158e6cfcc485676adee1a8ab #1	error_constructor	row	row	physical_storage	retain accurate physical/storage terminology	none	omnigraph-engine owning tests plus G2 guard	Reviewed as accurate Lance, Arrow, manifest, recovery, or physical execution terminology.
2	rust_string:crates%2Fomnigraph%2Fsrc%2Fchanges%2Frow_compare.rs:%3Cmodule%3E:rustdoc:037b5d7240a4b6465bcc1e2b4e30489a3315915344b258f820ca59d5a60ed187:row:1:1	rust_string	crates/omnigraph/src/changes/row_compare.rs	<module> :: rustdoc :: 037b5d7240a4b6465bcc1e2b4e30489a3315915344b258f820ca59d5a60ed187 #1	rustdoc	row	row	physical_storage	retain accurate physical/storage terminology	none	omnigraph-engine owning tests plus G2 guard	Reviewed as accurate Lance, Arrow, manifest, recovery, or physical execution terminology.
2	rust_string:crates%2Fomnigraph%2Fsrc%2Fchanges%2Frow_compare.rs:%3Cmodule%3E:rustdoc:1c176cc0572f8cd9f1c258bc7e4decf705e2a011a4f5b2a1d58e2c783a7ee5e1:columns:1:1	rust_string	crates/omnigraph/src/changes/row_compare.rs	<module> :: rustdoc :: 1c176cc0572f8cd9f1c258bc7e4decf705e2a011a4f5b2a1d58e2c783a7ee5e1 #1	rustdoc	columns	columns	physical_storage	retain accurate physical/storage terminology	none	omnigraph-engine owning tests plus G2 guard	Reviewed as accurate Lance, Arrow, manifest, recovery, or physical execution terminology.
2	rust_string:crates%2Fomnigraph%2Fsrc%2Fchanges%2Frow_compare.rs:%3Cmodule%3E:rustdoc:1c176cc0572f8cd9f1c258bc7e4decf705e2a011a4f5b2a1d58e2c783a7ee5e1:row:1:1	rust_string	crates/omnigraph/src/changes/row_compare.rs	<module> :: rustdoc :: 1c176cc0572f8cd9f1c258bc7e4decf705e2a011a4f5b2a1d58e2c783a7ee5e1 #1	rustdoc	row	row	physical_storage	retain accurate physical/storage terminology	none	omnigraph-engine owning tests plus G2 guard	Reviewed as accurate Lance, Arrow, manifest, recovery, or physical execution terminology.
2	rust_string:crates%2Fomnigraph%2Fsrc%2Fchanges%2Frow_compare.rs:%3Cmodule%3E:rustdoc:4f0d7ce10a97d099181109fddb9cbaabcc7b828a72a8da9429b1c59029b17598:row:1:1	rust_string	crates/omnigraph/src/changes/row_compare.rs	<module> :: rustdoc :: 4f0d7ce10a97d099181109fddb9cbaabcc7b828a72a8da9429b1c59029b17598 #1	rustdoc	row	row	physical_storage	retain accurate physical/storage terminology	none	omnigraph-engine owning tests plus G2 guard	Reviewed as accurate Lance, Arrow, manifest, recovery, or physical execution terminology.
2	rust_string:crates%2Fomnigraph%2Fsrc%2Fchanges%2Frow_compare.rs:%3Cmodule%3E:rustdoc:67b8c828e37c8171fe8d455f00da575f1c33806b46ee56ffbc438ead6152062d:columns:1:1	rust_string	crates/omnigraph/src/changes/row_compare.rs	<module> :: rustdoc :: 67b8c828e37c8171fe8d455f00da575f1c33806b46ee56ffbc438ead6152062d #1	rustdoc	columns	columns	physical_storage	retain accurate physical/storage terminology	none	omnigraph-engine owning tests plus G2 guard	Reviewed as accurate Lance, Arrow, manifest, recovery, or physical execution terminology.
2	rust_string:crates%2Fomnigraph%2Fsrc%2Fchanges%2Frow_compare.rs:%3Cmodule%3E:rustdoc:e511fd16661c02692866abadc1d3521f34e6026e6c9977d0900c85edc383eb9c:row:1:1	rust_string	crates/omnigraph/src/changes/row_compare.rs	<module> :: rustdoc :: e511fd16661c02692866abadc1d3521f34e6026e6c9977d0900c85edc383eb9c #1	rustdoc	row	row	physical_storage	retain accurate physical/storage terminology	none	omnigraph-engine owning tests plus G2 guard	Reviewed as accurate Lance, Arrow, manifest, recovery, or physical execution terminology.
2	rust_string:crates%2Fomnigraph%2Fsrc%2Fchanges%2Frow_compare.rs:%3Cmodule%3E:rustdoc:ec84a88b901e6daad6b5c4af7522b6b6c72969ebd42c376018cc6006564055a9:columns:1:1	rust_string	crates/omnigraph/src/changes/row_compare.rs	<module> :: rustdoc :: ec84a88b901e6daad6b5c4af7522b6b6c72969ebd42c376018cc6006564055a9 #1	rustdoc	columns	columns	physical_storage	retain accurate physical/storage terminology	none	omnigraph-engine owning tests plus G2 guard	Reviewed as accurate Lance, Arrow, manifest, recovery, or physical execution terminology.
2	rust_string:crates%2Fomnigraph%2Fsrc%2Fchanges%2Ftoken.rs:%3Cmodule%3E%3A%3Astruct%20CommitPageTokenV1%3A%3Afield%20type_id:rustdoc:778a5b08e756e8a80701dee82608a7acf5b6c8083295f20f02810ebfd29d25d4:table:1:1	rust_string	crates/omnigraph/src/changes/token.rs	<module>::struct CommitPageTokenV1::field type_id :: rustdoc :: 778a5b08e756e8a80701dee82608a7acf5b6c8083295f20f02810ebfd29d25d4 #1	rustdoc	table	table	physical_storage	retain accurate physical/storage terminology	none	omnigraph-engine owning tests plus G2 guard	Reviewed as accurate Lance, Arrow, manifest, recovery, or physical execution terminology.
2	rust_string:crates%2Fomnigraph%2Fsrc%2Fchanges%2Ftoken.rs:%3Cmodule%3E:rustdoc:a835adde07eb4fbb8f3ae2124945b34a804d5af3caacb23462a307ff689cf853:row:1:1	rust_string	crates/omnigraph/src/changes/token.rs	<module> :: rustdoc :: a835adde07eb4fbb8f3ae2124945b34a804d5af3caacb23462a307ff689cf853 #1	rustdoc	row	row	physical_storage	retain accurate physical/storage terminology	none	omnigraph-engine owning tests plus G2 guard	Reviewed as accurate Lance, Arrow, manifest, recovery, or physical execution terminology.
2	rust_string:crates%2Fomnigraph%2Fsrc%2Fchanges%2Ftoken.rs:%3Cmodule%3E:rustdoc:a835adde07eb4fbb8f3ae2124945b34a804d5af3caacb23462a307ff689cf853:table:1:1	rust_string	crates/omnigraph/src/changes/token.rs	<module> :: rustdoc :: a835adde07eb4fbb8f3ae2124945b34a804d5af3caacb23462a307ff689cf853 #1	rustdoc	table	table	physical_storage	retain accurate physical/storage terminology	none	omnigraph-engine owning tests plus G2 guard	Reviewed as accurate Lance, Arrow, manifest, recovery, or physical execution terminology.
2	rust_string:crates%2Fomnigraph%2Fsrc%2Fchanges%2Ftoken.rs:%3Cmodule%3E:rustdoc:c8ed9eadabc0924b74be3cbb3d828630d18e2856e998b43e8534174c432900ab:table:1:1	rust_string	crates/omnigraph/src/changes/token.rs	<module> :: rustdoc :: c8ed9eadabc0924b74be3cbb3d828630d18e2856e998b43e8534174c432900ab #1	rustdoc	table	table	physical_storage	retain accurate physical/storage terminology	none	omnigraph-engine owning tests plus G2 guard	Reviewed as accurate Lance, Arrow, manifest, recovery, or physical execution terminology.
2	rust_string:crates%2Fomnigraph%2Fsrc%2Fdb%2Fcommit_graph.rs:%3Cmodule%3E%3A%3Astruct%20CommitGraph:rustdoc:d1cf51413bf84a1a2bf7facc19a3897b129633d504dbabd35f0dd5c11f3204fb:rows:1:1	rust_string	crates/omnigraph/src/db/commit_graph.rs	<module>::struct CommitGraph :: rustdoc :: d1cf51413bf84a1a2bf7facc19a3897b129633d504dbabd35f0dd5c11f3204fb #1	rustdoc	rows	rows	physical_storage	retain accurate physical/storage terminology	none	omnigraph-engine owning tests plus G2 guard	Reviewed as accurate Lance, Arrow, manifest, recovery, or physical execution terminology.
2	rust_string:crates%2Fomnigraph%2Fsrc%2Fdb%2Fgraph_coordinator.rs:%3Cmodule%3E%3A%3Astruct%20ResolvedTarget%3A%3Afield%20graph_commit_id:rustdoc:1cc4c13cbf35b2316a0f9152866a89adc570455e57bdad6e1c16a3b88873d33f:row:1:1	rust_string	crates/omnigraph/src/db/graph_coordinator.rs	<module>::struct ResolvedTarget::field graph_commit_id :: rustdoc :: 1cc4c13cbf35b2316a0f9152866a89adc570455e57bdad6e1c16a3b88873d33f #1	rustdoc	row	row	physical_storage	retain accurate physical/storage terminology	none	omnigraph-engine owning tests plus G2 guard	Reviewed as accurate Lance, Arrow, manifest, recovery, or physical execution terminology.
2	rust_string:crates%2Fomnigraph%2Fsrc%2Fdb%2Fmanifest%2Fgraph.rs:%3Cmodule%3E%3A%3Afn%20keyed_graph_table_schema:error_constructor:1d6ffc101032a2281135739d1dcfad21c1b5b5c1763795e406c8c4d289bea11d:table:1:1	rust_string	crates/omnigraph/src/db/manifest/graph.rs	<module>::fn keyed_graph_table_schema :: error_constructor :: 1d6ffc101032a2281135739d1dcfad21c1b5b5c1763795e406c8c4d289bea11d #1	error_constructor	table	table	physical_storage	retain accurate physical/storage terminology	none	omnigraph-engine owning tests plus G2 guard	Reviewed as accurate Lance, Arrow, manifest, recovery, or physical execution terminology.
2	rust_string:crates%2Fomnigraph%2Fsrc%2Fdb%2Fmanifest%2Fgraph.rs:%3Cmodule%3E%3A%3Afn%20keyed_graph_table_schema:error_constructor:b0b73fa3f4fd86eca067297758140b5bc28a9c0c504b76e835f4b29b99d8b5b6:table:1:1	rust_string	crates/omnigraph/src/db/manifest/graph.rs	<module>::fn keyed_graph_table_schema :: error_constructor :: b0b73fa3f4fd86eca067297758140b5bc28a9c0c504b76e835f4b29b99d8b5b6 #1	error_constructor	table	table	physical_storage	retain accurate physical/storage terminology	none	omnigraph-engine owning tests plus G2 guard	Reviewed as accurate Lance, Arrow, manifest, recovery, or physical execution terminology.
2	rust_string:crates%2Fomnigraph%2Fsrc%2Fdb%2Fmanifest%2Flayout.rs:%3Cmodule%3E%3A%3Afn%20open_manifest_dataset_with_identifier_with_session:error_constructor:ff403b70878fa4fdedb24e08091dafb2cd9dae99d9d3c63724c7282fa6bd78f9:manifest%20branch:1:1	rust_string	crates/omnigraph/src/db/manifest/layout.rs	<module>::fn open_manifest_dataset_with_identifier_with_session :: error_constructor :: ff403b70878fa4fdedb24e08091dafb2cd9dae99d9d3c63724c7282fa6bd78f9 #1	error_constructor	manifest branch	manifest branch	physical_storage	retain accurate physical/storage terminology	none	omnigraph-engine owning tests plus G2 guard	Reviewed as accurate Lance, Arrow, manifest, recovery, or physical execution terminology.
2	rust_string:crates%2Fomnigraph%2Fsrc%2Fdb%2Fmanifest%2Fnamespace.rs:%3Cmodule%3E%3A%3Aimpl%20BranchManifestNamespace%3A%3Afn%20describe_table:message_field:8482ec0cac6ae6d9839a26b4304dec36f11f90ccb7855dd355a3b038dc0d2f8a:table:1:1	rust_string	crates/omnigraph/src/db/manifest/namespace.rs	<module>::impl BranchManifestNamespace::fn describe_table :: message_field :: 8482ec0cac6ae6d9839a26b4304dec36f11f90ccb7855dd355a3b038dc0d2f8a #1	message_field	table	table	physical_storage	retain accurate physical/storage terminology	none	omnigraph-engine owning tests plus G2 guard	Reviewed as accurate Lance, Arrow, manifest, recovery, or physical execution terminology.
2	rust_string:crates%2Fomnigraph%2Fsrc%2Fdb%2Fmanifest%2Fnamespace.rs:%3Cmodule%3E%3A%3Aimpl%20BranchManifestNamespace%3A%3Afn%20describe_table_version:message_field:d97b1d4d5168236bf3f64117ac52a3a283d0b06612eb0df17974c1b692bab9d2:table:1:1	rust_string	crates/omnigraph/src/db/manifest/namespace.rs	<module>::impl BranchManifestNamespace::fn describe_table_version :: message_field :: d97b1d4d5168236bf3f64117ac52a3a283d0b06612eb0df17974c1b692bab9d2 #1	message_field	table	table	physical_storage	retain accurate physical/storage terminology	none	omnigraph-engine owning tests plus G2 guard	Reviewed as accurate Lance, Arrow, manifest, recovery, or physical execution terminology.
2	rust_string:crates%2Fomnigraph%2Fsrc%2Fdb%2Fmanifest%2Fnamespace.rs:%3Cmodule%3E%3A%3Aimpl%20BranchManifestNamespace%3A%3Afn%20table_exists:message_field:8482ec0cac6ae6d9839a26b4304dec36f11f90ccb7855dd355a3b038dc0d2f8a:table:1:1	rust_string	crates/omnigraph/src/db/manifest/namespace.rs	<module>::impl BranchManifestNamespace::fn table_exists :: message_field :: 8482ec0cac6ae6d9839a26b4304dec36f11f90ccb7855dd355a3b038dc0d2f8a #1	message_field	table	table	physical_storage	retain accurate physical/storage terminology	none	omnigraph-engine owning tests plus G2 guard	Reviewed as accurate Lance, Arrow, manifest, recovery, or physical execution terminology.
2	rust_string:crates%2Fomnigraph%2Fsrc%2Fdb%2Fmanifest%2Fnamespace.rs:%3Cmodule%3E%3A%3Aimpl%20StagedTableNamespace%3A%3Afn%20create_table_version:message_field:ce8ff88a76c42f3d3fef6fb8a3284287313304ebab89bad87f415ce0a4010dcf:table:1:1	rust_string	crates/omnigraph/src/db/manifest/namespace.rs	<module>::impl StagedTableNamespace::fn create_table_version :: message_field :: ce8ff88a76c42f3d3fef6fb8a3284287313304ebab89bad87f415ce0a4010dcf #1	message_field	table	table	physical_storage	retain accurate physical/storage terminology	none	omnigraph-engine owning tests plus G2 guard	Reviewed as accurate Lance, Arrow, manifest, recovery, or physical execution terminology.
2	rust_string:crates%2Fomnigraph%2Fsrc%2Fdb%2Fmanifest%2Fnamespace.rs:%3Cmodule%3E%3A%3Aimpl%20StagedTableNamespace%3A%3Afn%20ensure_request_table:message_field:8482ec0cac6ae6d9839a26b4304dec36f11f90ccb7855dd355a3b038dc0d2f8a:table:1:1	rust_string	crates/omnigraph/src/db/manifest/namespace.rs	<module>::impl StagedTableNamespace::fn ensure_request_table :: message_field :: 8482ec0cac6ae6d9839a26b4304dec36f11f90ccb7855dd355a3b038dc0d2f8a #1	message_field	table	table	physical_storage	retain accurate physical/storage terminology	none	omnigraph-engine owning tests plus G2 guard	Reviewed as accurate Lance, Arrow, manifest, recovery, or physical execution terminology.
2	rust_string:crates%2Fomnigraph%2Fsrc%2Fdb%2Fmanifest%2Fpublisher.rs:%3Cmodule%3E%3A%3Afn%20map_lance_publish_error:error_constructor:726157fd1867390b82f1ae38bf8155b56e02c15d80b20193cb7ed1eda211dba8:row:1:1	rust_string	crates/omnigraph/src/db/manifest/publisher.rs	<module>::fn map_lance_publish_error :: error_constructor :: 726157fd1867390b82f1ae38bf8155b56e02c15d80b20193cb7ed1eda211dba8 #1	error_constructor	row	row	physical_storage	retain accurate physical/storage terminology	none	omnigraph-engine owning tests plus G2 guard	Reviewed as accurate Lance, Arrow, manifest, recovery, or physical execution terminology.
2	rust_string:crates%2Fomnigraph%2Fsrc%2Fdb%2Fmanifest%2Fpublisher.rs:%3Cmodule%3E%3A%3Aimpl%20GraphNamespacePublisher%3A%3Afn%20build_pending_rows:error_constructor:0ff0707f763faea65ac23e042b1dea3059246facbb3735353c88a12e3743872e:table:1:1	rust_string	crates/omnigraph/src/db/manifest/publisher.rs	<module>::impl GraphNamespacePublisher::fn build_pending_rows :: error_constructor :: 0ff0707f763faea65ac23e042b1dea3059246facbb3735353c88a12e3743872e #1	error_constructor	table	table	physical_storage	retain accurate physical/storage terminology	none	omnigraph-engine owning tests plus G2 guard	Reviewed as accurate Lance, Arrow, manifest, recovery, or physical execution terminology.
2	rust_string:crates%2Fomnigraph%2Fsrc%2Fdb%2Fmanifest%2Fpublisher.rs:%3Cmodule%3E%3A%3Aimpl%20GraphNamespacePublisher%3A%3Afn%20build_pending_rows:error_constructor:0ff0707f763faea65ac23e042b1dea3059246facbb3735353c88a12e3743872e:table:2:1	rust_string	crates/omnigraph/src/db/manifest/publisher.rs	<module>::impl GraphNamespacePublisher::fn build_pending_rows :: error_constructor :: 0ff0707f763faea65ac23e042b1dea3059246facbb3735353c88a12e3743872e #2	error_constructor	table	table	physical_storage	retain accurate physical/storage terminology	none	omnigraph-engine owning tests plus G2 guard	Reviewed as accurate Lance, Arrow, manifest, recovery, or physical execution terminology.
2	rust_string:crates%2Fomnigraph%2Fsrc%2Fdb%2Fmanifest%2Fpublisher.rs:%3Cmodule%3E%3A%3Aimpl%20GraphNamespacePublisher%3A%3Afn%20build_pending_rows:error_constructor:4c649b47f8251f02e3921159bc15fd2eaf02d3f1bb10f575a4fae389dcdfb864:table:1:1	rust_string	crates/omnigraph/src/db/manifest/publisher.rs	<module>::impl GraphNamespacePublisher::fn build_pending_rows :: error_constructor :: 4c649b47f8251f02e3921159bc15fd2eaf02d3f1bb10f575a4fae389dcdfb864 #1	error_constructor	table	table	physical_storage	retain accurate physical/storage terminology	none	omnigraph-engine owning tests plus G2 guard	Reviewed as accurate Lance, Arrow, manifest, recovery, or physical execution terminology.
2	rust_string:crates%2Fomnigraph%2Fsrc%2Fdb%2Fmanifest%2Fpublisher.rs:%3Cmodule%3E%3A%3Aimpl%20GraphNamespacePublisher%3A%3Afn%20build_pending_rows:error_constructor:56e431c12b0b7b7e797ff1f6a3a6d5005b8c342594fb0bd3d008f00aab023852:table:1:1	rust_string	crates/omnigraph/src/db/manifest/publisher.rs	<module>::impl GraphNamespacePublisher::fn build_pending_rows :: error_constructor :: 56e431c12b0b7b7e797ff1f6a3a6d5005b8c342594fb0bd3d008f00aab023852 #1	error_constructor	table	table	physical_storage	retain accurate physical/storage terminology	none	omnigraph-engine owning tests plus G2 guard	Reviewed as accurate Lance, Arrow, manifest, recovery, or physical execution terminology.
2	rust_string:crates%2Fomnigraph%2Fsrc%2Fdb%2Fmanifest%2Fpublisher.rs:%3Cmodule%3E%3A%3Aimpl%20GraphNamespacePublisher%3A%3Afn%20build_pending_rows:error_constructor:56e431c12b0b7b7e797ff1f6a3a6d5005b8c342594fb0bd3d008f00aab023852:table:2:1	rust_string	crates/omnigraph/src/db/manifest/publisher.rs	<module>::impl GraphNamespacePublisher::fn build_pending_rows :: error_constructor :: 56e431c12b0b7b7e797ff1f6a3a6d5005b8c342594fb0bd3d008f00aab023852 #2	error_constructor	table	table	physical_storage	retain accurate physical/storage terminology	none	omnigraph-engine owning tests plus G2 guard	Reviewed as accurate Lance, Arrow, manifest, recovery, or physical execution terminology.
2	rust_string:crates%2Fomnigraph%2Fsrc%2Fdb%2Fmanifest%2Fpublisher.rs:%3Cmodule%3E%3A%3Aimpl%20GraphNamespacePublisher%3A%3Afn%20build_pending_rows:error_constructor:56e431c12b0b7b7e797ff1f6a3a6d5005b8c342594fb0bd3d008f00aab023852:table:3:1	rust_string	crates/omnigraph/src/db/manifest/publisher.rs	<module>::impl GraphNamespacePublisher::fn build_pending_rows :: error_constructor :: 56e431c12b0b7b7e797ff1f6a3a6d5005b8c342594fb0bd3d008f00aab023852 #3	error_constructor	table	table	physical_storage	retain accurate physical/storage terminology	none	omnigraph-engine owning tests plus G2 guard	Reviewed as accurate Lance, Arrow, manifest, recovery, or physical execution terminology.
2	rust_string:crates%2Fomnigraph%2Fsrc%2Fdb%2Fmanifest%2Fpublisher.rs:%3Cmodule%3E%3A%3Aimpl%20GraphNamespacePublisher%3A%3Afn%20build_pending_rows:error_constructor:5971567dc4dcf2990d0c6f0da3b2af0fd7fcf751b27937286c9b86f1504f7a03:table:1:1	rust_string	crates/omnigraph/src/db/manifest/publisher.rs	<module>::impl GraphNamespacePublisher::fn build_pending_rows :: error_constructor :: 5971567dc4dcf2990d0c6f0da3b2af0fd7fcf751b27937286c9b86f1504f7a03 #1	error_constructor	table	table	physical_storage	retain accurate physical/storage terminology	none	omnigraph-engine owning tests plus G2 guard	Reviewed as accurate Lance, Arrow, manifest, recovery, or physical execution terminology.
2	rust_string:crates%2Fomnigraph%2Fsrc%2Fdb%2Fmanifest%2Fpublisher.rs:%3Cmodule%3E%3A%3Aimpl%20GraphNamespacePublisher%3A%3Afn%20build_pending_rows:error_constructor:5afdbade1009f627d6655aecd297c7e9622e7ab2ecc8516c58ffc29cee6237b6:table:1:1	rust_string	crates/omnigraph/src/db/manifest/publisher.rs	<module>::impl GraphNamespacePublisher::fn build_pending_rows :: error_constructor :: 5afdbade1009f627d6655aecd297c7e9622e7ab2ecc8516c58ffc29cee6237b6 #1	error_constructor	table	table	physical_storage	retain accurate physical/storage terminology	none	omnigraph-engine owning tests plus G2 guard	Reviewed as accurate Lance, Arrow, manifest, recovery, or physical execution terminology.
2	rust_string:crates%2Fomnigraph%2Fsrc%2Fdb%2Fmanifest%2Fpublisher.rs:%3Cmodule%3E%3A%3Aimpl%20GraphNamespacePublisher%3A%3Afn%20build_pending_rows:error_constructor:86aed43393c1fe4f4539400b79d4a8cdd7728bafaafa656ca8ad008f94384040:table:1:1	rust_string	crates/omnigraph/src/db/manifest/publisher.rs	<module>::impl GraphNamespacePublisher::fn build_pending_rows :: error_constructor :: 86aed43393c1fe4f4539400b79d4a8cdd7728bafaafa656ca8ad008f94384040 #1	error_constructor	table	table	physical_storage	retain accurate physical/storage terminology	none	omnigraph-engine owning tests plus G2 guard	Reviewed as accurate Lance, Arrow, manifest, recovery, or physical execution terminology.
2	rust_string:crates%2Fomnigraph%2Fsrc%2Fdb%2Fmanifest%2Fpublisher.rs:%3Cmodule%3E%3A%3Aimpl%20GraphNamespacePublisher%3A%3Afn%20build_pending_rows:error_constructor:86aed43393c1fe4f4539400b79d4a8cdd7728bafaafa656ca8ad008f94384040:table:2:1	rust_string	crates/omnigraph/src/db/manifest/publisher.rs	<module>::impl GraphNamespacePublisher::fn build_pending_rows :: error_constructor :: 86aed43393c1fe4f4539400b79d4a8cdd7728bafaafa656ca8ad008f94384040 #2	error_constructor	table	table	physical_storage	retain accurate physical/storage terminology	none	omnigraph-engine owning tests plus G2 guard	Reviewed as accurate Lance, Arrow, manifest, recovery, or physical execution terminology.
2	rust_string:crates%2Fomnigraph%2Fsrc%2Fdb%2Fmanifest%2Fpublisher.rs:%3Cmodule%3E%3A%3Aimpl%20GraphNamespacePublisher%3A%3Afn%20build_pending_rows:error_constructor:8a72238971823d22b214d1d4b0eae2e9e1f3e6c628241ee55e0e1d6073f98ed6:table:1:1	rust_string	crates/omnigraph/src/db/manifest/publisher.rs	<module>::impl GraphNamespacePublisher::fn build_pending_rows :: error_constructor :: 8a72238971823d22b214d1d4b0eae2e9e1f3e6c628241ee55e0e1d6073f98ed6 #1	error_constructor	table	table	physical_storage	retain accurate physical/storage terminology	none	omnigraph-engine owning tests plus G2 guard	Reviewed as accurate Lance, Arrow, manifest, recovery, or physical execution terminology.
2	rust_string:crates%2Fomnigraph%2Fsrc%2Fdb%2Fmanifest%2Fpublisher.rs:%3Cmodule%3E%3A%3Aimpl%20GraphNamespacePublisher%3A%3Afn%20build_pending_rows:error_constructor:a0042f5f8dab2cc792e7476f9ea0c91d26fde09cb55168b728f039be8830f21b:table:1:1	rust_string	crates/omnigraph/src/db/manifest/publisher.rs	<module>::impl GraphNamespacePublisher::fn build_pending_rows :: error_constructor :: a0042f5f8dab2cc792e7476f9ea0c91d26fde09cb55168b728f039be8830f21b #1	error_constructor	table	table	physical_storage	retain accurate physical/storage terminology	none	omnigraph-engine owning tests plus G2 guard	Reviewed as accurate Lance, Arrow, manifest, recovery, or physical execution terminology.
2	rust_string:crates%2Fomnigraph%2Fsrc%2Fdb%2Fmanifest%2Fpublisher.rs:%3Cmodule%3E%3A%3Aimpl%20GraphNamespacePublisher%3A%3Afn%20build_pending_rows:error_constructor:ab75fa81986a92fed80760ee364d9d853d50ccd1aace28aed213bf549effc691:table:1:1	rust_string	crates/omnigraph/src/db/manifest/publisher.rs	<module>::impl GraphNamespacePublisher::fn build_pending_rows :: error_constructor :: ab75fa81986a92fed80760ee364d9d853d50ccd1aace28aed213bf549effc691 #1	error_constructor	table	table	physical_storage	retain accurate physical/storage terminology	none	omnigraph-engine owning tests plus G2 guard	Reviewed as accurate Lance, Arrow, manifest, recovery, or physical execution terminology.
2	rust_string:crates%2Fomnigraph%2Fsrc%2Fdb%2Fmanifest%2Fpublisher.rs:%3Cmodule%3E%3A%3Aimpl%20GraphNamespacePublisher%3A%3Afn%20build_pending_rows:error_constructor:b6e32116edbba14db3072a8e4e659b793082266a7216b5fd9be33e2885ba2235:table:1:1	rust_string	crates/omnigraph/src/db/manifest/publisher.rs	<module>::impl GraphNamespacePublisher::fn build_pending_rows :: error_constructor :: b6e32116edbba14db3072a8e4e659b793082266a7216b5fd9be33e2885ba2235 #1	error_constructor	table	table	physical_storage	retain accurate physical/storage terminology	none	omnigraph-engine owning tests plus G2 guard	Reviewed as accurate Lance, Arrow, manifest, recovery, or physical execution terminology.
2	rust_string:crates%2Fomnigraph%2Fsrc%2Fdb%2Fmanifest%2Fpublisher.rs:%3Cmodule%3E%3A%3Aimpl%20GraphNamespacePublisher%3A%3Afn%20fold_inputs:error_constructor:1837ff8f3ce89d6f4c600a89ea65226ae77cb4c7a0d3c08ca1b84edc9818ebdd:row:1:1	rust_string	crates/omnigraph/src/db/manifest/publisher.rs	<module>::impl GraphNamespacePublisher::fn fold_inputs :: error_constructor :: 1837ff8f3ce89d6f4c600a89ea65226ae77cb4c7a0d3c08ca1b84edc9818ebdd #1	error_constructor	row	row	physical_storage	retain accurate physical/storage terminology	none	omnigraph-engine owning tests plus G2 guard	Reviewed as accurate Lance, Arrow, manifest, recovery, or physical execution terminology.
2	rust_string:crates%2Fomnigraph%2Fsrc%2Fdb%2Fmanifest%2Fpublisher.rs:%3Cmodule%3E%3A%3Aimpl%20GraphNamespacePublisher%3A%3Afn%20fold_inputs:error_constructor:2c68f3b9f2e7de43bac5902673df0f435f45f34a41d28474af73515006e8ea74:row:1:1	rust_string	crates/omnigraph/src/db/manifest/publisher.rs	<module>::impl GraphNamespacePublisher::fn fold_inputs :: error_constructor :: 2c68f3b9f2e7de43bac5902673df0f435f45f34a41d28474af73515006e8ea74 #1	error_constructor	row	row	physical_storage	retain accurate physical/storage terminology	none	omnigraph-engine owning tests plus G2 guard	Reviewed as accurate Lance, Arrow, manifest, recovery, or physical execution terminology.
2	rust_string:crates%2Fomnigraph%2Fsrc%2Fdb%2Fmanifest%2Fpublisher.rs:%3Cmodule%3E%3A%3Aimpl%20GraphNamespacePublisher%3A%3Afn%20fold_inputs:error_constructor:2c68f3b9f2e7de43bac5902673df0f435f45f34a41d28474af73515006e8ea74:table:1:1	rust_string	crates/omnigraph/src/db/manifest/publisher.rs	<module>::impl GraphNamespacePublisher::fn fold_inputs :: error_constructor :: 2c68f3b9f2e7de43bac5902673df0f435f45f34a41d28474af73515006e8ea74 #1	error_constructor	table	table	physical_storage	retain accurate physical/storage terminology	none	omnigraph-engine owning tests plus G2 guard	Reviewed as accurate Lance, Arrow, manifest, recovery, or physical execution terminology.
2	rust_string:crates%2Fomnigraph%2Fsrc%2Fdb%2Fmanifest%2Fpublisher.rs:%3Cmodule%3E%3A%3Aimpl%20GraphNamespacePublisher%3A%3Afn%20fold_inputs:error_constructor:4016c2e95d6818e2a81e3941445a89f22f14e341d977aea46568e2d55b1ba07a:row:1:1	rust_string	crates/omnigraph/src/db/manifest/publisher.rs	<module>::impl GraphNamespacePublisher::fn fold_inputs :: error_constructor :: 4016c2e95d6818e2a81e3941445a89f22f14e341d977aea46568e2d55b1ba07a #1	error_constructor	row	row	physical_storage	retain accurate physical/storage terminology	none	omnigraph-engine owning tests plus G2 guard	Reviewed as accurate Lance, Arrow, manifest, recovery, or physical execution terminology.
2	rust_string:crates%2Fomnigraph%2Fsrc%2Fdb%2Fmanifest%2Fpublisher.rs:%3Cmodule%3E%3A%3Aimpl%20GraphNamespacePublisher%3A%3Afn%20fold_inputs:error_constructor:4016c2e95d6818e2a81e3941445a89f22f14e341d977aea46568e2d55b1ba07a:table:1:1	rust_string	crates/omnigraph/src/db/manifest/publisher.rs	<module>::impl GraphNamespacePublisher::fn fold_inputs :: error_constructor :: 4016c2e95d6818e2a81e3941445a89f22f14e341d977aea46568e2d55b1ba07a #1	error_constructor	table	table	physical_storage	retain accurate physical/storage terminology	none	omnigraph-engine owning tests plus G2 guard	Reviewed as accurate Lance, Arrow, manifest, recovery, or physical execution terminology.
2	rust_string:crates%2Fomnigraph%2Fsrc%2Fdb%2Fmanifest%2Fpublisher.rs:%3Cmodule%3E%3A%3Aimpl%20GraphNamespacePublisher%3A%3Afn%20fold_inputs:error_constructor:4885ecaf8ef08f55f161a16295568d0a076a5c283887320b5b03cb1c47d5e15e:row:1:1	rust_string	crates/omnigraph/src/db/manifest/publisher.rs	<module>::impl GraphNamespacePublisher::fn fold_inputs :: error_constructor :: 4885ecaf8ef08f55f161a16295568d0a076a5c283887320b5b03cb1c47d5e15e #1	error_constructor	row	row	physical_storage	retain accurate physical/storage terminology	none	omnigraph-engine owning tests plus G2 guard	Reviewed as accurate Lance, Arrow, manifest, recovery, or physical execution terminology.
2	rust_string:crates%2Fomnigraph%2Fsrc%2Fdb%2Fmanifest%2Fpublisher.rs:%3Cmodule%3E%3A%3Aimpl%20GraphNamespacePublisher%3A%3Afn%20fold_inputs:error_constructor:4885ecaf8ef08f55f161a16295568d0a076a5c283887320b5b03cb1c47d5e15e:table:1:1	rust_string	crates/omnigraph/src/db/manifest/publisher.rs	<module>::impl GraphNamespacePublisher::fn fold_inputs :: error_constructor :: 4885ecaf8ef08f55f161a16295568d0a076a5c283887320b5b03cb1c47d5e15e #1	error_constructor	table	table	physical_storage	retain accurate physical/storage terminology	none	omnigraph-engine owning tests plus G2 guard	Reviewed as accurate Lance, Arrow, manifest, recovery, or physical execution terminology.
2	rust_string:crates%2Fomnigraph%2Fsrc%2Fdb%2Fmanifest%2Fpublisher.rs:%3Cmodule%3E%3A%3Aimpl%20GraphNamespacePublisher%3A%3Afn%20fold_inputs:error_constructor:6168ed97cb304624f9764ea5ac2ed8dcb951b64c687553df2ec316a1f0889c1b:row:1:1	rust_string	crates/omnigraph/src/db/manifest/publisher.rs	<module>::impl GraphNamespacePublisher::fn fold_inputs :: error_constructor :: 6168ed97cb304624f9764ea5ac2ed8dcb951b64c687553df2ec316a1f0889c1b #1	error_constructor	row	row	physical_storage	retain accurate physical/storage terminology	none	omnigraph-engine owning tests plus G2 guard	Reviewed as accurate Lance, Arrow, manifest, recovery, or physical execution terminology.
2	rust_string:crates%2Fomnigraph%2Fsrc%2Fdb%2Fmanifest%2Fpublisher.rs:%3Cmodule%3E%3A%3Aimpl%20GraphNamespacePublisher%3A%3Afn%20fold_inputs:error_constructor:6168ed97cb304624f9764ea5ac2ed8dcb951b64c687553df2ec316a1f0889c1b:table:1:1	rust_string	crates/omnigraph/src/db/manifest/publisher.rs	<module>::impl GraphNamespacePublisher::fn fold_inputs :: error_constructor :: 6168ed97cb304624f9764ea5ac2ed8dcb951b64c687553df2ec316a1f0889c1b #1	error_constructor	table	table	physical_storage	retain accurate physical/storage terminology	none	omnigraph-engine owning tests plus G2 guard	Reviewed as accurate Lance, Arrow, manifest, recovery, or physical execution terminology.
2	rust_string:crates%2Fomnigraph%2Fsrc%2Fdb%2Fmanifest%2Fpublisher.rs:%3Cmodule%3E%3A%3Aimpl%20GraphNamespacePublisher%3A%3Afn%20fold_inputs:error_constructor:67fb6ba85afcf9a5feb975153c4953c16b08c8c86aadcb0a488b5a0cdab92283:row:1:1	rust_string	crates/omnigraph/src/db/manifest/publisher.rs	<module>::impl GraphNamespacePublisher::fn fold_inputs :: error_constructor :: 67fb6ba85afcf9a5feb975153c4953c16b08c8c86aadcb0a488b5a0cdab92283 #1	error_constructor	row	row	physical_storage	retain accurate physical/storage terminology	none	omnigraph-engine owning tests plus G2 guard	Reviewed as accurate Lance, Arrow, manifest, recovery, or physical execution terminology.
2	rust_string:crates%2Fomnigraph%2Fsrc%2Fdb%2Fmanifest%2Fpublisher.rs:%3Cmodule%3E%3A%3Aimpl%20GraphNamespacePublisher%3A%3Afn%20fold_inputs:error_constructor:67fb6ba85afcf9a5feb975153c4953c16b08c8c86aadcb0a488b5a0cdab92283:row:1:2	rust_string	crates/omnigraph/src/db/manifest/publisher.rs	<module>::impl GraphNamespacePublisher::fn fold_inputs :: error_constructor :: 67fb6ba85afcf9a5feb975153c4953c16b08c8c86aadcb0a488b5a0cdab92283 #1	error_constructor	row	row	physical_storage	retain accurate physical/storage terminology	none	omnigraph-engine owning tests plus G2 guard	Reviewed as accurate Lance, Arrow, manifest, recovery, or physical execution terminology.
2	rust_string:crates%2Fomnigraph%2Fsrc%2Fdb%2Fmanifest%2Fpublisher.rs:%3Cmodule%3E%3A%3Aimpl%20GraphNamespacePublisher%3A%3Afn%20fold_inputs:error_constructor:67fb6ba85afcf9a5feb975153c4953c16b08c8c86aadcb0a488b5a0cdab92283:table:1:1	rust_string	crates/omnigraph/src/db/manifest/publisher.rs	<module>::impl GraphNamespacePublisher::fn fold_inputs :: error_constructor :: 67fb6ba85afcf9a5feb975153c4953c16b08c8c86aadcb0a488b5a0cdab92283 #1	error_constructor	table	table	physical_storage	retain accurate physical/storage terminology	none	omnigraph-engine owning tests plus G2 guard	Reviewed as accurate Lance, Arrow, manifest, recovery, or physical execution terminology.
2	rust_string:crates%2Fomnigraph%2Fsrc%2Fdb%2Fmanifest%2Fpublisher.rs:%3Cmodule%3E%3A%3Aimpl%20GraphNamespacePublisher%3A%3Afn%20fold_inputs:error_constructor:bb353d3bc98e8ad550783c7ba178e757c42613b0785b83b5c13fca7313de9bd6:row:1:1	rust_string	crates/omnigraph/src/db/manifest/publisher.rs	<module>::impl GraphNamespacePublisher::fn fold_inputs :: error_constructor :: bb353d3bc98e8ad550783c7ba178e757c42613b0785b83b5c13fca7313de9bd6 #1	error_constructor	row	row	physical_storage	retain accurate physical/storage terminology	none	omnigraph-engine owning tests plus G2 guard	Reviewed as accurate Lance, Arrow, manifest, recovery, or physical execution terminology.
2	rust_string:crates%2Fomnigraph%2Fsrc%2Fdb%2Fmanifest%2Fpublisher.rs:%3Cmodule%3E%3A%3Aimpl%20GraphNamespacePublisher%3A%3Afn%20fold_inputs:error_constructor:bb353d3bc98e8ad550783c7ba178e757c42613b0785b83b5c13fca7313de9bd6:table:1:1	rust_string	crates/omnigraph/src/db/manifest/publisher.rs	<module>::impl GraphNamespacePublisher::fn fold_inputs :: error_constructor :: bb353d3bc98e8ad550783c7ba178e757c42613b0785b83b5c13fca7313de9bd6 #1	error_constructor	table	table	physical_storage	retain accurate physical/storage terminology	none	omnigraph-engine owning tests plus G2 guard	Reviewed as accurate Lance, Arrow, manifest, recovery, or physical execution terminology.
2	rust_string:crates%2Fomnigraph%2Fsrc%2Fdb%2Fmanifest%2Fpublisher.rs:%3Cmodule%3E%3A%3Aimpl%20GraphNamespacePublisher%3A%3Afn%20fold_inputs:error_constructor:ed23b49be954dd9273f6fd24547871aaf7f5bf87b2827a6ff4921285204535b6:row:1:1	rust_string	crates/omnigraph/src/db/manifest/publisher.rs	<module>::impl GraphNamespacePublisher::fn fold_inputs :: error_constructor :: ed23b49be954dd9273f6fd24547871aaf7f5bf87b2827a6ff4921285204535b6 #1	error_constructor	row	row	physical_storage	retain accurate physical/storage terminology	none	omnigraph-engine owning tests plus G2 guard	Reviewed as accurate Lance, Arrow, manifest, recovery, or physical execution terminology.
2	rust_string:crates%2Fomnigraph%2Fsrc%2Fdb%2Fmanifest%2Fpublisher.rs:%3Cmodule%3E%3A%3Astruct%20LineageIntent%3A%3Afield%20branch:rustdoc:6d70b253c61c9a2c3a70099195c464ab9717f25369637a6563dbcd3b68063810:row:1:1	rust_string	crates/omnigraph/src/db/manifest/publisher.rs	<module>::struct LineageIntent::field branch :: rustdoc :: 6d70b253c61c9a2c3a70099195c464ab9717f25369637a6563dbcd3b68063810 #1	rustdoc	row	row	physical_storage	retain accurate physical/storage terminology	none	omnigraph-engine owning tests plus G2 guard	Reviewed as accurate Lance, Arrow, manifest, recovery, or physical execution terminology.
2	rust_string:crates%2Fomnigraph%2Fsrc%2Fdb%2Fmanifest%2Fpublisher.rs:%3Cmodule%3E%3A%3Astruct%20PublishOutcome%3A%3Afield%20known_state:rustdoc:4dc0695664238089464bde80a252de5ade240f077a6d78df68c2ec4ec4c8877d:rows:1:1	rust_string	crates/omnigraph/src/db/manifest/publisher.rs	<module>::struct PublishOutcome::field known_state :: rustdoc :: 4dc0695664238089464bde80a252de5ade240f077a6d78df68c2ec4ec4c8877d #1	rustdoc	rows	rows	physical_storage	retain accurate physical/storage terminology	none	omnigraph-engine owning tests plus G2 guard	Reviewed as accurate Lance, Arrow, manifest, recovery, or physical execution terminology.
2	rust_string:crates%2Fomnigraph%2Fsrc%2Fdb%2Fmanifest%2Fpublisher.rs:%3Cmodule%3E%3A%3Astruct%20PublishOutcome%3A%3Afield%20known_state:rustdoc:90f25c1e2d4b537b2b9796e2886fba60d58b250287b34bcc133d19690796cac1:table:1:1	rust_string	crates/omnigraph/src/db/manifest/publisher.rs	<module>::struct PublishOutcome::field known_state :: rustdoc :: 90f25c1e2d4b537b2b9796e2886fba60d58b250287b34bcc133d19690796cac1 #1	rustdoc	table	table	physical_storage	retain accurate physical/storage terminology	none	omnigraph-engine owning tests plus G2 guard	Reviewed as accurate Lance, Arrow, manifest, recovery, or physical execution terminology.
2	rust_string:crates%2Fomnigraph%2Fsrc%2Fdb%2Fmanifest%2Fpublisher.rs:%3Cmodule%3E:rustdoc:0576acfdcb4cef3d3a8803fe977f8ba3a8c2dc48663a4bd7d06d9288a56d58c4:rows:1:1	rust_string	crates/omnigraph/src/db/manifest/publisher.rs	<module> :: rustdoc :: 0576acfdcb4cef3d3a8803fe977f8ba3a8c2dc48663a4bd7d06d9288a56d58c4 #1	rustdoc	rows	rows	physical_storage	retain accurate physical/storage terminology	none	omnigraph-engine owning tests plus G2 guard	Reviewed as accurate Lance, Arrow, manifest, recovery, or physical execution terminology.
2	rust_string:crates%2Fomnigraph%2Fsrc%2Fdb%2Fmanifest%2Fpublisher.rs:%3Cmodule%3E:rustdoc:0576acfdcb4cef3d3a8803fe977f8ba3a8c2dc48663a4bd7d06d9288a56d58c4:table:1:1	rust_string	crates/omnigraph/src/db/manifest/publisher.rs	<module> :: rustdoc :: 0576acfdcb4cef3d3a8803fe977f8ba3a8c2dc48663a4bd7d06d9288a56d58c4 #1	rustdoc	table	table	physical_storage	retain accurate physical/storage terminology	none	omnigraph-engine owning tests plus G2 guard	Reviewed as accurate Lance, Arrow, manifest, recovery, or physical execution terminology.
2	rust_string:crates%2Fomnigraph%2Fsrc%2Fdb%2Fmanifest%2Fpublisher.rs:%3Cmodule%3E:rustdoc:15cc5eb8b60447c04060b99f0d5125a79a8adad4cf8532de0acc6e86e475b3aa:table:1:1	rust_string	crates/omnigraph/src/db/manifest/publisher.rs	<module> :: rustdoc :: 15cc5eb8b60447c04060b99f0d5125a79a8adad4cf8532de0acc6e86e475b3aa #1	rustdoc	table	table	physical_storage	retain accurate physical/storage terminology	none	omnigraph-engine owning tests plus G2 guard	Reviewed as accurate Lance, Arrow, manifest, recovery, or physical execution terminology.
2	rust_string:crates%2Fomnigraph%2Fsrc%2Fdb%2Fmanifest%2Fpublisher.rs:%3Cmodule%3E:rustdoc:3a62cd0a6a0f1a4a6db9cbef14aaa5eb5df367a72329d4388fb67745f67f530c:table:1:1	rust_string	crates/omnigraph/src/db/manifest/publisher.rs	<module> :: rustdoc :: 3a62cd0a6a0f1a4a6db9cbef14aaa5eb5df367a72329d4388fb67745f67f530c #1	rustdoc	table	table	physical_storage	retain accurate physical/storage terminology	none	omnigraph-engine owning tests plus G2 guard	Reviewed as accurate Lance, Arrow, manifest, recovery, or physical execution terminology.
2	rust_string:crates%2Fomnigraph%2Fsrc%2Fdb%2Fmanifest%2Fpublisher.rs:%3Cmodule%3E:rustdoc:3f1f644aa56ea00e5e01dba028e972fc3a1f65490ddc40545d6e1853fd84a360:table:1:1	rust_string	crates/omnigraph/src/db/manifest/publisher.rs	<module> :: rustdoc :: 3f1f644aa56ea00e5e01dba028e972fc3a1f65490ddc40545d6e1853fd84a360 #1	rustdoc	table	table	physical_storage	retain accurate physical/storage terminology	none	omnigraph-engine owning tests plus G2 guard	Reviewed as accurate Lance, Arrow, manifest, recovery, or physical execution terminology.
2	rust_string:crates%2Fomnigraph%2Fsrc%2Fdb%2Fmanifest%2Fpublisher.rs:%3Cmodule%3E:rustdoc:de3773e74ca369bc474e7039e69e664a238363f1310a7653d576b49087c30dcc:Table:1:1	rust_string	crates/omnigraph/src/db/manifest/publisher.rs	<module> :: rustdoc :: de3773e74ca369bc474e7039e69e664a238363f1310a7653d576b49087c30dcc #1	rustdoc	Table	Table	upstream_name	retain exact upstream proper/API name	none	omnigraph-engine owning tests plus G2 guard	The match is part of an exact upstream proper name, algorithm, operation, or API identifier.
2	rust_string:crates%2Fomnigraph%2Fsrc%2Fdb%2Fmanifest%2Fpublisher.rs:%3Cmodule%3E:rustdoc:df62383f0675b3f18d26ba7e1ada139ebb471aa094a7317ff36123c202f1d617:tables:1:1	rust_string	crates/omnigraph/src/db/manifest/publisher.rs	<module> :: rustdoc :: df62383f0675b3f18d26ba7e1ada139ebb471aa094a7317ff36123c202f1d617 #1	rustdoc	tables	tables	physical_storage	retain accurate physical/storage terminology	none	omnigraph-engine owning tests plus G2 guard	Reviewed as accurate Lance, Arrow, manifest, recovery, or physical execution terminology.
2	rust_string:crates%2Fomnigraph%2Fsrc%2Fdb%2Fmanifest%2Fpublisher.rs:%3Cmodule%3E:rustdoc:eab422179a1233684fd2f0a7dcaf41ab869e2fa923d0ca9aadf36cbcce377d56:table:1:1	rust_string	crates/omnigraph/src/db/manifest/publisher.rs	<module> :: rustdoc :: eab422179a1233684fd2f0a7dcaf41ab869e2fa923d0ca9aadf36cbcce377d56 #1	rustdoc	table	table	physical_storage	retain accurate physical/storage terminology	none	omnigraph-engine owning tests plus G2 guard	Reviewed as accurate Lance, Arrow, manifest, recovery, or physical execution terminology.
2	rust_string:crates%2Fomnigraph%2Fsrc%2Fdb%2Fmanifest%2Fpublisher.rs:%3Cmodule%3E:rustdoc:eab422179a1233684fd2f0a7dcaf41ab869e2fa923d0ca9aadf36cbcce377d56:table:1:2	rust_string	crates/omnigraph/src/db/manifest/publisher.rs	<module> :: rustdoc :: eab422179a1233684fd2f0a7dcaf41ab869e2fa923d0ca9aadf36cbcce377d56 #1	rustdoc	table	table	physical_storage	retain accurate physical/storage terminology	none	omnigraph-engine owning tests plus G2 guard	Reviewed as accurate Lance, Arrow, manifest, recovery, or physical execution terminology.
2	rust_string:crates%2Fomnigraph%2Fsrc%2Fdb%2Fmanifest%2Fpublisher.rs:%3Cmodule%3E:rustdoc:eab422179a1233684fd2f0a7dcaf41ab869e2fa923d0ca9aadf36cbcce377d56:table:1:3	rust_string	crates/omnigraph/src/db/manifest/publisher.rs	<module> :: rustdoc :: eab422179a1233684fd2f0a7dcaf41ab869e2fa923d0ca9aadf36cbcce377d56 #1	rustdoc	table	table	physical_storage	retain accurate physical/storage terminology	none	omnigraph-engine owning tests plus G2 guard	Reviewed as accurate Lance, Arrow, manifest, recovery, or physical execution terminology.
2	rust_string:crates%2Fomnigraph%2Fsrc%2Fdb%2Fmanifest%2Frecovery.rs:%3Cmodule%3E%3A%3Afn%20cleanup_unpublished_no_effect_forks:error_constructor:9b21988f7ace7193bfae52f8fdbbff37f19c19d0c6e572da9723c80380f7b4c8:sidecar:1:1	rust_string	crates/omnigraph/src/db/manifest/recovery.rs	<module>::fn cleanup_unpublished_no_effect_forks :: error_constructor :: 9b21988f7ace7193bfae52f8fdbbff37f19c19d0c6e572da9723c80380f7b4c8 #1	error_constructor	sidecar	sidecar	physical_storage	retain accurate physical/storage terminology	none	omnigraph-engine owning tests plus G2 guard	Reviewed as accurate Lance, Arrow, manifest, recovery, or physical execution terminology.
2	rust_string:crates%2Fomnigraph%2Fsrc%2Fdb%2Fmanifest%2Frecovery.rs:%3Cmodule%3E%3A%3Afn%20cleanup_unpublished_no_effect_forks:error_constructor:f156532e6e4ad09b4ad22ddfa4a7ad31af57bcc41f22d4413f633a8aeb8b4384:sidecar:1:1	rust_string	crates/omnigraph/src/db/manifest/recovery.rs	<module>::fn cleanup_unpublished_no_effect_forks :: error_constructor :: f156532e6e4ad09b4ad22ddfa4a7ad31af57bcc41f22d4413f633a8aeb8b4384 #1	error_constructor	sidecar	sidecar	physical_storage	retain accurate physical/storage terminology	none	omnigraph-engine owning tests plus G2 guard	Reviewed as accurate Lance, Arrow, manifest, recovery, or physical execution terminology.
2	rust_string:crates%2Fomnigraph%2Fsrc%2Fdb%2Fmanifest%2Frecovery.rs:%3Cmodule%3E%3A%3Afn%20cleanup_unpublished_no_effect_forks:error_constructor:ff613c7739839c6c103bee7f9c334d170d43c46cfb7dce8fd77fc03e11e41769:sidecar:1:1	rust_string	crates/omnigraph/src/db/manifest/recovery.rs	<module>::fn cleanup_unpublished_no_effect_forks :: error_constructor :: ff613c7739839c6c103bee7f9c334d170d43c46cfb7dce8fd77fc03e11e41769 #1	error_constructor	sidecar	sidecar	physical_storage	retain accurate physical/storage terminology	none	omnigraph-engine owning tests plus G2 guard	Reviewed as accurate Lance, Arrow, manifest, recovery, or physical execution terminology.
2	rust_string:crates%2Fomnigraph%2Fsrc%2Fdb%2Fmanifest%2Frecovery.rs:%3Cmodule%3E%3A%3Afn%20confirm_branch_merge_sidecar_v9:error_constructor:068c6131b6c385bd251998925412b8fb13b2b805ed7f80ae972a78d8ed782877:sidecar:1:1	rust_string	crates/omnigraph/src/db/manifest/recovery.rs	<module>::fn confirm_branch_merge_sidecar_v9 :: error_constructor :: 068c6131b6c385bd251998925412b8fb13b2b805ed7f80ae972a78d8ed782877 #1	error_constructor	sidecar	sidecar	physical_storage	retain accurate physical/storage terminology	none	omnigraph-engine owning tests plus G2 guard	Reviewed as accurate Lance, Arrow, manifest, recovery, or physical execution terminology.
2	rust_string:crates%2Fomnigraph%2Fsrc%2Fdb%2Fmanifest%2Frecovery.rs:%3Cmodule%3E%3A%3Afn%20confirm_branch_merge_sidecar_v9:error_constructor:068c6131b6c385bd251998925412b8fb13b2b805ed7f80ae972a78d8ed782877:sidecar:1:2	rust_string	crates/omnigraph/src/db/manifest/recovery.rs	<module>::fn confirm_branch_merge_sidecar_v9 :: error_constructor :: 068c6131b6c385bd251998925412b8fb13b2b805ed7f80ae972a78d8ed782877 #1	error_constructor	sidecar	sidecar	physical_storage	retain accurate physical/storage terminology	none	omnigraph-engine owning tests plus G2 guard	Reviewed as accurate Lance, Arrow, manifest, recovery, or physical execution terminology.
2	rust_string:crates%2Fomnigraph%2Fsrc%2Fdb%2Fmanifest%2Frecovery.rs:%3Cmodule%3E%3A%3Afn%20confirm_branch_merge_sidecar_v9:error_constructor:10d48ed379be47b59d36a343508db4cdae0adf130cb818220c554d08550b045d:sidecar:1:1	rust_string	crates/omnigraph/src/db/manifest/recovery.rs	<module>::fn confirm_branch_merge_sidecar_v9 :: error_constructor :: 10d48ed379be47b59d36a343508db4cdae0adf130cb818220c554d08550b045d #1	error_constructor	sidecar	sidecar	physical_storage	retain accurate physical/storage terminology	none	omnigraph-engine owning tests plus G2 guard	Reviewed as accurate Lance, Arrow, manifest, recovery, or physical execution terminology.
2	rust_string:crates%2Fomnigraph%2Fsrc%2Fdb%2Fmanifest%2Frecovery.rs:%3Cmodule%3E%3A%3Afn%20confirm_branch_merge_sidecar_v9:error_constructor:10d48ed379be47b59d36a343508db4cdae0adf130cb818220c554d08550b045d:table:1:1	rust_string	crates/omnigraph/src/db/manifest/recovery.rs	<module>::fn confirm_branch_merge_sidecar_v9 :: error_constructor :: 10d48ed379be47b59d36a343508db4cdae0adf130cb818220c554d08550b045d #1	error_constructor	table	table	physical_storage	retain accurate physical/storage terminology	none	omnigraph-engine owning tests plus G2 guard	Reviewed as accurate Lance, Arrow, manifest, recovery, or physical execution terminology.
2	rust_string:crates%2Fomnigraph%2Fsrc%2Fdb%2Fmanifest%2Frecovery.rs:%3Cmodule%3E%3A%3Afn%20confirm_branch_merge_sidecar_v9:error_constructor:1399651e01c96d73933c7fae68cac3dca7ffc9f747448d4301d41398026114c1:sidecar:1:1	rust_string	crates/omnigraph/src/db/manifest/recovery.rs	<module>::fn confirm_branch_merge_sidecar_v9 :: error_constructor :: 1399651e01c96d73933c7fae68cac3dca7ffc9f747448d4301d41398026114c1 #1	error_constructor	sidecar	sidecar	physical_storage	retain accurate physical/storage terminology	none	omnigraph-engine owning tests plus G2 guard	Reviewed as accurate Lance, Arrow, manifest, recovery, or physical execution terminology.
2	rust_string:crates%2Fomnigraph%2Fsrc%2Fdb%2Fmanifest%2Frecovery.rs:%3Cmodule%3E%3A%3Afn%20confirm_branch_merge_sidecar_v9:error_constructor:369676064977d693fc40bddd37bfc090be235be8c1c8b0f281d9203d32f768b0:sidecar:1:1	rust_string	crates/omnigraph/src/db/manifest/recovery.rs	<module>::fn confirm_branch_merge_sidecar_v9 :: error_constructor :: 369676064977d693fc40bddd37bfc090be235be8c1c8b0f281d9203d32f768b0 #1	error_constructor	sidecar	sidecar	physical_storage	retain accurate physical/storage terminology	none	omnigraph-engine owning tests plus G2 guard	Reviewed as accurate Lance, Arrow, manifest, recovery, or physical execution terminology.
2	rust_string:crates%2Fomnigraph%2Fsrc%2Fdb%2Fmanifest%2Frecovery.rs:%3Cmodule%3E%3A%3Afn%20confirm_branch_merge_sidecar_v9:error_constructor:369676064977d693fc40bddd37bfc090be235be8c1c8b0f281d9203d32f768b0:table:1:1	rust_string	crates/omnigraph/src/db/manifest/recovery.rs	<module>::fn confirm_branch_merge_sidecar_v9 :: error_constructor :: 369676064977d693fc40bddd37bfc090be235be8c1c8b0f281d9203d32f768b0 #1	error_constructor	table	table	physical_storage	retain accurate physical/storage terminology	none	omnigraph-engine owning tests plus G2 guard	Reviewed as accurate Lance, Arrow, manifest, recovery, or physical execution terminology.
2	rust_string:crates%2Fomnigraph%2Fsrc%2Fdb%2Fmanifest%2Frecovery.rs:%3Cmodule%3E%3A%3Afn%20confirm_branch_merge_sidecar_v9:error_constructor:590a8817824bdaf92e70d44edb8efab1f6983a8dcb2a4b508f28bdbbd628a95b:sidecar:1:1	rust_string	crates/omnigraph/src/db/manifest/recovery.rs	<module>::fn confirm_branch_merge_sidecar_v9 :: error_constructor :: 590a8817824bdaf92e70d44edb8efab1f6983a8dcb2a4b508f28bdbbd628a95b #1	error_constructor	sidecar	sidecar	physical_storage	retain accurate physical/storage terminology	none	omnigraph-engine owning tests plus G2 guard	Reviewed as accurate Lance, Arrow, manifest, recovery, or physical execution terminology.
2	rust_string:crates%2Fomnigraph%2Fsrc%2Fdb%2Fmanifest%2Frecovery.rs:%3Cmodule%3E%3A%3Afn%20confirm_branch_merge_sidecar_v9:error_constructor:590a8817824bdaf92e70d44edb8efab1f6983a8dcb2a4b508f28bdbbd628a95b:table:1:1	rust_string	crates/omnigraph/src/db/manifest/recovery.rs	<module>::fn confirm_branch_merge_sidecar_v9 :: error_constructor :: 590a8817824bdaf92e70d44edb8efab1f6983a8dcb2a4b508f28bdbbd628a95b #1	error_constructor	table	table	physical_storage	retain accurate physical/storage terminology	none	omnigraph-engine owning tests plus G2 guard	Reviewed as accurate Lance, Arrow, manifest, recovery, or physical execution terminology.
2	rust_string:crates%2Fomnigraph%2Fsrc%2Fdb%2Fmanifest%2Frecovery.rs:%3Cmodule%3E%3A%3Afn%20confirm_branch_merge_sidecar_v9:error_constructor:6bd521b92811d51047adcb5d1bf86cdd552746985958714360bb3343bae12583:sidecar:1:1	rust_string	crates/omnigraph/src/db/manifest/recovery.rs	<module>::fn confirm_branch_merge_sidecar_v9 :: error_constructor :: 6bd521b92811d51047adcb5d1bf86cdd552746985958714360bb3343bae12583 #1	error_constructor	sidecar	sidecar	physical_storage	retain accurate physical/storage terminology	none	omnigraph-engine owning tests plus G2 guard	Reviewed as accurate Lance, Arrow, manifest, recovery, or physical execution terminology.
2	rust_string:crates%2Fomnigraph%2Fsrc%2Fdb%2Fmanifest%2Frecovery.rs:%3Cmodule%3E%3A%3Afn%20confirm_branch_merge_sidecar_v9:error_constructor:76345400650919d3d37ae8bf7c91af1627cd61a3a1108501fad3ead131edd381:sidecar:1:1	rust_string	crates/omnigraph/src/db/manifest/recovery.rs	<module>::fn confirm_branch_merge_sidecar_v9 :: error_constructor :: 76345400650919d3d37ae8bf7c91af1627cd61a3a1108501fad3ead131edd381 #1	error_constructor	sidecar	sidecar	physical_storage	retain accurate physical/storage terminology	none	omnigraph-engine owning tests plus G2 guard	Reviewed as accurate Lance, Arrow, manifest, recovery, or physical execution terminology.
2	rust_string:crates%2Fomnigraph%2Fsrc%2Fdb%2Fmanifest%2Frecovery.rs:%3Cmodule%3E%3A%3Afn%20confirm_branch_merge_sidecar_v9:error_constructor:7e05a8cdceda893ec9ca8124910e0d9273f4d5eee51cadc8c1b645d28e08784f:sidecar:1:1	rust_string	crates/omnigraph/src/db/manifest/recovery.rs	<module>::fn confirm_branch_merge_sidecar_v9 :: error_constructor :: 7e05a8cdceda893ec9ca8124910e0d9273f4d5eee51cadc8c1b645d28e08784f #1	error_constructor	sidecar	sidecar	physical_storage	retain accurate physical/storage terminology	none	omnigraph-engine owning tests plus G2 guard	Reviewed as accurate Lance, Arrow, manifest, recovery, or physical execution terminology.
2	rust_string:crates%2Fomnigraph%2Fsrc%2Fdb%2Fmanifest%2Frecovery.rs:%3Cmodule%3E%3A%3Afn%20confirm_branch_merge_sidecar_v9:error_constructor:7e05a8cdceda893ec9ca8124910e0d9273f4d5eee51cadc8c1b645d28e08784f:table:1:1	rust_string	crates/omnigraph/src/db/manifest/recovery.rs	<module>::fn confirm_branch_merge_sidecar_v9 :: error_constructor :: 7e05a8cdceda893ec9ca8124910e0d9273f4d5eee51cadc8c1b645d28e08784f #1	error_constructor	table	table	physical_storage	retain accurate physical/storage terminology	none	omnigraph-engine owning tests plus G2 guard	Reviewed as accurate Lance, Arrow, manifest, recovery, or physical execution terminology.
2	rust_string:crates%2Fomnigraph%2Fsrc%2Fdb%2Fmanifest%2Frecovery.rs:%3Cmodule%3E%3A%3Afn%20confirm_branch_merge_sidecar_v9:error_constructor:8e0576264229ec681d1ff65c321b8f38d73c57c79066d06c88b3c658806db878:sidecar:1:1	rust_string	crates/omnigraph/src/db/manifest/recovery.rs	<module>::fn confirm_branch_merge_sidecar_v9 :: error_constructor :: 8e0576264229ec681d1ff65c321b8f38d73c57c79066d06c88b3c658806db878 #1	error_constructor	sidecar	sidecar	physical_storage	retain accurate physical/storage terminology	none	omnigraph-engine owning tests plus G2 guard	Reviewed as accurate Lance, Arrow, manifest, recovery, or physical execution terminology.
2	rust_string:crates%2Fomnigraph%2Fsrc%2Fdb%2Fmanifest%2Frecovery.rs:%3Cmodule%3E%3A%3Afn%20confirm_branch_merge_sidecar_v9:error_constructor:8e0576264229ec681d1ff65c321b8f38d73c57c79066d06c88b3c658806db878:table:1:1	rust_string	crates/omnigraph/src/db/manifest/recovery.rs	<module>::fn confirm_branch_merge_sidecar_v9 :: error_constructor :: 8e0576264229ec681d1ff65c321b8f38d73c57c79066d06c88b3c658806db878 #1	error_constructor	table	table	physical_storage	retain accurate physical/storage terminology	none	omnigraph-engine owning tests plus G2 guard	Reviewed as accurate Lance, Arrow, manifest, recovery, or physical execution terminology.
2	rust_string:crates%2Fomnigraph%2Fsrc%2Fdb%2Fmanifest%2Frecovery.rs:%3Cmodule%3E%3A%3Afn%20confirm_branch_merge_sidecar_v9:error_constructor:9247db89d261580b9eec0f9ab744571e635eab843afc826df37ce8cfaa65c0cc:sidecar:1:1	rust_string	crates/omnigraph/src/db/manifest/recovery.rs	<module>::fn confirm_branch_merge_sidecar_v9 :: error_constructor :: 9247db89d261580b9eec0f9ab744571e635eab843afc826df37ce8cfaa65c0cc #1	error_constructor	sidecar	sidecar	physical_storage	retain accurate physical/storage terminology	none	omnigraph-engine owning tests plus G2 guard	Reviewed as accurate Lance, Arrow, manifest, recovery, or physical execution terminology.
2	rust_string:crates%2Fomnigraph%2Fsrc%2Fdb%2Fmanifest%2Frecovery.rs:%3Cmodule%3E%3A%3Afn%20confirm_branch_merge_sidecar_v9:error_constructor:9dfe918db5d330c05751cd377dbe93e1aed3a2affceebe43a487b6707dacf8bf:sidecar:1:1	rust_string	crates/omnigraph/src/db/manifest/recovery.rs	<module>::fn confirm_branch_merge_sidecar_v9 :: error_constructor :: 9dfe918db5d330c05751cd377dbe93e1aed3a2affceebe43a487b6707dacf8bf #1	error_constructor	sidecar	sidecar	physical_storage	retain accurate physical/storage terminology	none	omnigraph-engine owning tests plus G2 guard	Reviewed as accurate Lance, Arrow, manifest, recovery, or physical execution terminology.
2	rust_string:crates%2Fomnigraph%2Fsrc%2Fdb%2Fmanifest%2Frecovery.rs:%3Cmodule%3E%3A%3Afn%20confirm_branch_merge_sidecar_v9:error_constructor:9dfe918db5d330c05751cd377dbe93e1aed3a2affceebe43a487b6707dacf8bf:table:1:1	rust_string	crates/omnigraph/src/db/manifest/recovery.rs	<module>::fn confirm_branch_merge_sidecar_v9 :: error_constructor :: 9dfe918db5d330c05751cd377dbe93e1aed3a2affceebe43a487b6707dacf8bf #1	error_constructor	table	table	physical_storage	retain accurate physical/storage terminology	none	omnigraph-engine owning tests plus G2 guard	Reviewed as accurate Lance, Arrow, manifest, recovery, or physical execution terminology.
2	rust_string:crates%2Fomnigraph%2Fsrc%2Fdb%2Fmanifest%2Frecovery.rs:%3Cmodule%3E%3A%3Afn%20confirm_branch_merge_sidecar_v9:error_constructor:ad81722546182bcdf192bd3ae087f2ab0191cdad65dcdfc025f512f6a014bd7b:sidecar:1:1	rust_string	crates/omnigraph/src/db/manifest/recovery.rs	<module>::fn confirm_branch_merge_sidecar_v9 :: error_constructor :: ad81722546182bcdf192bd3ae087f2ab0191cdad65dcdfc025f512f6a014bd7b #1	error_constructor	sidecar	sidecar	physical_storage	retain accurate physical/storage terminology	none	omnigraph-engine owning tests plus G2 guard	Reviewed as accurate Lance, Arrow, manifest, recovery, or physical execution terminology.
2	rust_string:crates%2Fomnigraph%2Fsrc%2Fdb%2Fmanifest%2Frecovery.rs:%3Cmodule%3E%3A%3Afn%20confirm_branch_merge_sidecar_v9:error_constructor:ad81722546182bcdf192bd3ae087f2ab0191cdad65dcdfc025f512f6a014bd7b:table:1:1	rust_string	crates/omnigraph/src/db/manifest/recovery.rs	<module>::fn confirm_branch_merge_sidecar_v9 :: error_constructor :: ad81722546182bcdf192bd3ae087f2ab0191cdad65dcdfc025f512f6a014bd7b #1	error_constructor	table	table	physical_storage	retain accurate physical/storage terminology	none	omnigraph-engine owning tests plus G2 guard	Reviewed as accurate Lance, Arrow, manifest, recovery, or physical execution terminology.
2	rust_string:crates%2Fomnigraph%2Fsrc%2Fdb%2Fmanifest%2Frecovery.rs:%3Cmodule%3E%3A%3Afn%20confirm_branch_merge_sidecar_v9:error_constructor:e3c60ac851be831063b02ed64dddd76fd79fdf10a2342e60313745985018e6ff:sidecar:1:1	rust_string	crates/omnigraph/src/db/manifest/recovery.rs	<module>::fn confirm_branch_merge_sidecar_v9 :: error_constructor :: e3c60ac851be831063b02ed64dddd76fd79fdf10a2342e60313745985018e6ff #1	error_constructor	sidecar	sidecar	physical_storage	retain accurate physical/storage terminology	none	omnigraph-engine owning tests plus G2 guard	Reviewed as accurate Lance, Arrow, manifest, recovery, or physical execution terminology.
2	rust_string:crates%2Fomnigraph%2Fsrc%2Fdb%2Fmanifest%2Frecovery.rs:%3Cmodule%3E%3A%3Afn%20confirm_branch_merge_sidecar_v9:error_constructor:eaa273ea13caf682e4085da80399a5742ea8252d08935524f0d67d94721d5ad3:sidecar:1:1	rust_string	crates/omnigraph/src/db/manifest/recovery.rs	<module>::fn confirm_branch_merge_sidecar_v9 :: error_constructor :: eaa273ea13caf682e4085da80399a5742ea8252d08935524f0d67d94721d5ad3 #1	error_constructor	sidecar	sidecar	physical_storage	retain accurate physical/storage terminology	none	omnigraph-engine owning tests plus G2 guard	Reviewed as accurate Lance, Arrow, manifest, recovery, or physical execution terminology.
2	rust_string:crates%2Fomnigraph%2Fsrc%2Fdb%2Fmanifest%2Frecovery.rs:%3Cmodule%3E%3A%3Afn%20confirm_branch_merge_sidecar_v9:error_constructor:ecc01eac6a2bbdf9193372a367d92318f4d098d38f7636721a861cc4e87f9adc:sidecar:1:1	rust_string	crates/omnigraph/src/db/manifest/recovery.rs	<module>::fn confirm_branch_merge_sidecar_v9 :: error_constructor :: ecc01eac6a2bbdf9193372a367d92318f4d098d38f7636721a861cc4e87f9adc #1	error_constructor	sidecar	sidecar	physical_storage	retain accurate physical/storage terminology	none	omnigraph-engine owning tests plus G2 guard	Reviewed as accurate Lance, Arrow, manifest, recovery, or physical execution terminology.
2	rust_string:crates%2Fomnigraph%2Fsrc%2Fdb%2Fmanifest%2Frecovery.rs:%3Cmodule%3E%3A%3Afn%20confirm_branch_merge_sidecar_v9:error_constructor:ecc01eac6a2bbdf9193372a367d92318f4d098d38f7636721a861cc4e87f9adc:table:1:1	rust_string	crates/omnigraph/src/db/manifest/recovery.rs	<module>::fn confirm_branch_merge_sidecar_v9 :: error_constructor :: ecc01eac6a2bbdf9193372a367d92318f4d098d38f7636721a861cc4e87f9adc #1	error_constructor	table	table	physical_storage	retain accurate physical/storage terminology	none	omnigraph-engine owning tests plus G2 guard	Reviewed as accurate Lance, Arrow, manifest, recovery, or physical execution terminology.
2	rust_string:crates%2Fomnigraph%2Fsrc%2Fdb%2Fmanifest%2Frecovery.rs:%3Cmodule%3E%3A%3Afn%20confirm_ensure_indices_sidecar_v9:error_constructor:012613db83255ac1ac58ed5fec62432776fa19cf627a3f1160c4948af487cc06:sidecar:1:1	rust_string	crates/omnigraph/src/db/manifest/recovery.rs	<module>::fn confirm_ensure_indices_sidecar_v9 :: error_constructor :: 012613db83255ac1ac58ed5fec62432776fa19cf627a3f1160c4948af487cc06 #1	error_constructor	sidecar	sidecar	physical_storage	retain accurate physical/storage terminology	none	omnigraph-engine owning tests plus G2 guard	Reviewed as accurate Lance, Arrow, manifest, recovery, or physical execution terminology.
2	rust_string:crates%2Fomnigraph%2Fsrc%2Fdb%2Fmanifest%2Frecovery.rs:%3Cmodule%3E%3A%3Afn%20confirm_ensure_indices_sidecar_v9:error_constructor:012613db83255ac1ac58ed5fec62432776fa19cf627a3f1160c4948af487cc06:sidecar:1:2	rust_string	crates/omnigraph/src/db/manifest/recovery.rs	<module>::fn confirm_ensure_indices_sidecar_v9 :: error_constructor :: 012613db83255ac1ac58ed5fec62432776fa19cf627a3f1160c4948af487cc06 #1	error_constructor	sidecar	sidecar	physical_storage	retain accurate physical/storage terminology	none	omnigraph-engine owning tests plus G2 guard	Reviewed as accurate Lance, Arrow, manifest, recovery, or physical execution terminology.
2	rust_string:crates%2Fomnigraph%2Fsrc%2Fdb%2Fmanifest%2Frecovery.rs:%3Cmodule%3E%3A%3Afn%20confirm_ensure_indices_sidecar_v9:error_constructor:01f1d69aaaa1c1b7c370aefc0d04c9dd32bb32288b7938888a53df4dab3a4759:sidecar:1:1	rust_string	crates/omnigraph/src/db/manifest/recovery.rs	<module>::fn confirm_ensure_indices_sidecar_v9 :: error_constructor :: 01f1d69aaaa1c1b7c370aefc0d04c9dd32bb32288b7938888a53df4dab3a4759 #1	error_constructor	sidecar	sidecar	physical_storage	retain accurate physical/storage terminology	none	omnigraph-engine owning tests plus G2 guard	Reviewed as accurate Lance, Arrow, manifest, recovery, or physical execution terminology.
2	rust_string:crates%2Fomnigraph%2Fsrc%2Fdb%2Fmanifest%2Frecovery.rs:%3Cmodule%3E%3A%3Afn%20confirm_ensure_indices_sidecar_v9:error_constructor:0575f796ddcd0644c3d73a023da70227383a68b942f0681c6d26cd43c02adb5b:sidecar:1:1	rust_string	crates/omnigraph/src/db/manifest/recovery.rs	<module>::fn confirm_ensure_indices_sidecar_v9 :: error_constructor :: 0575f796ddcd0644c3d73a023da70227383a68b942f0681c6d26cd43c02adb5b #1	error_constructor	sidecar	sidecar	physical_storage	retain accurate physical/storage terminology	none	omnigraph-engine owning tests plus G2 guard	Reviewed as accurate Lance, Arrow, manifest, recovery, or physical execution terminology.
2	rust_string:crates%2Fomnigraph%2Fsrc%2Fdb%2Fmanifest%2Frecovery.rs:%3Cmodule%3E%3A%3Afn%20confirm_ensure_indices_sidecar_v9:error_constructor:41394bc9d2e49ee54cb40eec0d7d2a32cf928708786cc33a6749301acd039696:sidecar:1:1	rust_string	crates/omnigraph/src/db/manifest/recovery.rs	<module>::fn confirm_ensure_indices_sidecar_v9 :: error_constructor :: 41394bc9d2e49ee54cb40eec0d7d2a32cf928708786cc33a6749301acd039696 #1	error_constructor	sidecar	sidecar	physical_storage	retain accurate physical/storage terminology	none	omnigraph-engine owning tests plus G2 guard	Reviewed as accurate Lance, Arrow, manifest, recovery, or physical execution terminology.
2	rust_string:crates%2Fomnigraph%2Fsrc%2Fdb%2Fmanifest%2Frecovery.rs:%3Cmodule%3E%3A%3Afn%20confirm_ensure_indices_sidecar_v9:error_constructor:41394bc9d2e49ee54cb40eec0d7d2a32cf928708786cc33a6749301acd039696:table:1:1	rust_string	crates/omnigraph/src/db/manifest/recovery.rs	<module>::fn confirm_ensure_indices_sidecar_v9 :: error_constructor :: 41394bc9d2e49ee54cb40eec0d7d2a32cf928708786cc33a6749301acd039696 #1	error_constructor	table	table	physical_storage	retain accurate physical/storage terminology	none	omnigraph-engine owning tests plus G2 guard	Reviewed as accurate Lance, Arrow, manifest, recovery, or physical execution terminology.
2	rust_string:crates%2Fomnigraph%2Fsrc%2Fdb%2Fmanifest%2Frecovery.rs:%3Cmodule%3E%3A%3Afn%20confirm_ensure_indices_sidecar_v9:error_constructor:4cb93b941c14c349c6dbf55a78f11f1686772683f26188a6b3fc8f44c8631933:sidecar:1:1	rust_string	crates/omnigraph/src/db/manifest/recovery.rs	<module>::fn confirm_ensure_indices_sidecar_v9 :: error_constructor :: 4cb93b941c14c349c6dbf55a78f11f1686772683f26188a6b3fc8f44c8631933 #1	error_constructor	sidecar	sidecar	physical_storage	retain accurate physical/storage terminology	none	omnigraph-engine owning tests plus G2 guard	Reviewed as accurate Lance, Arrow, manifest, recovery, or physical execution terminology.
2	rust_string:crates%2Fomnigraph%2Fsrc%2Fdb%2Fmanifest%2Frecovery.rs:%3Cmodule%3E%3A%3Afn%20confirm_ensure_indices_sidecar_v9:error_constructor:4cb93b941c14c349c6dbf55a78f11f1686772683f26188a6b3fc8f44c8631933:table:1:1	rust_string	crates/omnigraph/src/db/manifest/recovery.rs	<module>::fn confirm_ensure_indices_sidecar_v9 :: error_constructor :: 4cb93b941c14c349c6dbf55a78f11f1686772683f26188a6b3fc8f44c8631933 #1	error_constructor	table	table	physical_storage	retain accurate physical/storage terminology	none	omnigraph-engine owning tests plus G2 guard	Reviewed as accurate Lance, Arrow, manifest, recovery, or physical execution terminology.
2	rust_string:crates%2Fomnigraph%2Fsrc%2Fdb%2Fmanifest%2Frecovery.rs:%3Cmodule%3E%3A%3Afn%20confirm_ensure_indices_sidecar_v9:error_constructor:7abe70bfa11c3baf23816aab8bfd5f803c8e3a2406cc02d5ff674689ff4842f4:sidecar:1:1	rust_string	crates/omnigraph/src/db/manifest/recovery.rs	<module>::fn confirm_ensure_indices_sidecar_v9 :: error_constructor :: 7abe70bfa11c3baf23816aab8bfd5f803c8e3a2406cc02d5ff674689ff4842f4 #1	error_constructor	sidecar	sidecar	physical_storage	retain accurate physical/storage terminology	none	omnigraph-engine owning tests plus G2 guard	Reviewed as accurate Lance, Arrow, manifest, recovery, or physical execution terminology.
2	rust_string:crates%2Fomnigraph%2Fsrc%2Fdb%2Fmanifest%2Frecovery.rs:%3Cmodule%3E%3A%3Afn%20confirm_ensure_indices_sidecar_v9:error_constructor:7abe70bfa11c3baf23816aab8bfd5f803c8e3a2406cc02d5ff674689ff4842f4:table:1:1	rust_string	crates/omnigraph/src/db/manifest/recovery.rs	<module>::fn confirm_ensure_indices_sidecar_v9 :: error_constructor :: 7abe70bfa11c3baf23816aab8bfd5f803c8e3a2406cc02d5ff674689ff4842f4 #1	error_constructor	table	table	physical_storage	retain accurate physical/storage terminology	none	omnigraph-engine owning tests plus G2 guard	Reviewed as accurate Lance, Arrow, manifest, recovery, or physical execution terminology.
2	rust_string:crates%2Fomnigraph%2Fsrc%2Fdb%2Fmanifest%2Frecovery.rs:%3Cmodule%3E%3A%3Afn%20confirm_ensure_indices_sidecar_v9:error_constructor:85195699e4b4f03f8fb7c4828d25a1f1e22312cf0921b99c691bed94cbb6e275:sidecar:1:1	rust_string	crates/omnigraph/src/db/manifest/recovery.rs	<module>::fn confirm_ensure_indices_sidecar_v9 :: error_constructor :: 85195699e4b4f03f8fb7c4828d25a1f1e22312cf0921b99c691bed94cbb6e275 #1	error_constructor	sidecar	sidecar	physical_storage	retain accurate physical/storage terminology	none	omnigraph-engine owning tests plus G2 guard	Reviewed as accurate Lance, Arrow, manifest, recovery, or physical execution terminology.
2	rust_string:crates%2Fomnigraph%2Fsrc%2Fdb%2Fmanifest%2Frecovery.rs:%3Cmodule%3E%3A%3Afn%20confirm_ensure_indices_sidecar_v9:error_constructor:a9f36b89ed219638bdf056ba69f3c47a3548172d78fe8b8a6570896bcc2e81f8:sidecar:1:1	rust_string	crates/omnigraph/src/db/manifest/recovery.rs	<module>::fn confirm_ensure_indices_sidecar_v9 :: error_constructor :: a9f36b89ed219638bdf056ba69f3c47a3548172d78fe8b8a6570896bcc2e81f8 #1	error_constructor	sidecar	sidecar	physical_storage	retain accurate physical/storage terminology	none	omnigraph-engine owning tests plus G2 guard	Reviewed as accurate Lance, Arrow, manifest, recovery, or physical execution terminology.
2	rust_string:crates%2Fomnigraph%2Fsrc%2Fdb%2Fmanifest%2Frecovery.rs:%3Cmodule%3E%3A%3Afn%20confirm_ensure_indices_sidecar_v9:error_constructor:a9f36b89ed219638bdf056ba69f3c47a3548172d78fe8b8a6570896bcc2e81f8:table:1:1	rust_string	crates/omnigraph/src/db/manifest/recovery.rs	<module>::fn confirm_ensure_indices_sidecar_v9 :: error_constructor :: a9f36b89ed219638bdf056ba69f3c47a3548172d78fe8b8a6570896bcc2e81f8 #1	error_constructor	table	table	physical_storage	retain accurate physical/storage terminology	none	omnigraph-engine owning tests plus G2 guard	Reviewed as accurate Lance, Arrow, manifest, recovery, or physical execution terminology.
2	rust_string:crates%2Fomnigraph%2Fsrc%2Fdb%2Fmanifest%2Frecovery.rs:%3Cmodule%3E%3A%3Afn%20confirm_occ_sidecar_v9:error_constructor:1078766dc321d6c782d986cff5a6d27c34afb913a9e9cf881a36ee5f149e485b:sidecar:1:1	rust_string	crates/omnigraph/src/db/manifest/recovery.rs	<module>::fn confirm_occ_sidecar_v9 :: error_constructor :: 1078766dc321d6c782d986cff5a6d27c34afb913a9e9cf881a36ee5f149e485b #1	error_constructor	sidecar	sidecar	physical_storage	retain accurate physical/storage terminology	none	omnigraph-engine owning tests plus G2 guard	Reviewed as accurate Lance, Arrow, manifest, recovery, or physical execution terminology.
2	rust_string:crates%2Fomnigraph%2Fsrc%2Fdb%2Fmanifest%2Frecovery.rs:%3Cmodule%3E%3A%3Afn%20confirm_occ_sidecar_v9:error_constructor:49d3dd3860b32a80db3ac094fdac8611eacfa6ebce73decc37db29240ab3de32:sidecar:1:1	rust_string	crates/omnigraph/src/db/manifest/recovery.rs	<module>::fn confirm_occ_sidecar_v9 :: error_constructor :: 49d3dd3860b32a80db3ac094fdac8611eacfa6ebce73decc37db29240ab3de32 #1	error_constructor	sidecar	sidecar	physical_storage	retain accurate physical/storage terminology	none	omnigraph-engine owning tests plus G2 guard	Reviewed as accurate Lance, Arrow, manifest, recovery, or physical execution terminology.
2	rust_string:crates%2Fomnigraph%2Fsrc%2Fdb%2Fmanifest%2Frecovery.rs:%3Cmodule%3E%3A%3Afn%20confirm_occ_sidecar_v9:error_constructor:49d3dd3860b32a80db3ac094fdac8611eacfa6ebce73decc37db29240ab3de32:table:1:1	rust_string	crates/omnigraph/src/db/manifest/recovery.rs	<module>::fn confirm_occ_sidecar_v9 :: error_constructor :: 49d3dd3860b32a80db3ac094fdac8611eacfa6ebce73decc37db29240ab3de32 #1	error_constructor	table	table	physical_storage	retain accurate physical/storage terminology	none	omnigraph-engine owning tests plus G2 guard	Reviewed as accurate Lance, Arrow, manifest, recovery, or physical execution terminology.
2	rust_string:crates%2Fomnigraph%2Fsrc%2Fdb%2Fmanifest%2Frecovery.rs:%3Cmodule%3E%3A%3Afn%20confirm_occ_sidecar_v9:error_constructor:9471c525faa7f2d987e7de60e424d64f44675b6b2c2bccb7eaf3d32ed8d3176a:sidecar:1:1	rust_string	crates/omnigraph/src/db/manifest/recovery.rs	<module>::fn confirm_occ_sidecar_v9 :: error_constructor :: 9471c525faa7f2d987e7de60e424d64f44675b6b2c2bccb7eaf3d32ed8d3176a #1	error_constructor	sidecar	sidecar	physical_storage	retain accurate physical/storage terminology	none	omnigraph-engine owning tests plus G2 guard	Reviewed as accurate Lance, Arrow, manifest, recovery, or physical execution terminology.
2	rust_string:crates%2Fomnigraph%2Fsrc%2Fdb%2Fmanifest%2Frecovery.rs:%3Cmodule%3E%3A%3Afn%20confirm_occ_sidecar_v9:error_constructor:a2fa8fc6398d8403401e99664d47a901dc5268a0ac9cdb049073e48721f5f4ed:sidecar:1:1	rust_string	crates/omnigraph/src/db/manifest/recovery.rs	<module>::fn confirm_occ_sidecar_v9 :: error_constructor :: a2fa8fc6398d8403401e99664d47a901dc5268a0ac9cdb049073e48721f5f4ed #1	error_constructor	sidecar	sidecar	physical_storage	retain accurate physical/storage terminology	none	omnigraph-engine owning tests plus G2 guard	Reviewed as accurate Lance, Arrow, manifest, recovery, or physical execution terminology.
2	rust_string:crates%2Fomnigraph%2Fsrc%2Fdb%2Fmanifest%2Frecovery.rs:%3Cmodule%3E%3A%3Afn%20confirm_occ_sidecar_v9:error_constructor:a2fa8fc6398d8403401e99664d47a901dc5268a0ac9cdb049073e48721f5f4ed:sidecar:1:2	rust_string	crates/omnigraph/src/db/manifest/recovery.rs	<module>::fn confirm_occ_sidecar_v9 :: error_constructor :: a2fa8fc6398d8403401e99664d47a901dc5268a0ac9cdb049073e48721f5f4ed #1	error_constructor	sidecar	sidecar	physical_storage	retain accurate physical/storage terminology	none	omnigraph-engine owning tests plus G2 guard	Reviewed as accurate Lance, Arrow, manifest, recovery, or physical execution terminology.
2	rust_string:crates%2Fomnigraph%2Fsrc%2Fdb%2Fmanifest%2Frecovery.rs:%3Cmodule%3E%3A%3Afn%20confirm_occ_sidecar_v9:error_constructor:f123b92a4bc0f07de2a8dd1193adfd4dbe11868e7cb5852a545e55402011c621:sidecar:1:1	rust_string	crates/omnigraph/src/db/manifest/recovery.rs	<module>::fn confirm_occ_sidecar_v9 :: error_constructor :: f123b92a4bc0f07de2a8dd1193adfd4dbe11868e7cb5852a545e55402011c621 #1	error_constructor	sidecar	sidecar	physical_storage	retain accurate physical/storage terminology	none	omnigraph-engine owning tests plus G2 guard	Reviewed as accurate Lance, Arrow, manifest, recovery, or physical execution terminology.
2	rust_string:crates%2Fomnigraph%2Fsrc%2Fdb%2Fmanifest%2Frecovery.rs:%3Cmodule%3E%3A%3Afn%20confirm_occ_sidecar_v9:error_constructor:f2d3eed07fef62373fc9667cf9fd6b2313da58cd0616055f8eb6dc5208d7fe33:sidecar:1:1	rust_string	crates/omnigraph/src/db/manifest/recovery.rs	<module>::fn confirm_occ_sidecar_v9 :: error_constructor :: f2d3eed07fef62373fc9667cf9fd6b2313da58cd0616055f8eb6dc5208d7fe33 #1	error_constructor	sidecar	sidecar	physical_storage	retain accurate physical/storage terminology	none	omnigraph-engine owning tests plus G2 guard	Reviewed as accurate Lance, Arrow, manifest, recovery, or physical execution terminology.
2	rust_string:crates%2Fomnigraph%2Fsrc%2Fdb%2Fmanifest%2Frecovery.rs:%3Cmodule%3E%3A%3Afn%20confirm_occ_sidecar_v9:error_constructor:f2d3eed07fef62373fc9667cf9fd6b2313da58cd0616055f8eb6dc5208d7fe33:table:1:1	rust_string	crates/omnigraph/src/db/manifest/recovery.rs	<module>::fn confirm_occ_sidecar_v9 :: error_constructor :: f2d3eed07fef62373fc9667cf9fd6b2313da58cd0616055f8eb6dc5208d7fe33 #1	error_constructor	table	table	physical_storage	retain accurate physical/storage terminology	none	omnigraph-engine owning tests plus G2 guard	Reviewed as accurate Lance, Arrow, manifest, recovery, or physical execution terminology.
2	rust_string:crates%2Fomnigraph%2Fsrc%2Fdb%2Fmanifest%2Frecovery.rs:%3Cmodule%3E%3A%3Afn%20confirm_schema_apply_sidecar_v9:error_constructor:2f7c094c0011d2505ed8e1a94dd1a5ae951ce1deefd1a1e1694d8bb36313e6b7:sidecar:1:1	rust_string	crates/omnigraph/src/db/manifest/recovery.rs	<module>::fn confirm_schema_apply_sidecar_v9 :: error_constructor :: 2f7c094c0011d2505ed8e1a94dd1a5ae951ce1deefd1a1e1694d8bb36313e6b7 #1	error_constructor	sidecar	sidecar	physical_storage	retain accurate physical/storage terminology	none	omnigraph-engine owning tests plus G2 guard	Reviewed as accurate Lance, Arrow, manifest, recovery, or physical execution terminology.
2	rust_string:crates%2Fomnigraph%2Fsrc%2Fdb%2Fmanifest%2Frecovery.rs:%3Cmodule%3E%3A%3Afn%20confirm_schema_apply_sidecar_v9:error_constructor:2f7c094c0011d2505ed8e1a94dd1a5ae951ce1deefd1a1e1694d8bb36313e6b7:table:1:1	rust_string	crates/omnigraph/src/db/manifest/recovery.rs	<module>::fn confirm_schema_apply_sidecar_v9 :: error_constructor :: 2f7c094c0011d2505ed8e1a94dd1a5ae951ce1deefd1a1e1694d8bb36313e6b7 #1	error_constructor	table	table	physical_storage	retain accurate physical/storage terminology	none	omnigraph-engine owning tests plus G2 guard	Reviewed as accurate Lance, Arrow, manifest, recovery, or physical execution terminology.
2	rust_string:crates%2Fomnigraph%2Fsrc%2Fdb%2Fmanifest%2Frecovery.rs:%3Cmodule%3E%3A%3Afn%20confirm_schema_apply_sidecar_v9:error_constructor:48d57a9f3f3c0cfb0be5c137679327d17bbc36a0d77f7faae694be7cd768cf37:sidecar:1:1	rust_string	crates/omnigraph/src/db/manifest/recovery.rs	<module>::fn confirm_schema_apply_sidecar_v9 :: error_constructor :: 48d57a9f3f3c0cfb0be5c137679327d17bbc36a0d77f7faae694be7cd768cf37 #1	error_constructor	sidecar	sidecar	physical_storage	retain accurate physical/storage terminology	none	omnigraph-engine owning tests plus G2 guard	Reviewed as accurate Lance, Arrow, manifest, recovery, or physical execution terminology.
2	rust_string:crates%2Fomnigraph%2Fsrc%2Fdb%2Fmanifest%2Frecovery.rs:%3Cmodule%3E%3A%3Afn%20confirm_schema_apply_sidecar_v9:error_constructor:8e472e96cdeccb000b0a2f215486d8dd0da18665e713e5331fbb3f40c24b91fd:sidecar:1:1	rust_string	crates/omnigraph/src/db/manifest/recovery.rs	<module>::fn confirm_schema_apply_sidecar_v9 :: error_constructor :: 8e472e96cdeccb000b0a2f215486d8dd0da18665e713e5331fbb3f40c24b91fd #1	error_constructor	sidecar	sidecar	physical_storage	retain accurate physical/storage terminology	none	omnigraph-engine owning tests plus G2 guard	Reviewed as accurate Lance, Arrow, manifest, recovery, or physical execution terminology.
2	rust_string:crates%2Fomnigraph%2Fsrc%2Fdb%2Fmanifest%2Frecovery.rs:%3Cmodule%3E%3A%3Afn%20confirm_schema_apply_sidecar_v9:error_constructor:8e472e96cdeccb000b0a2f215486d8dd0da18665e713e5331fbb3f40c24b91fd:sidecar:1:2	rust_string	crates/omnigraph/src/db/manifest/recovery.rs	<module>::fn confirm_schema_apply_sidecar_v9 :: error_constructor :: 8e472e96cdeccb000b0a2f215486d8dd0da18665e713e5331fbb3f40c24b91fd #1	error_constructor	sidecar	sidecar	physical_storage	retain accurate physical/storage terminology	none	omnigraph-engine owning tests plus G2 guard	Reviewed as accurate Lance, Arrow, manifest, recovery, or physical execution terminology.
2	rust_string:crates%2Fomnigraph%2Fsrc%2Fdb%2Fmanifest%2Frecovery.rs:%3Cmodule%3E%3A%3Afn%20confirm_schema_apply_sidecar_v9:error_constructor:b471ab22c7e6eb1f01b4e39187b3cdd0d6e17698256d014ad53ad4becb2f943e:sidecar:1:1	rust_string	crates/omnigraph/src/db/manifest/recovery.rs	<module>::fn confirm_schema_apply_sidecar_v9 :: error_constructor :: b471ab22c7e6eb1f01b4e39187b3cdd0d6e17698256d014ad53ad4becb2f943e #1	error_constructor	sidecar	sidecar	physical_storage	retain accurate physical/storage terminology	none	omnigraph-engine owning tests plus G2 guard	Reviewed as accurate Lance, Arrow, manifest, recovery, or physical execution terminology.
2	rust_string:crates%2Fomnigraph%2Fsrc%2Fdb%2Fmanifest%2Frecovery.rs:%3Cmodule%3E%3A%3Afn%20confirm_schema_apply_sidecar_v9:error_constructor:e7c21e6e9ed40a4392b32fc3229545719fb75a45e431393ccc2f521514330527:sidecar:1:1	rust_string	crates/omnigraph/src/db/manifest/recovery.rs	<module>::fn confirm_schema_apply_sidecar_v9 :: error_constructor :: e7c21e6e9ed40a4392b32fc3229545719fb75a45e431393ccc2f521514330527 #1	error_constructor	sidecar	sidecar	physical_storage	retain accurate physical/storage terminology	none	omnigraph-engine owning tests plus G2 guard	Reviewed as accurate Lance, Arrow, manifest, recovery, or physical execution terminology.
2	rust_string:crates%2Fomnigraph%2Fsrc%2Fdb%2Fmanifest%2Frecovery.rs:%3Cmodule%3E%3A%3Afn%20detect_visible_ensure_indices_rollback:error_constructor:5153e63828f6857cd19edeb99414c9a8a855ed7dce8aeec5ce06192da08e942c:sidecar:1:1	rust_string	crates/omnigraph/src/db/manifest/recovery.rs	<module>::fn detect_visible_ensure_indices_rollback :: error_constructor :: 5153e63828f6857cd19edeb99414c9a8a855ed7dce8aeec5ce06192da08e942c #1	error_constructor	sidecar	sidecar	physical_storage	retain accurate physical/storage terminology	none	omnigraph-engine owning tests plus G2 guard	Reviewed as accurate Lance, Arrow, manifest, recovery, or physical execution terminology.
2	rust_string:crates%2Fomnigraph%2Fsrc%2Fdb%2Fmanifest%2Frecovery.rs:%3Cmodule%3E%3A%3Afn%20detect_visible_ensure_indices_rollback:error_constructor:982ced6f6f774f3aa7e060d663be133e98d6745472ca4c1e5b1e70c224219697:sidecar:1:1	rust_string	crates/omnigraph/src/db/manifest/recovery.rs	<module>::fn detect_visible_ensure_indices_rollback :: error_constructor :: 982ced6f6f774f3aa7e060d663be133e98d6745472ca4c1e5b1e70c224219697 #1	error_constructor	sidecar	sidecar	physical_storage	retain accurate physical/storage terminology	none	omnigraph-engine owning tests plus G2 guard	Reviewed as accurate Lance, Arrow, manifest, recovery, or physical execution terminology.
2	rust_string:crates%2Fomnigraph%2Fsrc%2Fdb%2Fmanifest%2Frecovery.rs:%3Cmodule%3E%3A%3Afn%20detect_visible_v3_outcome:error_constructor:6594100058a18fc1d3d0f40abaae9527bbd9c2512cff6243d5c0f683758139d3:sidecar:1:1	rust_string	crates/omnigraph/src/db/manifest/recovery.rs	<module>::fn detect_visible_v3_outcome :: error_constructor :: 6594100058a18fc1d3d0f40abaae9527bbd9c2512cff6243d5c0f683758139d3 #1	error_constructor	sidecar	sidecar	physical_storage	retain accurate physical/storage terminology	none	omnigraph-engine owning tests plus G2 guard	Reviewed as accurate Lance, Arrow, manifest, recovery, or physical execution terminology.
2	rust_string:crates%2Fomnigraph%2Fsrc%2Fdb%2Fmanifest%2Frecovery.rs:%3Cmodule%3E%3A%3Afn%20detect_visible_v3_outcome:error_constructor:820c0e44322de90303504cdaca9ec75ca7c33172e0223f071fffa2c57ae93d88:sidecar:1:1	rust_string	crates/omnigraph/src/db/manifest/recovery.rs	<module>::fn detect_visible_v3_outcome :: error_constructor :: 820c0e44322de90303504cdaca9ec75ca7c33172e0223f071fffa2c57ae93d88 #1	error_constructor	sidecar	sidecar	physical_storage	retain accurate physical/storage terminology	none	omnigraph-engine owning tests plus G2 guard	Reviewed as accurate Lance, Arrow, manifest, recovery, or physical execution terminology.
2	rust_string:crates%2Fomnigraph%2Fsrc%2Fdb%2Fmanifest%2Frecovery.rs:%3Cmodule%3E%3A%3Afn%20detect_visible_v3_outcome:error_constructor:a8fb8c2113daaf18d49e7c3360d4e7a13e22b0e7ad88026e8516ed485265d3a6:sidecar:1:1	rust_string	crates/omnigraph/src/db/manifest/recovery.rs	<module>::fn detect_visible_v3_outcome :: error_constructor :: a8fb8c2113daaf18d49e7c3360d4e7a13e22b0e7ad88026e8516ed485265d3a6 #1	error_constructor	sidecar	sidecar	physical_storage	retain accurate physical/storage terminology	none	omnigraph-engine owning tests plus G2 guard	Reviewed as accurate Lance, Arrow, manifest, recovery, or physical execution terminology.
2	rust_string:crates%2Fomnigraph%2Fsrc%2Fdb%2Fmanifest%2Frecovery.rs:%3Cmodule%3E%3A%3Afn%20detect_visible_v4_outcome:error_constructor:0219726bdefa0e6e3fba142390aeeb3a96fb8728eba61e3bb1861ce3812f5e85:sidecar:1:1	rust_string	crates/omnigraph/src/db/manifest/recovery.rs	<module>::fn detect_visible_v4_outcome :: error_constructor :: 0219726bdefa0e6e3fba142390aeeb3a96fb8728eba61e3bb1861ce3812f5e85 #1	error_constructor	sidecar	sidecar	physical_storage	retain accurate physical/storage terminology	none	omnigraph-engine owning tests plus G2 guard	Reviewed as accurate Lance, Arrow, manifest, recovery, or physical execution terminology.
2	rust_string:crates%2Fomnigraph%2Fsrc%2Fdb%2Fmanifest%2Frecovery.rs:%3Cmodule%3E%3A%3Afn%20detect_visible_v4_outcome:error_constructor:befc1976c4b2ed04c7a0c4a94d57562689bc899524e74534d3033d4a78f30f32:sidecar:1:1	rust_string	crates/omnigraph/src/db/manifest/recovery.rs	<module>::fn detect_visible_v4_outcome :: error_constructor :: befc1976c4b2ed04c7a0c4a94d57562689bc899524e74534d3033d4a78f30f32 #1	error_constructor	sidecar	sidecar	physical_storage	retain accurate physical/storage terminology	none	omnigraph-engine owning tests plus G2 guard	Reviewed as accurate Lance, Arrow, manifest, recovery, or physical execution terminology.
2	rust_string:crates%2Fomnigraph%2Fsrc%2Fdb%2Fmanifest%2Frecovery.rs:%3Cmodule%3E%3A%3Afn%20detect_visible_v4_outcome:error_constructor:d2ca71f0312b455bf1d94eda87baa0066fb473d941505e5b7cb8c4e492a6286b:sidecar:1:1	rust_string	crates/omnigraph/src/db/manifest/recovery.rs	<module>::fn detect_visible_v4_outcome :: error_constructor :: d2ca71f0312b455bf1d94eda87baa0066fb473d941505e5b7cb8c4e492a6286b #1	error_constructor	sidecar	sidecar	physical_storage	retain accurate physical/storage terminology	none	omnigraph-engine owning tests plus G2 guard	Reviewed as accurate Lance, Arrow, manifest, recovery, or physical execution terminology.
2	rust_string:crates%2Fomnigraph%2Fsrc%2Fdb%2Fmanifest%2Frecovery.rs:%3Cmodule%3E%3A%3Afn%20detect_visible_v7_outcome:error_constructor:0d47c04f9e8e2635df8dccafcd3dcedfbe348d245585e0ed87d7ae4bfbf342f5:sidecar:1:1	rust_string	crates/omnigraph/src/db/manifest/recovery.rs	<module>::fn detect_visible_v7_outcome :: error_constructor :: 0d47c04f9e8e2635df8dccafcd3dcedfbe348d245585e0ed87d7ae4bfbf342f5 #1	error_constructor	sidecar	sidecar	physical_storage	retain accurate physical/storage terminology	none	omnigraph-engine owning tests plus G2 guard	Reviewed as accurate Lance, Arrow, manifest, recovery, or physical execution terminology.
2	rust_string:crates%2Fomnigraph%2Fsrc%2Fdb%2Fmanifest%2Frecovery.rs:%3Cmodule%3E%3A%3Afn%20detect_visible_v7_outcome:error_constructor:1c97c2f888334cdc7ffc446ea69cd9610705faf4abe536b66933fdd0f1c5799c:sidecar:1:1	rust_string	crates/omnigraph/src/db/manifest/recovery.rs	<module>::fn detect_visible_v7_outcome :: error_constructor :: 1c97c2f888334cdc7ffc446ea69cd9610705faf4abe536b66933fdd0f1c5799c #1	error_constructor	sidecar	sidecar	physical_storage	retain accurate physical/storage terminology	none	omnigraph-engine owning tests plus G2 guard	Reviewed as accurate Lance, Arrow, manifest, recovery, or physical execution terminology.
2	rust_string:crates%2Fomnigraph%2Fsrc%2Fdb%2Fmanifest%2Frecovery.rs:%3Cmodule%3E%3A%3Afn%20detect_visible_v7_outcome:error_constructor:9fc0d8845f009bf83f8de677ae567d8ae03deb543646e8174700ae568e5c3419:sidecar:1:1	rust_string	crates/omnigraph/src/db/manifest/recovery.rs	<module>::fn detect_visible_v7_outcome :: error_constructor :: 9fc0d8845f009bf83f8de677ae567d8ae03deb543646e8174700ae568e5c3419 #1	error_constructor	sidecar	sidecar	physical_storage	retain accurate physical/storage terminology	none	omnigraph-engine owning tests plus G2 guard	Reviewed as accurate Lance, Arrow, manifest, recovery, or physical execution terminology.
2	rust_string:crates%2Fomnigraph%2Fsrc%2Fdb%2Fmanifest%2Frecovery.rs:%3Cmodule%3E%3A%3Afn%20detect_visible_v8_outcome:error_constructor:525e7b2a736471c03bb53da887d4eee17532421517bc9c97e3eac1724618a8bb:sidecar:1:1	rust_string	crates/omnigraph/src/db/manifest/recovery.rs	<module>::fn detect_visible_v8_outcome :: error_constructor :: 525e7b2a736471c03bb53da887d4eee17532421517bc9c97e3eac1724618a8bb #1	error_constructor	sidecar	sidecar	physical_storage	retain accurate physical/storage terminology	none	omnigraph-engine owning tests plus G2 guard	Reviewed as accurate Lance, Arrow, manifest, recovery, or physical execution terminology.
2	rust_string:crates%2Fomnigraph%2Fsrc%2Fdb%2Fmanifest%2Frecovery.rs:%3Cmodule%3E%3A%3Afn%20detect_visible_v8_outcome:error_constructor:626956b954cc53dd154806f34ff0577ba6b7c5a10e0b8d44d1f5981f237a1022:sidecar:1:1	rust_string	crates/omnigraph/src/db/manifest/recovery.rs	<module>::fn detect_visible_v8_outcome :: error_constructor :: 626956b954cc53dd154806f34ff0577ba6b7c5a10e0b8d44d1f5981f237a1022 #1	error_constructor	sidecar	sidecar	physical_storage	retain accurate physical/storage terminology	none	omnigraph-engine owning tests plus G2 guard	Reviewed as accurate Lance, Arrow, manifest, recovery, or physical execution terminology.
2	rust_string:crates%2Fomnigraph%2Fsrc%2Fdb%2Fmanifest%2Frecovery.rs:%3Cmodule%3E%3A%3Afn%20detect_visible_v8_outcome:error_constructor:e87ad20ccd1c45fde4998afb8998f649ad7a9773f5b8153e9e4c62daf35f3b72:sidecar:1:1	rust_string	crates/omnigraph/src/db/manifest/recovery.rs	<module>::fn detect_visible_v8_outcome :: error_constructor :: e87ad20ccd1c45fde4998afb8998f649ad7a9773f5b8153e9e4c62daf35f3b72 #1	error_constructor	sidecar	sidecar	physical_storage	retain accurate physical/storage terminology	none	omnigraph-engine owning tests plus G2 guard	Reviewed as accurate Lance, Arrow, manifest, recovery, or physical execution terminology.
2	rust_string:crates%2Fomnigraph%2Fsrc%2Fdb%2Fmanifest%2Frecovery.rs:%3Cmodule%3E%3A%3Afn%20ensure_read_only_schema_coherent:error_constructor:404e2fa99681dd058876364d337b8ba93b91cb65957e81952da5930556207108:sidecar:1:1	rust_string	crates/omnigraph/src/db/manifest/recovery.rs	<module>::fn ensure_read_only_schema_coherent :: error_constructor :: 404e2fa99681dd058876364d337b8ba93b91cb65957e81952da5930556207108 #1	error_constructor	sidecar	sidecar	physical_storage	retain accurate physical/storage terminology	none	omnigraph-engine owning tests plus G2 guard	Reviewed as accurate Lance, Arrow, manifest, recovery, or physical execution terminology.
2	rust_string:crates%2Fomnigraph%2Fsrc%2Fdb%2Fmanifest%2Frecovery.rs:%3Cmodule%3E%3A%3Afn%20ensure_read_only_schema_coherent:error_constructor:404e2fa99681dd058876364d337b8ba93b91cb65957e81952da5930556207108:sidecar:1:2	rust_string	crates/omnigraph/src/db/manifest/recovery.rs	<module>::fn ensure_read_only_schema_coherent :: error_constructor :: 404e2fa99681dd058876364d337b8ba93b91cb65957e81952da5930556207108 #1	error_constructor	sidecar	sidecar	physical_storage	retain accurate physical/storage terminology	none	omnigraph-engine owning tests plus G2 guard	Reviewed as accurate Lance, Arrow, manifest, recovery, or physical execution terminology.
2	rust_string:crates%2Fomnigraph%2Fsrc%2Fdb%2Fmanifest%2Frecovery.rs:%3Cmodule%3E%3A%3Afn%20finalize_effect_free_occ_sidecar:error_constructor:135a92fa89e60764746fae7a6fd4ba91cf9ad9b4ecde933d7ff3cf85213266f4:sidecar:1:1	rust_string	crates/omnigraph/src/db/manifest/recovery.rs	<module>::fn finalize_effect_free_occ_sidecar :: error_constructor :: 135a92fa89e60764746fae7a6fd4ba91cf9ad9b4ecde933d7ff3cf85213266f4 #1	error_constructor	sidecar	sidecar	physical_storage	retain accurate physical/storage terminology	none	omnigraph-engine owning tests plus G2 guard	Reviewed as accurate Lance, Arrow, manifest, recovery, or physical execution terminology.
2	rust_string:crates%2Fomnigraph%2Fsrc%2Fdb%2Fmanifest%2Frecovery.rs:%3Cmodule%3E%3A%3Afn%20finalize_visible_ensure_indices_rollback:error_constructor:336c4626781fddb684505f20f47cab207abdffb5a050afb3de41ffdcf27ffbd3:sidecar:1:1	rust_string	crates/omnigraph/src/db/manifest/recovery.rs	<module>::fn finalize_visible_ensure_indices_rollback :: error_constructor :: 336c4626781fddb684505f20f47cab207abdffb5a050afb3de41ffdcf27ffbd3 #1	error_constructor	sidecar	sidecar	physical_storage	retain accurate physical/storage terminology	none	omnigraph-engine owning tests plus G2 guard	Reviewed as accurate Lance, Arrow, manifest, recovery, or physical execution terminology.
2	rust_string:crates%2Fomnigraph%2Fsrc%2Fdb%2Fmanifest%2Frecovery.rs:%3Cmodule%3E%3A%3Afn%20finalize_visible_v3_outcome:error_constructor:deece73051d5f6861ff3fbe1a7321279fea8e70ff041c8356f2836f4d9e50e86:sidecar:1:1	rust_string	crates/omnigraph/src/db/manifest/recovery.rs	<module>::fn finalize_visible_v3_outcome :: error_constructor :: deece73051d5f6861ff3fbe1a7321279fea8e70ff041c8356f2836f4d9e50e86 #1	error_constructor	sidecar	sidecar	physical_storage	retain accurate physical/storage terminology	none	omnigraph-engine owning tests plus G2 guard	Reviewed as accurate Lance, Arrow, manifest, recovery, or physical execution terminology.
2	rust_string:crates%2Fomnigraph%2Fsrc%2Fdb%2Fmanifest%2Frecovery.rs:%3Cmodule%3E%3A%3Afn%20finalize_visible_v3_outcome:error_constructor:deece73051d5f6861ff3fbe1a7321279fea8e70ff041c8356f2836f4d9e50e86:table:1:1	rust_string	crates/omnigraph/src/db/manifest/recovery.rs	<module>::fn finalize_visible_v3_outcome :: error_constructor :: deece73051d5f6861ff3fbe1a7321279fea8e70ff041c8356f2836f4d9e50e86 #1	error_constructor	table	table	physical_storage	retain accurate physical/storage terminology	none	omnigraph-engine owning tests plus G2 guard	Reviewed as accurate Lance, Arrow, manifest, recovery, or physical execution terminology.
2	rust_string:crates%2Fomnigraph%2Fsrc%2Fdb%2Fmanifest%2Frecovery.rs:%3Cmodule%3E%3A%3Afn%20finalize_visible_v4_outcome:error_constructor:770d7babfb34dd6b5f426faec33a268d547575e4d08a8fa8fa3d52b8741f26de:sidecar:1:1	rust_string	crates/omnigraph/src/db/manifest/recovery.rs	<module>::fn finalize_visible_v4_outcome :: error_constructor :: 770d7babfb34dd6b5f426faec33a268d547575e4d08a8fa8fa3d52b8741f26de #1	error_constructor	sidecar	sidecar	physical_storage	retain accurate physical/storage terminology	none	omnigraph-engine owning tests plus G2 guard	Reviewed as accurate Lance, Arrow, manifest, recovery, or physical execution terminology.
2	rust_string:crates%2Fomnigraph%2Fsrc%2Fdb%2Fmanifest%2Frecovery.rs:%3Cmodule%3E%3A%3Afn%20finalize_visible_v7_outcome:error_constructor:33f9a755029515e95427cae113a3f7d417577c658048ec7c1a2d3e3e0c822f1f:sidecar:1:1	rust_string	crates/omnigraph/src/db/manifest/recovery.rs	<module>::fn finalize_visible_v7_outcome :: error_constructor :: 33f9a755029515e95427cae113a3f7d417577c658048ec7c1a2d3e3e0c822f1f #1	error_constructor	sidecar	sidecar	physical_storage	retain accurate physical/storage terminology	none	omnigraph-engine owning tests plus G2 guard	Reviewed as accurate Lance, Arrow, manifest, recovery, or physical execution terminology.
2	rust_string:crates%2Fomnigraph%2Fsrc%2Fdb%2Fmanifest%2Frecovery.rs:%3Cmodule%3E%3A%3Afn%20finalize_visible_v8_outcome:error_constructor:8a97af6b8f141140fc6df113fbaa99ebc9767ad2bf712551b7ec8cc2876ee88d:sidecar:1:1	rust_string	crates/omnigraph/src/db/manifest/recovery.rs	<module>::fn finalize_visible_v8_outcome :: error_constructor :: 8a97af6b8f141140fc6df113fbaa99ebc9767ad2bf712551b7ec8cc2876ee88d #1	error_constructor	sidecar	sidecar	physical_storage	retain accurate physical/storage terminology	none	omnigraph-engine owning tests plus G2 guard	Reviewed as accurate Lance, Arrow, manifest, recovery, or physical execution terminology.
2	rust_string:crates%2Fomnigraph%2Fsrc%2Fdb%2Fmanifest%2Frecovery.rs:%3Cmodule%3E%3A%3Afn%20new_ensure_indices_sidecar_v9:error_constructor:74cb645078957e3de23e5fd5af2f989574f38dae0977d0b9aae0c187088bc842:sidecar:1:1	rust_string	crates/omnigraph/src/db/manifest/recovery.rs	<module>::fn new_ensure_indices_sidecar_v9 :: error_constructor :: 74cb645078957e3de23e5fd5af2f989574f38dae0977d0b9aae0c187088bc842 #1	error_constructor	sidecar	sidecar	physical_storage	retain accurate physical/storage terminology	none	omnigraph-engine owning tests plus G2 guard	Reviewed as accurate Lance, Arrow, manifest, recovery, or physical execution terminology.
2	rust_string:crates%2Fomnigraph%2Fsrc%2Fdb%2Fmanifest%2Frecovery.rs:%3Cmodule%3E%3A%3Afn%20new_ensure_indices_sidecar_v9:error_constructor:74cb645078957e3de23e5fd5af2f989574f38dae0977d0b9aae0c187088bc842:table:1:1	rust_string	crates/omnigraph/src/db/manifest/recovery.rs	<module>::fn new_ensure_indices_sidecar_v9 :: error_constructor :: 74cb645078957e3de23e5fd5af2f989574f38dae0977d0b9aae0c187088bc842 #1	error_constructor	table	table	physical_storage	retain accurate physical/storage terminology	none	omnigraph-engine owning tests plus G2 guard	Reviewed as accurate Lance, Arrow, manifest, recovery, or physical execution terminology.
2	rust_string:crates%2Fomnigraph%2Fsrc%2Fdb%2Fmanifest%2Frecovery.rs:%3Cmodule%3E%3A%3Afn%20new_occ_sidecar_v9:error_constructor:8ad423af2ad7ed370713b070fa69a3880467f56d93e4deab541f83b7fd046395:sidecar:1:1	rust_string	crates/omnigraph/src/db/manifest/recovery.rs	<module>::fn new_occ_sidecar_v9 :: error_constructor :: 8ad423af2ad7ed370713b070fa69a3880467f56d93e4deab541f83b7fd046395 #1	error_constructor	sidecar	sidecar	physical_storage	retain accurate physical/storage terminology	none	omnigraph-engine owning tests plus G2 guard	Reviewed as accurate Lance, Arrow, manifest, recovery, or physical execution terminology.
2	rust_string:crates%2Fomnigraph%2Fsrc%2Fdb%2Fmanifest%2Frecovery.rs:%3Cmodule%3E%3A%3Afn%20new_occ_sidecar_v9:error_constructor:8ad423af2ad7ed370713b070fa69a3880467f56d93e4deab541f83b7fd046395:table:1:1	rust_string	crates/omnigraph/src/db/manifest/recovery.rs	<module>::fn new_occ_sidecar_v9 :: error_constructor :: 8ad423af2ad7ed370713b070fa69a3880467f56d93e4deab541f83b7fd046395 #1	error_constructor	table	table	physical_storage	retain accurate physical/storage terminology	none	omnigraph-engine owning tests plus G2 guard	Reviewed as accurate Lance, Arrow, manifest, recovery, or physical execution terminology.
2	rust_string:crates%2Fomnigraph%2Fsrc%2Fdb%2Fmanifest%2Frecovery.rs:%3Cmodule%3E%3A%3Afn%20new_occ_sidecar_v9:error_constructor:e330afa0d32d82a47b2239afd37f51cdd1c383f47403c66c347d50340864676b:sidecar:1:1	rust_string	crates/omnigraph/src/db/manifest/recovery.rs	<module>::fn new_occ_sidecar_v9 :: error_constructor :: e330afa0d32d82a47b2239afd37f51cdd1c383f47403c66c347d50340864676b #1	error_constructor	sidecar	sidecar	physical_storage	retain accurate physical/storage terminology	none	omnigraph-engine owning tests plus G2 guard	Reviewed as accurate Lance, Arrow, manifest, recovery, or physical execution terminology.
2	rust_string:crates%2Fomnigraph%2Fsrc%2Fdb%2Fmanifest%2Frecovery.rs:%3Cmodule%3E%3A%3Afn%20parse_sidecar:error_constructor:2cfea75c8a4f0974237c8bb2fc412433e47306e3b8336453348815aa56af8896:sidecar:1:1	rust_string	crates/omnigraph/src/db/manifest/recovery.rs	<module>::fn parse_sidecar :: error_constructor :: 2cfea75c8a4f0974237c8bb2fc412433e47306e3b8336453348815aa56af8896 #1	error_constructor	sidecar	sidecar	physical_storage	retain accurate physical/storage terminology	none	omnigraph-engine owning tests plus G2 guard	Reviewed as accurate Lance, Arrow, manifest, recovery, or physical execution terminology.
2	rust_string:crates%2Fomnigraph%2Fsrc%2Fdb%2Fmanifest%2Frecovery.rs:%3Cmodule%3E%3A%3Afn%20parse_sidecar:error_constructor:ae2078eb738f598b23e870edb33addb4bfb2abd6b78312a59914cc9eb7b0b85c:sidecar:1:1	rust_string	crates/omnigraph/src/db/manifest/recovery.rs	<module>::fn parse_sidecar :: error_constructor :: ae2078eb738f598b23e870edb33addb4bfb2abd6b78312a59914cc9eb7b0b85c #1	error_constructor	sidecar	sidecar	physical_storage	retain accurate physical/storage terminology	none	omnigraph-engine owning tests plus G2 guard	Reviewed as accurate Lance, Arrow, manifest, recovery, or physical execution terminology.
2	rust_string:crates%2Fomnigraph%2Fsrc%2Fdb%2Fmanifest%2Frecovery.rs:%3Cmodule%3E%3A%3Afn%20prepare_fixed_rollback_audit_plan:error_constructor:8bdb5c9e0f1d9689bdbe50d010e8a8ca1b2396bfcdff9d022c7f69dd0a8e98e2:sidecar:1:1	rust_string	crates/omnigraph/src/db/manifest/recovery.rs	<module>::fn prepare_fixed_rollback_audit_plan :: error_constructor :: 8bdb5c9e0f1d9689bdbe50d010e8a8ca1b2396bfcdff9d022c7f69dd0a8e98e2 #1	error_constructor	sidecar	sidecar	physical_storage	retain accurate physical/storage terminology	none	omnigraph-engine owning tests plus G2 guard	Reviewed as accurate Lance, Arrow, manifest, recovery, or physical execution terminology.
2	rust_string:crates%2Fomnigraph%2Fsrc%2Fdb%2Fmanifest%2Frecovery.rs:%3Cmodule%3E%3A%3Afn%20process_sidecar:error_constructor:365f5ec9cf4ee3190d8cd7ebedb891b69efabbd7eba839102580f488f5a42a8a:sidecar:1:1	rust_string	crates/omnigraph/src/db/manifest/recovery.rs	<module>::fn process_sidecar :: error_constructor :: 365f5ec9cf4ee3190d8cd7ebedb891b69efabbd7eba839102580f488f5a42a8a #1	error_constructor	sidecar	sidecar	physical_storage	retain accurate physical/storage terminology	none	omnigraph-engine owning tests plus G2 guard	Reviewed as accurate Lance, Arrow, manifest, recovery, or physical execution terminology.
2	rust_string:crates%2Fomnigraph%2Fsrc%2Fdb%2Fmanifest%2Frecovery.rs:%3Cmodule%3E%3A%3Afn%20process_sidecar:error_constructor:365f5ec9cf4ee3190d8cd7ebedb891b69efabbd7eba839102580f488f5a42a8a:sidecar:1:2	rust_string	crates/omnigraph/src/db/manifest/recovery.rs	<module>::fn process_sidecar :: error_constructor :: 365f5ec9cf4ee3190d8cd7ebedb891b69efabbd7eba839102580f488f5a42a8a #1	error_constructor	sidecar	sidecar	physical_storage	retain accurate physical/storage terminology	none	omnigraph-engine owning tests plus G2 guard	Reviewed as accurate Lance, Arrow, manifest, recovery, or physical execution terminology.
2	rust_string:crates%2Fomnigraph%2Fsrc%2Fdb%2Fmanifest%2Frecovery.rs:%3Cmodule%3E%3A%3Afn%20process_sidecar:error_constructor:8f4cbbf13e73c364b83e451be5d4f5af1f18579ad1e52951efe8177c0909a1c0:sidecar:1:1	rust_string	crates/omnigraph/src/db/manifest/recovery.rs	<module>::fn process_sidecar :: error_constructor :: 8f4cbbf13e73c364b83e451be5d4f5af1f18579ad1e52951efe8177c0909a1c0 #1	error_constructor	sidecar	sidecar	physical_storage	retain accurate physical/storage terminology	none	omnigraph-engine owning tests plus G2 guard	Reviewed as accurate Lance, Arrow, manifest, recovery, or physical execution terminology.
2	rust_string:crates%2Fomnigraph%2Fsrc%2Fdb%2Fmanifest%2Frecovery.rs:%3Cmodule%3E%3A%3Afn%20prove_branch_merge_multi_commit_effect:error_constructor:5463e56ebc1044eb506d78f73b8f848036b3be81ffb97df868d7ab8792f44175:table:1:1	rust_string	crates/omnigraph/src/db/manifest/recovery.rs	<module>::fn prove_branch_merge_multi_commit_effect :: error_constructor :: 5463e56ebc1044eb506d78f73b8f848036b3be81ffb97df868d7ab8792f44175 #1	error_constructor	table	table	physical_storage	retain accurate physical/storage terminology	none	omnigraph-engine owning tests plus G2 guard	Reviewed as accurate Lance, Arrow, manifest, recovery, or physical execution terminology.
2	rust_string:crates%2Fomnigraph%2Fsrc%2Fdb%2Fmanifest%2Frecovery.rs:%3Cmodule%3E%3A%3Afn%20publish_recovery_commit:error_constructor:4c8336cdd9b5e5d44dadcae4804e23f4314c7fa843151e999bf0bd36f6b18306:sidecar:1:1	rust_string	crates/omnigraph/src/db/manifest/recovery.rs	<module>::fn publish_recovery_commit :: error_constructor :: 4c8336cdd9b5e5d44dadcae4804e23f4314c7fa843151e999bf0bd36f6b18306 #1	error_constructor	sidecar	sidecar	physical_storage	retain accurate physical/storage terminology	none	omnigraph-engine owning tests plus G2 guard	Reviewed as accurate Lance, Arrow, manifest, recovery, or physical execution terminology.
2	rust_string:crates%2Fomnigraph%2Fsrc%2Fdb%2Fmanifest%2Frecovery.rs:%3Cmodule%3E%3A%3Afn%20publish_schema_apply_v7_forward:error_constructor:6cf2a59cb741c0a071d6a2a76bdbccddf81c18a9669001d7f1ffccc19daeeaa0:table:1:1	rust_string	crates/omnigraph/src/db/manifest/recovery.rs	<module>::fn publish_schema_apply_v7_forward :: error_constructor :: 6cf2a59cb741c0a071d6a2a76bdbccddf81c18a9669001d7f1ffccc19daeeaa0 #1	error_constructor	table	table	physical_storage	retain accurate physical/storage terminology	none	omnigraph-engine owning tests plus G2 guard	Reviewed as accurate Lance, Arrow, manifest, recovery, or physical execution terminology.
2	rust_string:crates%2Fomnigraph%2Fsrc%2Fdb%2Fmanifest%2Frecovery.rs:%3Cmodule%3E%3A%3Afn%20reread_sidecar_under_gates:error_constructor:14e5c7a71235da306b8af2ac050de199376046b04e32512aba350bdb97e342a9:sidecar:1:1	rust_string	crates/omnigraph/src/db/manifest/recovery.rs	<module>::fn reread_sidecar_under_gates :: error_constructor :: 14e5c7a71235da306b8af2ac050de199376046b04e32512aba350bdb97e342a9 #1	error_constructor	sidecar	sidecar	physical_storage	retain accurate physical/storage terminology	none	omnigraph-engine owning tests plus G2 guard	Reviewed as accurate Lance, Arrow, manifest, recovery, or physical execution terminology.
2	rust_string:crates%2Fomnigraph%2Fsrc%2Fdb%2Fmanifest%2Frecovery.rs:%3Cmodule%3E%3A%3Afn%20roll_back_ensure_indices_v8:error_constructor:065e03bf050d06981a1e2223e0e49f4f4db890d8e997c5e90892749d1d1f5eaa:sidecar:1:1	rust_string	crates/omnigraph/src/db/manifest/recovery.rs	<module>::fn roll_back_ensure_indices_v8 :: error_constructor :: 065e03bf050d06981a1e2223e0e49f4f4db890d8e997c5e90892749d1d1f5eaa #1	error_constructor	sidecar	sidecar	physical_storage	retain accurate physical/storage terminology	none	omnigraph-engine owning tests plus G2 guard	Reviewed as accurate Lance, Arrow, manifest, recovery, or physical execution terminology.
2	rust_string:crates%2Fomnigraph%2Fsrc%2Fdb%2Fmanifest%2Frecovery.rs:%3Cmodule%3E%3A%3Afn%20roll_back_ensure_indices_v8:error_constructor:3ae1df2b7d67653a25af12d0a9219a2c6f4c103b73144b5dc18f072286ab35a4:sidecar:1:1	rust_string	crates/omnigraph/src/db/manifest/recovery.rs	<module>::fn roll_back_ensure_indices_v8 :: error_constructor :: 3ae1df2b7d67653a25af12d0a9219a2c6f4c103b73144b5dc18f072286ab35a4 #1	error_constructor	sidecar	sidecar	physical_storage	retain accurate physical/storage terminology	none	omnigraph-engine owning tests plus G2 guard	Reviewed as accurate Lance, Arrow, manifest, recovery, or physical execution terminology.
2	rust_string:crates%2Fomnigraph%2Fsrc%2Fdb%2Fmanifest%2Frecovery.rs:%3Cmodule%3E%3A%3Afn%20roll_back_ensure_indices_v8:error_constructor:4355ba2279c09191a8e0b67b471f5ce42835d76672d876637c55966937a6a6bf:sidecar:1:1	rust_string	crates/omnigraph/src/db/manifest/recovery.rs	<module>::fn roll_back_ensure_indices_v8 :: error_constructor :: 4355ba2279c09191a8e0b67b471f5ce42835d76672d876637c55966937a6a6bf #1	error_constructor	sidecar	sidecar	physical_storage	retain accurate physical/storage terminology	none	omnigraph-engine owning tests plus G2 guard	Reviewed as accurate Lance, Arrow, manifest, recovery, or physical execution terminology.
2	rust_string:crates%2Fomnigraph%2Fsrc%2Fdb%2Fmanifest%2Frecovery.rs:%3Cmodule%3E%3A%3Afn%20roll_back_ensure_indices_v8:error_constructor:84ca2d0d79dfd03ecff8ef2f62ea402e890fe9e9954749e36af7c4ae130fb90e:sidecar:1:1	rust_string	crates/omnigraph/src/db/manifest/recovery.rs	<module>::fn roll_back_ensure_indices_v8 :: error_constructor :: 84ca2d0d79dfd03ecff8ef2f62ea402e890fe9e9954749e36af7c4ae130fb90e #1	error_constructor	sidecar	sidecar	physical_storage	retain accurate physical/storage terminology	none	omnigraph-engine owning tests plus G2 guard	Reviewed as accurate Lance, Arrow, manifest, recovery, or physical execution terminology.
2	rust_string:crates%2Fomnigraph%2Fsrc%2Fdb%2Fmanifest%2Frecovery.rs:%3Cmodule%3E%3A%3Afn%20roll_back_ensure_indices_v8:error_constructor:93c6496baade10603ac452d790a4066b8c6ac76011df65df80c4c06d6ccf08c2:sidecar:1:1	rust_string	crates/omnigraph/src/db/manifest/recovery.rs	<module>::fn roll_back_ensure_indices_v8 :: error_constructor :: 93c6496baade10603ac452d790a4066b8c6ac76011df65df80c4c06d6ccf08c2 #1	error_constructor	sidecar	sidecar	physical_storage	retain accurate physical/storage terminology	none	omnigraph-engine owning tests plus G2 guard	Reviewed as accurate Lance, Arrow, manifest, recovery, or physical execution terminology.
2	rust_string:crates%2Fomnigraph%2Fsrc%2Fdb%2Fmanifest%2Frecovery.rs:%3Cmodule%3E%3A%3Afn%20roll_back_ensure_indices_v8:error_constructor:a3dedfe2ab6352b67e7d050884ec58d2a33b9fd2aabec71d8eb8ad236dcfeb26:sidecar:1:1	rust_string	crates/omnigraph/src/db/manifest/recovery.rs	<module>::fn roll_back_ensure_indices_v8 :: error_constructor :: a3dedfe2ab6352b67e7d050884ec58d2a33b9fd2aabec71d8eb8ad236dcfeb26 #1	error_constructor	sidecar	sidecar	physical_storage	retain accurate physical/storage terminology	none	omnigraph-engine owning tests plus G2 guard	Reviewed as accurate Lance, Arrow, manifest, recovery, or physical execution terminology.
2	rust_string:crates%2Fomnigraph%2Fsrc%2Fdb%2Fmanifest%2Frecovery.rs:%3Cmodule%3E%3A%3Afn%20roll_back_ensure_indices_v8:error_constructor:bb0569ce59a9f550c331587dee2ac5711e62b5fa88a05ea49268c49a1020dd38:table:1:1	rust_string	crates/omnigraph/src/db/manifest/recovery.rs	<module>::fn roll_back_ensure_indices_v8 :: error_constructor :: bb0569ce59a9f550c331587dee2ac5711e62b5fa88a05ea49268c49a1020dd38 #1	error_constructor	table	table	physical_storage	retain accurate physical/storage terminology	none	omnigraph-engine owning tests plus G2 guard	Reviewed as accurate Lance, Arrow, manifest, recovery, or physical execution terminology.
2	rust_string:crates%2Fomnigraph%2Fsrc%2Fdb%2Fmanifest%2Frecovery.rs:%3Cmodule%3E%3A%3Afn%20roll_back_ensure_indices_v8:error_constructor:dc5d8f3507ff258706b9e91e065280db6947743d333da3649f3c1d05d9426297:sidecar:1:1	rust_string	crates/omnigraph/src/db/manifest/recovery.rs	<module>::fn roll_back_ensure_indices_v8 :: error_constructor :: dc5d8f3507ff258706b9e91e065280db6947743d333da3649f3c1d05d9426297 #1	error_constructor	sidecar	sidecar	physical_storage	retain accurate physical/storage terminology	none	omnigraph-engine owning tests plus G2 guard	Reviewed as accurate Lance, Arrow, manifest, recovery, or physical execution terminology.
2	rust_string:crates%2Fomnigraph%2Fsrc%2Fdb%2Fmanifest%2Frecovery.rs:%3Cmodule%3E%3A%3Afn%20roll_back_ensure_indices_v8:error_constructor:dc8d2c44f716ae43b00bbafc9684df222bae2212c592a2728c865ac288096599:sidecar:1:1	rust_string	crates/omnigraph/src/db/manifest/recovery.rs	<module>::fn roll_back_ensure_indices_v8 :: error_constructor :: dc8d2c44f716ae43b00bbafc9684df222bae2212c592a2728c865ac288096599 #1	error_constructor	sidecar	sidecar	physical_storage	retain accurate physical/storage terminology	none	omnigraph-engine owning tests plus G2 guard	Reviewed as accurate Lance, Arrow, manifest, recovery, or physical execution terminology.
2	rust_string:crates%2Fomnigraph%2Fsrc%2Fdb%2Fmanifest%2Frecovery.rs:%3Cmodule%3E%3A%3Afn%20roll_back_schema_apply_v7:error_constructor:58ba0abcb8898d12ed38feb1ccdb80c97599c5d1209a4157f6fa192261265515:sidecar:1:1	rust_string	crates/omnigraph/src/db/manifest/recovery.rs	<module>::fn roll_back_schema_apply_v7 :: error_constructor :: 58ba0abcb8898d12ed38feb1ccdb80c97599c5d1209a4157f6fa192261265515 #1	error_constructor	sidecar	sidecar	physical_storage	retain accurate physical/storage terminology	none	omnigraph-engine owning tests plus G2 guard	Reviewed as accurate Lance, Arrow, manifest, recovery, or physical execution terminology.
2	rust_string:crates%2Fomnigraph%2Fsrc%2Fdb%2Fmanifest%2Frecovery.rs:%3Cmodule%3E%3A%3Afn%20roll_back_schema_apply_v7:error_constructor:c49f8c6513c4512933d6373500eecc93877dc8fde2473b17c7188234d9be9104:sidecar:1:1	rust_string	crates/omnigraph/src/db/manifest/recovery.rs	<module>::fn roll_back_schema_apply_v7 :: error_constructor :: c49f8c6513c4512933d6373500eecc93877dc8fde2473b17c7188234d9be9104 #1	error_constructor	sidecar	sidecar	physical_storage	retain accurate physical/storage terminology	none	omnigraph-engine owning tests plus G2 guard	Reviewed as accurate Lance, Arrow, manifest, recovery, or physical execution terminology.
2	rust_string:crates%2Fomnigraph%2Fsrc%2Fdb%2Fmanifest%2Frecovery.rs:%3Cmodule%3E%3A%3Afn%20roll_back_schema_apply_v7:error_constructor:ce6ac92147d4f27164d029a879b396eae1bd157af4b79c93e897d48e63b0e804:sidecar:1:1	rust_string	crates/omnigraph/src/db/manifest/recovery.rs	<module>::fn roll_back_schema_apply_v7 :: error_constructor :: ce6ac92147d4f27164d029a879b396eae1bd157af4b79c93e897d48e63b0e804 #1	error_constructor	sidecar	sidecar	physical_storage	retain accurate physical/storage terminology	none	omnigraph-engine owning tests plus G2 guard	Reviewed as accurate Lance, Arrow, manifest, recovery, or physical execution terminology.
2	rust_string:crates%2Fomnigraph%2Fsrc%2Fdb%2Fmanifest%2Frecovery.rs:%3Cmodule%3E%3A%3Afn%20roll_back_schema_apply_v7:error_constructor:e23a72e91f99f8691e13787ea89db00760c2455bc8c8ec193e21f182c990deea:sidecar:1:1	rust_string	crates/omnigraph/src/db/manifest/recovery.rs	<module>::fn roll_back_schema_apply_v7 :: error_constructor :: e23a72e91f99f8691e13787ea89db00760c2455bc8c8ec193e21f182c990deea #1	error_constructor	sidecar	sidecar	physical_storage	retain accurate physical/storage terminology	none	omnigraph-engine owning tests plus G2 guard	Reviewed as accurate Lance, Arrow, manifest, recovery, or physical execution terminology.
2	rust_string:crates%2Fomnigraph%2Fsrc%2Fdb%2Fmanifest%2Frecovery.rs:%3Cmodule%3E%3A%3Afn%20roll_back_sidecar:error_constructor:8a8dbcc01d49f58538ed8930f3ed296ca75d43adaffca6e0df6bdb3efc5e766f:sidecar:1:1	rust_string	crates/omnigraph/src/db/manifest/recovery.rs	<module>::fn roll_back_sidecar :: error_constructor :: 8a8dbcc01d49f58538ed8930f3ed296ca75d43adaffca6e0df6bdb3efc5e766f #1	error_constructor	sidecar	sidecar	physical_storage	retain accurate physical/storage terminology	none	omnigraph-engine owning tests plus G2 guard	Reviewed as accurate Lance, Arrow, manifest, recovery, or physical execution terminology.
2	rust_string:crates%2Fomnigraph%2Fsrc%2Fdb%2Fmanifest%2Frecovery.rs:%3Cmodule%3E%3A%3Afn%20roll_forward_all:error_constructor:2393ec18021a8bd2bd9eac8ab3542c7fc3fbe192d7be02bc6cea47f2c447cd82:table:1:1	rust_string	crates/omnigraph/src/db/manifest/recovery.rs	<module>::fn roll_forward_all :: error_constructor :: 2393ec18021a8bd2bd9eac8ab3542c7fc3fbe192d7be02bc6cea47f2c447cd82 #1	error_constructor	table	table	physical_storage	retain accurate physical/storage terminology	none	omnigraph-engine owning tests plus G2 guard	Reviewed as accurate Lance, Arrow, manifest, recovery, or physical execution terminology.
2	rust_string:crates%2Fomnigraph%2Fsrc%2Fdb%2Fmanifest%2Frecovery.rs:%3Cmodule%3E%3A%3Afn%20roll_forward_all:error_constructor:67f2b7a8d540ae26b6749b7f0fdeaed052c31cc35f9afe57e90af0d145ccc153:table:1:1	rust_string	crates/omnigraph/src/db/manifest/recovery.rs	<module>::fn roll_forward_all :: error_constructor :: 67f2b7a8d540ae26b6749b7f0fdeaed052c31cc35f9afe57e90af0d145ccc153 #1	error_constructor	table	table	physical_storage	retain accurate physical/storage terminology	none	omnigraph-engine owning tests plus G2 guard	Reviewed as accurate Lance, Arrow, manifest, recovery, or physical execution terminology.
2	rust_string:crates%2Fomnigraph%2Fsrc%2Fdb%2Fmanifest%2Frecovery.rs:%3Cmodule%3E%3A%3Afn%20roll_forward_all:error_constructor:888f8897b973c873f281947332c25c3b6af2c083e1811fab66465539aab249a9:table:1:1	rust_string	crates/omnigraph/src/db/manifest/recovery.rs	<module>::fn roll_forward_all :: error_constructor :: 888f8897b973c873f281947332c25c3b6af2c083e1811fab66465539aab249a9 #1	error_constructor	table	table	physical_storage	retain accurate physical/storage terminology	none	omnigraph-engine owning tests plus G2 guard	Reviewed as accurate Lance, Arrow, manifest, recovery, or physical execution terminology.
2	rust_string:crates%2Fomnigraph%2Fsrc%2Fdb%2Fmanifest%2Frecovery.rs:%3Cmodule%3E%3A%3Afn%20roll_forward_branch_merge_v4:error_constructor:c4eaa2d3a4029a253328dfaf094336aef515ee19e48087884005f1c9b9fcba9e:sidecar:1:1	rust_string	crates/omnigraph/src/db/manifest/recovery.rs	<module>::fn roll_forward_branch_merge_v4 :: error_constructor :: c4eaa2d3a4029a253328dfaf094336aef515ee19e48087884005f1c9b9fcba9e #1	error_constructor	sidecar	sidecar	physical_storage	retain accurate physical/storage terminology	none	omnigraph-engine owning tests plus G2 guard	Reviewed as accurate Lance, Arrow, manifest, recovery, or physical execution terminology.
2	rust_string:crates%2Fomnigraph%2Fsrc%2Fdb%2Fmanifest%2Frecovery.rs:%3Cmodule%3E%3A%3Afn%20roll_forward_ensure_indices_v8:error_constructor:2f5146baeb63e122478a43e15f65a506914aa09952ce00ec1d84c922256950ae:sidecar:1:1	rust_string	crates/omnigraph/src/db/manifest/recovery.rs	<module>::fn roll_forward_ensure_indices_v8 :: error_constructor :: 2f5146baeb63e122478a43e15f65a506914aa09952ce00ec1d84c922256950ae #1	error_constructor	sidecar	sidecar	physical_storage	retain accurate physical/storage terminology	none	omnigraph-engine owning tests plus G2 guard	Reviewed as accurate Lance, Arrow, manifest, recovery, or physical execution terminology.
2	rust_string:crates%2Fomnigraph%2Fsrc%2Fdb%2Fmanifest%2Frecovery.rs:%3Cmodule%3E%3A%3Afn%20schema_apply_target_identity_is_live:error_constructor:c03f1cfa634232d3fe5e69906ccbfc4800e4c7dba1038a5ff0db9f0853a02e09:sidecar:1:1	rust_string	crates/omnigraph/src/db/manifest/recovery.rs	<module>::fn schema_apply_target_identity_is_live :: error_constructor :: c03f1cfa634232d3fe5e69906ccbfc4800e4c7dba1038a5ff0db9f0853a02e09 #1	error_constructor	sidecar	sidecar	physical_storage	retain accurate physical/storage terminology	none	omnigraph-engine owning tests plus G2 guard	Reviewed as accurate Lance, Arrow, manifest, recovery, or physical execution terminology.
2	rust_string:crates%2Fomnigraph%2Fsrc%2Fdb%2Fmanifest%2Frecovery.rs:%3Cmodule%3E%3A%3Afn%20validate_branch_merge_v4_shape:error_constructor:22cca732a2bbe4dc11019193aa43d310c8727c267a30a794369893acda6867d7:sidecar:1:1	rust_string	crates/omnigraph/src/db/manifest/recovery.rs	<module>::fn validate_branch_merge_v4_shape :: error_constructor :: 22cca732a2bbe4dc11019193aa43d310c8727c267a30a794369893acda6867d7 #1	error_constructor	sidecar	sidecar	physical_storage	retain accurate physical/storage terminology	none	omnigraph-engine owning tests plus G2 guard	Reviewed as accurate Lance, Arrow, manifest, recovery, or physical execution terminology.
2	rust_string:crates%2Fomnigraph%2Fsrc%2Fdb%2Fmanifest%2Frecovery.rs:%3Cmodule%3E%3A%3Afn%20validate_ensure_indices_v6_shape:error_constructor:22cca732a2bbe4dc11019193aa43d310c8727c267a30a794369893acda6867d7:sidecar:1:1	rust_string	crates/omnigraph/src/db/manifest/recovery.rs	<module>::fn validate_ensure_indices_v6_shape :: error_constructor :: 22cca732a2bbe4dc11019193aa43d310c8727c267a30a794369893acda6867d7 #1	error_constructor	sidecar	sidecar	physical_storage	retain accurate physical/storage terminology	none	omnigraph-engine owning tests plus G2 guard	Reviewed as accurate Lance, Arrow, manifest, recovery, or physical execution terminology.
2	rust_string:crates%2Fomnigraph%2Fsrc%2Fdb%2Fmanifest%2Frecovery.rs:%3Cmodule%3E%3A%3Afn%20validate_ensure_indices_v8_shape:error_constructor:22cca732a2bbe4dc11019193aa43d310c8727c267a30a794369893acda6867d7:sidecar:1:1	rust_string	crates/omnigraph/src/db/manifest/recovery.rs	<module>::fn validate_ensure_indices_v8_shape :: error_constructor :: 22cca732a2bbe4dc11019193aa43d310c8727c267a30a794369893acda6867d7 #1	error_constructor	sidecar	sidecar	physical_storage	retain accurate physical/storage terminology	none	omnigraph-engine owning tests plus G2 guard	Reviewed as accurate Lance, Arrow, manifest, recovery, or physical execution terminology.
2	rust_string:crates%2Fomnigraph%2Fsrc%2Fdb%2Fmanifest%2Frecovery.rs:%3Cmodule%3E%3A%3Afn%20validate_identity_aware_pin_paths:error_constructor:6b158952f051add4cc5b5f4ce7e51b15122c759b1ad31fe8acf839210d04077e:sidecar:1:1	rust_string	crates/omnigraph/src/db/manifest/recovery.rs	<module>::fn validate_identity_aware_pin_paths :: error_constructor :: 6b158952f051add4cc5b5f4ce7e51b15122c759b1ad31fe8acf839210d04077e #1	error_constructor	sidecar	sidecar	physical_storage	retain accurate physical/storage terminology	none	omnigraph-engine owning tests plus G2 guard	Reviewed as accurate Lance, Arrow, manifest, recovery, or physical execution terminology.
2	rust_string:crates%2Fomnigraph%2Fsrc%2Fdb%2Fmanifest%2Frecovery.rs:%3Cmodule%3E%3A%3Afn%20validate_identity_aware_pin_paths:error_constructor:6b158952f051add4cc5b5f4ce7e51b15122c759b1ad31fe8acf839210d04077e:table:1:1	rust_string	crates/omnigraph/src/db/manifest/recovery.rs	<module>::fn validate_identity_aware_pin_paths :: error_constructor :: 6b158952f051add4cc5b5f4ce7e51b15122c759b1ad31fe8acf839210d04077e #1	error_constructor	table	table	physical_storage	retain accurate physical/storage terminology	none	omnigraph-engine owning tests plus G2 guard	Reviewed as accurate Lance, Arrow, manifest, recovery, or physical execution terminology.
2	rust_string:crates%2Fomnigraph%2Fsrc%2Fdb%2Fmanifest%2Frecovery.rs:%3Cmodule%3E%3A%3Afn%20validate_mutation_load_shape:error_constructor:22cca732a2bbe4dc11019193aa43d310c8727c267a30a794369893acda6867d7:sidecar:1:1	rust_string	crates/omnigraph/src/db/manifest/recovery.rs	<module>::fn validate_mutation_load_shape :: error_constructor :: 22cca732a2bbe4dc11019193aa43d310c8727c267a30a794369893acda6867d7 #1	error_constructor	sidecar	sidecar	physical_storage	retain accurate physical/storage terminology	none	omnigraph-engine owning tests plus G2 guard	Reviewed as accurate Lance, Arrow, manifest, recovery, or physical execution terminology.
2	rust_string:crates%2Fomnigraph%2Fsrc%2Fdb%2Fmanifest%2Frecovery.rs:%3Cmodule%3E%3A%3Afn%20validate_optimize_v9_shape:error_constructor:22cca732a2bbe4dc11019193aa43d310c8727c267a30a794369893acda6867d7:sidecar:1:1	rust_string	crates/omnigraph/src/db/manifest/recovery.rs	<module>::fn validate_optimize_v9_shape :: error_constructor :: 22cca732a2bbe4dc11019193aa43d310c8727c267a30a794369893acda6867d7 #1	error_constructor	sidecar	sidecar	physical_storage	retain accurate physical/storage terminology	none	omnigraph-engine owning tests plus G2 guard	Reviewed as accurate Lance, Arrow, manifest, recovery, or physical execution terminology.
2	rust_string:crates%2Fomnigraph%2Fsrc%2Fdb%2Fmanifest%2Frecovery.rs:%3Cmodule%3E%3A%3Afn%20validate_schema_apply_v7_shape:error_constructor:22cca732a2bbe4dc11019193aa43d310c8727c267a30a794369893acda6867d7:sidecar:1:1	rust_string	crates/omnigraph/src/db/manifest/recovery.rs	<module>::fn validate_schema_apply_v7_shape :: error_constructor :: 22cca732a2bbe4dc11019193aa43d310c8727c267a30a794369893acda6867d7 #1	error_constructor	sidecar	sidecar	physical_storage	retain accurate physical/storage terminology	none	omnigraph-engine owning tests plus G2 guard	Reviewed as accurate Lance, Arrow, manifest, recovery, or physical execution terminology.
2	rust_string:crates%2Fomnigraph%2Fsrc%2Fdb%2Fmanifest%2Frecovery.rs:%3Cmodule%3E%3A%3Afn%20validate_sidecar_shape:error_constructor:22cca732a2bbe4dc11019193aa43d310c8727c267a30a794369893acda6867d7:sidecar:1:1	rust_string	crates/omnigraph/src/db/manifest/recovery.rs	<module>::fn validate_sidecar_shape :: error_constructor :: 22cca732a2bbe4dc11019193aa43d310c8727c267a30a794369893acda6867d7 #1	error_constructor	sidecar	sidecar	physical_storage	retain accurate physical/storage terminology	none	omnigraph-engine owning tests plus G2 guard	Reviewed as accurate Lance, Arrow, manifest, recovery, or physical execution terminology.
2	rust_string:crates%2Fomnigraph%2Fsrc%2Fdb%2Fmanifest%2Frecovery.rs:%3Cmodule%3E%3A%3Afn%20write_sidecar:error_constructor:25f27c808a9ffef5a39d1d67a071d36397d48387e46bcc201f20763384f48b0f:sidecar:1:1	rust_string	crates/omnigraph/src/db/manifest/recovery.rs	<module>::fn write_sidecar :: error_constructor :: 25f27c808a9ffef5a39d1d67a071d36397d48387e46bcc201f20763384f48b0f #1	error_constructor	sidecar	sidecar	physical_storage	retain accurate physical/storage terminology	none	omnigraph-engine owning tests plus G2 guard	Reviewed as accurate Lance, Arrow, manifest, recovery, or physical execution terminology.
2	rust_string:crates%2Fomnigraph%2Fsrc%2Fdb%2Fmanifest%2Frecovery.rs:%3Cmodule%3E%3A%3Aimpl%20SidecarSchemaError:display_impl:5bbac56567f9067b9da7fe32efc47864a22de789dfbc341ccc26700d617d5cd3:sidecar:1:1	rust_string	crates/omnigraph/src/db/manifest/recovery.rs	<module>::impl SidecarSchemaError :: display_impl :: 5bbac56567f9067b9da7fe32efc47864a22de789dfbc341ccc26700d617d5cd3 #1	display_impl	sidecar	sidecar	physical_storage	retain accurate physical/storage terminology	none	omnigraph-engine owning tests plus G2 guard	Reviewed as accurate Lance, Arrow, manifest, recovery, or physical execution terminology.
2	rust_string:crates%2Fomnigraph%2Fsrc%2Fdb%2Fmanifest%2Frecovery.rs:%3Cmodule%3E%3A%3Aimpl%20SidecarSchemaError:display_impl:5bbac56567f9067b9da7fe32efc47864a22de789dfbc341ccc26700d617d5cd3:sidecar:1:2	rust_string	crates/omnigraph/src/db/manifest/recovery.rs	<module>::impl SidecarSchemaError :: display_impl :: 5bbac56567f9067b9da7fe32efc47864a22de789dfbc341ccc26700d617d5cd3 #1	display_impl	sidecar	sidecar	physical_storage	retain accurate physical/storage terminology	none	omnigraph-engine owning tests plus G2 guard	Reviewed as accurate Lance, Arrow, manifest, recovery, or physical execution terminology.
2	rust_string:crates%2Fomnigraph%2Fsrc%2Fdb%2Fmanifest%2Frecovery.rs:%3Cmodule%3E%3A%3Astruct%20RecoverySidecar%3A%3Afield%20additional_registrations:rustdoc:05c2241f25eeb06589f3e2f742e7be773d1c2a3cbcabd170b31c8eae5e3d7140:tables:1:1	rust_string	crates/omnigraph/src/db/manifest/recovery.rs	<module>::struct RecoverySidecar::field additional_registrations :: rustdoc :: 05c2241f25eeb06589f3e2f742e7be773d1c2a3cbcabd170b31c8eae5e3d7140 #1	rustdoc	tables	tables	physical_storage	retain accurate physical/storage terminology	none	omnigraph-engine owning tests plus G2 guard	Reviewed as accurate Lance, Arrow, manifest, recovery, or physical execution terminology.
2	rust_string:crates%2Fomnigraph%2Fsrc%2Fdb%2Fmanifest%2Frecovery.rs:%3Cmodule%3E%3A%3Astruct%20RecoverySidecar%3A%3Afield%20additional_registrations:rustdoc:922a40cf66d065bdd6964b3259207622b313b00345a35e573250dfb1f7daf452:Table:1:1	rust_string	crates/omnigraph/src/db/manifest/recovery.rs	<module>::struct RecoverySidecar::field additional_registrations :: rustdoc :: 922a40cf66d065bdd6964b3259207622b313b00345a35e573250dfb1f7daf452 #1	rustdoc	Table	Table	upstream_name	retain exact upstream proper/API name	none	omnigraph-engine owning tests plus G2 guard	The match is part of an exact upstream proper name, algorithm, operation, or API identifier.
2	rust_string:crates%2Fomnigraph%2Fsrc%2Fdb%2Fmanifest%2Frecovery.rs:%3Cmodule%3E%3A%3Astruct%20RecoverySidecar%3A%3Afield%20additional_registrations:rustdoc:b65f2f7ddcca0a7039519043d850574871a6b10f5fda4e922345c80d8bb92536:sidecars:1:1	rust_string	crates/omnigraph/src/db/manifest/recovery.rs	<module>::struct RecoverySidecar::field additional_registrations :: rustdoc :: b65f2f7ddcca0a7039519043d850574871a6b10f5fda4e922345c80d8bb92536 #1	rustdoc	sidecars	sidecars	physical_storage	retain accurate physical/storage terminology	none	omnigraph-engine owning tests plus G2 guard	Reviewed as accurate Lance, Arrow, manifest, recovery, or physical execution terminology.
2	rust_string:crates%2Fomnigraph%2Fsrc%2Fdb%2Fmanifest%2Frecovery.rs:%3Cmodule%3E%3A%3Astruct%20RecoverySidecar%3A%3Afield%20merge_source_commit_id:rustdoc:50b04ad71dcd76369a8561a1542498dd0af4fd3abf55dcf19da689508bd9e476:Sidecar:1:1	rust_string	crates/omnigraph/src/db/manifest/recovery.rs	<module>::struct RecoverySidecar::field merge_source_commit_id :: rustdoc :: 50b04ad71dcd76369a8561a1542498dd0af4fd3abf55dcf19da689508bd9e476 #1	rustdoc	Sidecar	Sidecar	physical_storage	retain accurate physical/storage terminology	none	omnigraph-engine owning tests plus G2 guard	Reviewed as accurate Lance, Arrow, manifest, recovery, or physical execution terminology.
2	rust_string:crates%2Fomnigraph%2Fsrc%2Fdb%2Fmanifest%2Frecovery.rs:%3Cmodule%3E%3A%3Astruct%20RecoverySidecar%3A%3Afield%20merge_source_commit_id:rustdoc:ab5d1132fc2ca6bdc9792b41ffbb3fcbfcfd35c4da63a828b3a3c3c4860182ab:sidecars:1:1	rust_string	crates/omnigraph/src/db/manifest/recovery.rs	<module>::struct RecoverySidecar::field merge_source_commit_id :: rustdoc :: ab5d1132fc2ca6bdc9792b41ffbb3fcbfcfd35c4da63a828b3a3c3c4860182ab #1	rustdoc	sidecars	sidecars	physical_storage	retain accurate physical/storage terminology	none	omnigraph-engine owning tests plus G2 guard	Reviewed as accurate Lance, Arrow, manifest, recovery, or physical execution terminology.
2	rust_string:crates%2Fomnigraph%2Fsrc%2Fdb%2Fmanifest%2Frecovery.rs:%3Cmodule%3E%3A%3Astruct%20RecoverySidecar%3A%3Afield%20merge_source_commit_id:rustdoc:de3df9b1d75373e87e7d33071e8c0f3220556a73ff238653110f27212899c8e9:sidecar:1:1	rust_string	crates/omnigraph/src/db/manifest/recovery.rs	<module>::struct RecoverySidecar::field merge_source_commit_id :: rustdoc :: de3df9b1d75373e87e7d33071e8c0f3220556a73ff238653110f27212899c8e9 #1	rustdoc	sidecar	sidecar	physical_storage	retain accurate physical/storage terminology	none	omnigraph-engine owning tests plus G2 guard	Reviewed as accurate Lance, Arrow, manifest, recovery, or physical execution terminology.
2	rust_string:crates%2Fomnigraph%2Fsrc%2Fdb%2Fmanifest%2Frecovery.rs:%3Cmodule%3E%3A%3Astruct%20RecoverySidecar%3A%3Afield%20protocol_v3:rustdoc:ad2141cfe3c9b55c2aa7e6a0c9eb094eb0bf92beff3f767b5438924f062d03f1:sidecar:1:1	rust_string	crates/omnigraph/src/db/manifest/recovery.rs	<module>::struct RecoverySidecar::field protocol_v3 :: rustdoc :: ad2141cfe3c9b55c2aa7e6a0c9eb094eb0bf92beff3f767b5438924f062d03f1 #1	rustdoc	sidecar	sidecar	physical_storage	retain accurate physical/storage terminology	none	omnigraph-engine owning tests plus G2 guard	Reviewed as accurate Lance, Arrow, manifest, recovery, or physical execution terminology.
2	rust_string:crates%2Fomnigraph%2Fsrc%2Fdb%2Fmanifest%2Frecovery.rs:%3Cmodule%3E%3A%3Astruct%20RecoverySidecar%3A%3Afield%20schema_apply_manifest_published:rustdoc:64a300e4df769379194d2cca110304c6ec0f9878e7820320b58fa1890b9e0b3a:sidecar:1:1	rust_string	crates/omnigraph/src/db/manifest/recovery.rs	<module>::struct RecoverySidecar::field schema_apply_manifest_published :: rustdoc :: 64a300e4df769379194d2cca110304c6ec0f9878e7820320b58fa1890b9e0b3a #1	rustdoc	sidecar	sidecar	physical_storage	retain accurate physical/storage terminology	none	omnigraph-engine owning tests plus G2 guard	Reviewed as accurate Lance, Arrow, manifest, recovery, or physical execution terminology.
2	rust_string:crates%2Fomnigraph%2Fsrc%2Fdb%2Fmanifest%2Frecovery.rs:%3Cmodule%3E%3A%3Astruct%20RecoverySidecar%3A%3Afield%20schema_apply_manifest_published:rustdoc:b5a71f75aebdd0532ab82954afb74ab653ae8bb501e69f55bfbc072e57f53791:table:1:1	rust_string	crates/omnigraph/src/db/manifest/recovery.rs	<module>::struct RecoverySidecar::field schema_apply_manifest_published :: rustdoc :: b5a71f75aebdd0532ab82954afb74ab653ae8bb501e69f55bfbc072e57f53791 #1	rustdoc	table	table	physical_storage	retain accurate physical/storage terminology	none	omnigraph-engine owning tests plus G2 guard	Reviewed as accurate Lance, Arrow, manifest, recovery, or physical execution terminology.
2	rust_string:crates%2Fomnigraph%2Fsrc%2Fdb%2Fmanifest%2Frecovery.rs:%3Cmodule%3E%3A%3Astruct%20RecoverySidecar%3A%3Afield%20schema_apply_manifest_published:rustdoc:b5a71f75aebdd0532ab82954afb74ab653ae8bb501e69f55bfbc072e57f53791:table:1:2	rust_string	crates/omnigraph/src/db/manifest/recovery.rs	<module>::struct RecoverySidecar::field schema_apply_manifest_published :: rustdoc :: b5a71f75aebdd0532ab82954afb74ab653ae8bb501e69f55bfbc072e57f53791 #1	rustdoc	table	table	physical_storage	retain accurate physical/storage terminology	none	omnigraph-engine owning tests plus G2 guard	Reviewed as accurate Lance, Arrow, manifest, recovery, or physical execution terminology.
2	rust_string:crates%2Fomnigraph%2Fsrc%2Fdb%2Fmanifest%2Frecovery.rs:%3Cmodule%3E%3A%3Astruct%20RecoverySidecar%3A%3Afield%20schema_apply_manifest_published:rustdoc:e73bf0f448a080dc8f7111e3fd5904f1a35b3774e0c247817f99eb6a3a3271d8:table:1:1	rust_string	crates/omnigraph/src/db/manifest/recovery.rs	<module>::struct RecoverySidecar::field schema_apply_manifest_published :: rustdoc :: e73bf0f448a080dc8f7111e3fd5904f1a35b3774e0c247817f99eb6a3a3271d8 #1	rustdoc	table	table	physical_storage	retain accurate physical/storage terminology	none	omnigraph-engine owning tests plus G2 guard	Reviewed as accurate Lance, Arrow, manifest, recovery, or physical execution terminology.
2	rust_string:crates%2Fomnigraph%2Fsrc%2Fdb%2Fmanifest%2Frecovery.rs:%3Cmodule%3E%3A%3Astruct%20RecoverySidecar%3A%3Afield%20tombstones:rustdoc:37d0c9bf4f095e42af6363779ce4430bbc89a4523bcdfde7bcb7ed4d27361caf:tables:1:1	rust_string	crates/omnigraph/src/db/manifest/recovery.rs	<module>::struct RecoverySidecar::field tombstones :: rustdoc :: 37d0c9bf4f095e42af6363779ce4430bbc89a4523bcdfde7bcb7ed4d27361caf #1	rustdoc	tables	tables	physical_storage	retain accurate physical/storage terminology	none	omnigraph-engine owning tests plus G2 guard	Reviewed as accurate Lance, Arrow, manifest, recovery, or physical execution terminology.
2	rust_string:crates%2Fomnigraph%2Fsrc%2Fdb%2Fmanifest%2Frecovery.rs:%3Cmodule%3E%3A%3Astruct%20RecoverySidecar%3A%3Afield%20tombstones:rustdoc:b65f2f7ddcca0a7039519043d850574871a6b10f5fda4e922345c80d8bb92536:sidecars:1:1	rust_string	crates/omnigraph/src/db/manifest/recovery.rs	<module>::struct RecoverySidecar::field tombstones :: rustdoc :: b65f2f7ddcca0a7039519043d850574871a6b10f5fda4e922345c80d8bb92536 #1	rustdoc	sidecars	sidecars	physical_storage	retain accurate physical/storage terminology	none	omnigraph-engine owning tests plus G2 guard	Reviewed as accurate Lance, Arrow, manifest, recovery, or physical execution terminology.
2	rust_string:crates%2Fomnigraph%2Fsrc%2Fdb%2Fmanifest%2Frecovery.rs:%3Cmodule%3E%3A%3Astruct%20SidecarTablePin%3A%3Afield%20confirmed_version:rustdoc:273c6edff8de7e6c4b1efe644f10d4321a5e1e15fafdab7adf55c2ce19da6695:sidecars:1:1	rust_string	crates/omnigraph/src/db/manifest/recovery.rs	<module>::struct SidecarTablePin::field confirmed_version :: rustdoc :: 273c6edff8de7e6c4b1efe644f10d4321a5e1e15fafdab7adf55c2ce19da6695 #1	rustdoc	sidecars	sidecars	physical_storage	retain accurate physical/storage terminology	none	omnigraph-engine owning tests plus G2 guard	Reviewed as accurate Lance, Arrow, manifest, recovery, or physical execution terminology.
2	rust_string:crates%2Fomnigraph%2Fsrc%2Fdb%2Fmanifest%2Frecovery.rs:%3Cmodule%3E%3A%3Astruct%20SidecarTablePin%3A%3Afield%20confirmed_version:rustdoc:2d834cc159dd17cdc120945c2fad797780cf8dc781cb5549d2c0e1209b58d311:table:1:1	rust_string	crates/omnigraph/src/db/manifest/recovery.rs	<module>::struct SidecarTablePin::field confirmed_version :: rustdoc :: 2d834cc159dd17cdc120945c2fad797780cf8dc781cb5549d2c0e1209b58d311 #1	rustdoc	table	table	physical_storage	retain accurate physical/storage terminology	none	omnigraph-engine owning tests plus G2 guard	Reviewed as accurate Lance, Arrow, manifest, recovery, or physical execution terminology.
2	rust_string:crates%2Fomnigraph%2Fsrc%2Fdb%2Fmanifest%2Frecovery.rs:%3Cmodule%3E%3A%3Astruct%20SidecarTablePin%3A%3Afield%20confirmed_version:rustdoc:46238df9a1a6fd0db79ff5433181da53f7228c628d683c8af9bca483ec71b4ab:table:1:1	rust_string	crates/omnigraph/src/db/manifest/recovery.rs	<module>::struct SidecarTablePin::field confirmed_version :: rustdoc :: 46238df9a1a6fd0db79ff5433181da53f7228c628d683c8af9bca483ec71b4ab #1	rustdoc	table	table	physical_storage	retain accurate physical/storage terminology	none	omnigraph-engine owning tests plus G2 guard	Reviewed as accurate Lance, Arrow, manifest, recovery, or physical execution terminology.
2	rust_string:crates%2Fomnigraph%2Fsrc%2Fdb%2Fmanifest%2Frecovery.rs:%3Cmodule%3E%3A%3Astruct%20SidecarTablePin%3A%3Afield%20confirmed_version:rustdoc:a41f6cd8514e643a519064a8867b7f43fbd0b194446304c78f28dff1c8fa649b:sidecar:1:1	rust_string	crates/omnigraph/src/db/manifest/recovery.rs	<module>::struct SidecarTablePin::field confirmed_version :: rustdoc :: a41f6cd8514e643a519064a8867b7f43fbd0b194446304c78f28dff1c8fa649b #1	rustdoc	sidecar	sidecar	physical_storage	retain accurate physical/storage terminology	none	omnigraph-engine owning tests plus G2 guard	Reviewed as accurate Lance, Arrow, manifest, recovery, or physical execution terminology.
2	rust_string:crates%2Fomnigraph%2Fsrc%2Fdb%2Fmanifest%2Frecovery.rs:%3Cmodule%3E%3A%3Astruct%20SidecarTablePin%3A%3Afield%20identity:rustdoc:9b2c16be61375666d7cf94aba7f2a43dee53e429be168f37a3b06913f5d3b9d4:table:1:1	rust_string	crates/omnigraph/src/db/manifest/recovery.rs	<module>::struct SidecarTablePin::field identity :: rustdoc :: 9b2c16be61375666d7cf94aba7f2a43dee53e429be168f37a3b06913f5d3b9d4 #1	rustdoc	table	table	physical_storage	retain accurate physical/storage terminology	none	omnigraph-engine owning tests plus G2 guard	Reviewed as accurate Lance, Arrow, manifest, recovery, or physical execution terminology.
2	rust_string:crates%2Fomnigraph%2Fsrc%2Fdb%2Fmanifest%2Frecovery.rs:%3Cmodule%3E%3A%3Astruct%20SidecarTablePin%3A%3Afield%20table_branch:rustdoc:43e8ab2b56cd8e717344d3dd3782c53cb1ea855be404ecd8ee5ef7c9e0ee97a1:sidecar:1:1	rust_string	crates/omnigraph/src/db/manifest/recovery.rs	<module>::struct SidecarTablePin::field table_branch :: rustdoc :: 43e8ab2b56cd8e717344d3dd3782c53cb1ea855be404ecd8ee5ef7c9e0ee97a1 #1	rustdoc	sidecar	sidecar	physical_storage	retain accurate physical/storage terminology	none	omnigraph-engine owning tests plus G2 guard	Reviewed as accurate Lance, Arrow, manifest, recovery, or physical execution terminology.
2	rust_string:crates%2Fomnigraph%2Fsrc%2Fdb%2Fmanifest%2Frecovery.rs:%3Cmodule%3E%3A%3Astruct%20SidecarTablePin%3A%3Afield%20table_branch:rustdoc:cc8ac7f5cb1b72a88cd3bf05b78f6c4806d3470a3e3c497db2d0286eb2f24560:sidecars:1:1	rust_string	crates/omnigraph/src/db/manifest/recovery.rs	<module>::struct SidecarTablePin::field table_branch :: rustdoc :: cc8ac7f5cb1b72a88cd3bf05b78f6c4806d3470a3e3c497db2d0286eb2f24560 #1	rustdoc	sidecars	sidecars	physical_storage	retain accurate physical/storage terminology	none	omnigraph-engine owning tests plus G2 guard	Reviewed as accurate Lance, Arrow, manifest, recovery, or physical execution terminology.
2	rust_string:crates%2Fomnigraph%2Fsrc%2Fdb%2Fmanifest%2Frecovery.rs:%3Cmodule%3E%3A%3Astruct%20SidecarTablePin%3A%3Afield%20table_branch:rustdoc:e1f90463bfe7021d6736f24174c1b46421795d637f2e18e9a1ae280353d58499:table:1:1	rust_string	crates/omnigraph/src/db/manifest/recovery.rs	<module>::struct SidecarTablePin::field table_branch :: rustdoc :: e1f90463bfe7021d6736f24174c1b46421795d637f2e18e9a1ae280353d58499 #1	rustdoc	table	table	physical_storage	retain accurate physical/storage terminology	none	omnigraph-engine owning tests plus G2 guard	Reviewed as accurate Lance, Arrow, manifest, recovery, or physical execution terminology.
2	rust_string:crates%2Fomnigraph%2Fsrc%2Fdb%2Fmanifest%2Frecovery.rs:%3Cmodule%3E%3A%3Astruct%20SidecarTablePin%3A%3Afield%20table_path:rustdoc:c3905a3b736d1310039b2f87f876824dce482ff2d42ad4dc824c8917e9e3986d:table:1:1	rust_string	crates/omnigraph/src/db/manifest/recovery.rs	<module>::struct SidecarTablePin::field table_path :: rustdoc :: c3905a3b736d1310039b2f87f876824dce482ff2d42ad4dc824c8917e9e3986d #1	rustdoc	table	table	physical_storage	retain accurate physical/storage terminology	none	omnigraph-engine owning tests plus G2 guard	Reviewed as accurate Lance, Arrow, manifest, recovery, or physical execution terminology.
2	rust_string:crates%2Fomnigraph%2Fsrc%2Fdb%2Fmanifest%2Frecovery.rs:%3Cmodule%3E%3A%3Astruct%20SidecarTableRegistration%3A%3Afield%20identity:rustdoc:b5e0d31de3d77e59f7ff7fb4e7a3adfc496c197287d20760ea166927bf512ad3:table:1:1	rust_string	crates/omnigraph/src/db/manifest/recovery.rs	<module>::struct SidecarTableRegistration::field identity :: rustdoc :: b5e0d31de3d77e59f7ff7fb4e7a3adfc496c197287d20760ea166927bf512ad3 #1	rustdoc	table	table	physical_storage	retain accurate physical/storage terminology	none	omnigraph-engine owning tests plus G2 guard	Reviewed as accurate Lance, Arrow, manifest, recovery, or physical execution terminology.
2	rust_string:crates%2Fomnigraph%2Fsrc%2Fdb%2Fmanifest%2Frecovery.rs:%3Cmodule%3E:rustdoc:0c2265923235b4d758c09792ea3ae0e0582c4a506a55585edd2f6e032c1b5e06:table:1:1	rust_string	crates/omnigraph/src/db/manifest/recovery.rs	<module> :: rustdoc :: 0c2265923235b4d758c09792ea3ae0e0582c4a506a55585edd2f6e032c1b5e06 #1	rustdoc	table	table	physical_storage	retain accurate physical/storage terminology	none	omnigraph-engine owning tests plus G2 guard	Reviewed as accurate Lance, Arrow, manifest, recovery, or physical execution terminology.
2	rust_string:crates%2Fomnigraph%2Fsrc%2Fdb%2Fmanifest%2Frecovery.rs:%3Cmodule%3E:rustdoc:260a9ab0681487c5c4e0761332cdea99c92bd798e4f1ee1072c5a4b96cc68a2f:sidecars:1:1	rust_string	crates/omnigraph/src/db/manifest/recovery.rs	<module> :: rustdoc :: 260a9ab0681487c5c4e0761332cdea99c92bd798e4f1ee1072c5a4b96cc68a2f #1	rustdoc	sidecars	sidecars	physical_storage	retain accurate physical/storage terminology	none	omnigraph-engine owning tests plus G2 guard	Reviewed as accurate Lance, Arrow, manifest, recovery, or physical execution terminology.
2	rust_string:crates%2Fomnigraph%2Fsrc%2Fdb%2Fmanifest%2Frecovery.rs:%3Cmodule%3E:rustdoc:34136e0896e5a676483c31ade4937493c009d84d6ec79c4d7eabe9add87f0aa9:table:1:1	rust_string	crates/omnigraph/src/db/manifest/recovery.rs	<module> :: rustdoc :: 34136e0896e5a676483c31ade4937493c009d84d6ec79c4d7eabe9add87f0aa9 #1	rustdoc	table	table	physical_storage	retain accurate physical/storage terminology	none	omnigraph-engine owning tests plus G2 guard	Reviewed as accurate Lance, Arrow, manifest, recovery, or physical execution terminology.
2	rust_string:crates%2Fomnigraph%2Fsrc%2Fdb%2Fmanifest%2Frecovery.rs:%3Cmodule%3E:rustdoc:577024720045087ed1c2f2905b339bb48fd81fcb528d7404270690a37a515770:table:1:1	rust_string	crates/omnigraph/src/db/manifest/recovery.rs	<module> :: rustdoc :: 577024720045087ed1c2f2905b339bb48fd81fcb528d7404270690a37a515770 #1	rustdoc	table	table	physical_storage	retain accurate physical/storage terminology	none	omnigraph-engine owning tests plus G2 guard	Reviewed as accurate Lance, Arrow, manifest, recovery, or physical execution terminology.
2	rust_string:crates%2Fomnigraph%2Fsrc%2Fdb%2Fmanifest%2Frecovery.rs:%3Cmodule%3E:rustdoc:6cf75108a78c2abd070ec68ea0bdca8729e49d7f5e79b4cf96e528e6155b2963:sidecar:1:1	rust_string	crates/omnigraph/src/db/manifest/recovery.rs	<module> :: rustdoc :: 6cf75108a78c2abd070ec68ea0bdca8729e49d7f5e79b4cf96e528e6155b2963 #1	rustdoc	sidecar	sidecar	physical_storage	retain accurate physical/storage terminology	none	omnigraph-engine owning tests plus G2 guard	Reviewed as accurate Lance, Arrow, manifest, recovery, or physical execution terminology.
2	rust_string:crates%2Fomnigraph%2Fsrc%2Fdb%2Fmanifest%2Frecovery.rs:%3Cmodule%3E:rustdoc:74b1a1c153dab4be0c50cfa584745fa94b4390a25f8a21661f7f21add5b85e1d:table:1:1	rust_string	crates/omnigraph/src/db/manifest/recovery.rs	<module> :: rustdoc :: 74b1a1c153dab4be0c50cfa584745fa94b4390a25f8a21661f7f21add5b85e1d #1	rustdoc	table	table	physical_storage	retain accurate physical/storage terminology	none	omnigraph-engine owning tests plus G2 guard	Reviewed as accurate Lance, Arrow, manifest, recovery, or physical execution terminology.
2	rust_string:crates%2Fomnigraph%2Fsrc%2Fdb%2Fmanifest%2Frecovery.rs:%3Cmodule%3E:rustdoc:74b1a1c153dab4be0c50cfa584745fa94b4390a25f8a21661f7f21add5b85e1d:table:1:2	rust_string	crates/omnigraph/src/db/manifest/recovery.rs	<module> :: rustdoc :: 74b1a1c153dab4be0c50cfa584745fa94b4390a25f8a21661f7f21add5b85e1d #1	rustdoc	table	table	physical_storage	retain accurate physical/storage terminology	none	omnigraph-engine owning tests plus G2 guard	Reviewed as accurate Lance, Arrow, manifest, recovery, or physical execution terminology.
2	rust_string:crates%2Fomnigraph%2Fsrc%2Fdb%2Fmanifest%2Frecovery.rs:%3Cmodule%3E:rustdoc:74b1a1c153dab4be0c50cfa584745fa94b4390a25f8a21661f7f21add5b85e1d:table:1:3	rust_string	crates/omnigraph/src/db/manifest/recovery.rs	<module> :: rustdoc :: 74b1a1c153dab4be0c50cfa584745fa94b4390a25f8a21661f7f21add5b85e1d #1	rustdoc	table	table	physical_storage	retain accurate physical/storage terminology	none	omnigraph-engine owning tests plus G2 guard	Reviewed as accurate Lance, Arrow, manifest, recovery, or physical execution terminology.
2	rust_string:crates%2Fomnigraph%2Fsrc%2Fdb%2Fmanifest%2Frecovery.rs:%3Cmodule%3E:rustdoc:7eb972ccb858d4785325bcef3771b566ea97a1f3668d1a8018bc48600e948a1a:tables:1:1	rust_string	crates/omnigraph/src/db/manifest/recovery.rs	<module> :: rustdoc :: 7eb972ccb858d4785325bcef3771b566ea97a1f3668d1a8018bc48600e948a1a #1	rustdoc	tables	tables	physical_storage	retain accurate physical/storage terminology	none	omnigraph-engine owning tests plus G2 guard	Reviewed as accurate Lance, Arrow, manifest, recovery, or physical execution terminology.
2	rust_string:crates%2Fomnigraph%2Fsrc%2Fdb%2Fmanifest%2Frecovery.rs:%3Cmodule%3E:rustdoc:82433c67a245e80ddd83d7f2cb322771d8e8cc9575ad18ff8372c28a4b4a207d:table:1:1	rust_string	crates/omnigraph/src/db/manifest/recovery.rs	<module> :: rustdoc :: 82433c67a245e80ddd83d7f2cb322771d8e8cc9575ad18ff8372c28a4b4a207d #1	rustdoc	table	table	physical_storage	retain accurate physical/storage terminology	none	omnigraph-engine owning tests plus G2 guard	Reviewed as accurate Lance, Arrow, manifest, recovery, or physical execution terminology.
2	rust_string:crates%2Fomnigraph%2Fsrc%2Fdb%2Fmanifest%2Frecovery.rs:%3Cmodule%3E:rustdoc:82433c67a245e80ddd83d7f2cb322771d8e8cc9575ad18ff8372c28a4b4a207d:tables:1:1	rust_string	crates/omnigraph/src/db/manifest/recovery.rs	<module> :: rustdoc :: 82433c67a245e80ddd83d7f2cb322771d8e8cc9575ad18ff8372c28a4b4a207d #1	rustdoc	tables	tables	physical_storage	retain accurate physical/storage terminology	none	omnigraph-engine owning tests plus G2 guard	Reviewed as accurate Lance, Arrow, manifest, recovery, or physical execution terminology.
2	rust_string:crates%2Fomnigraph%2Fsrc%2Fdb%2Fmanifest%2Frecovery.rs:%3Cmodule%3E:rustdoc:98256ecfb1b98ce0ab0f78eff5be48718457f55a46d62bea9158bc5101ec6a02:sidecar:1:1	rust_string	crates/omnigraph/src/db/manifest/recovery.rs	<module> :: rustdoc :: 98256ecfb1b98ce0ab0f78eff5be48718457f55a46d62bea9158bc5101ec6a02 #1	rustdoc	sidecar	sidecar	physical_storage	retain accurate physical/storage terminology	none	omnigraph-engine owning tests plus G2 guard	Reviewed as accurate Lance, Arrow, manifest, recovery, or physical execution terminology.
2	rust_string:crates%2Fomnigraph%2Fsrc%2Fdb%2Fmanifest%2Frecovery.rs:%3Cmodule%3E:rustdoc:9a9f4c606df87b272bdb7a441b7112a29425b037684b1bbf904ac15b1c88cc7d:sidecar:1:1	rust_string	crates/omnigraph/src/db/manifest/recovery.rs	<module> :: rustdoc :: 9a9f4c606df87b272bdb7a441b7112a29425b037684b1bbf904ac15b1c88cc7d #1	rustdoc	sidecar	sidecar	physical_storage	retain accurate physical/storage terminology	none	omnigraph-engine owning tests plus G2 guard	Reviewed as accurate Lance, Arrow, manifest, recovery, or physical execution terminology.
2	rust_string:crates%2Fomnigraph%2Fsrc%2Fdb%2Fmanifest%2Frecovery.rs:%3Cmodule%3E:rustdoc:9a9f4c606df87b272bdb7a441b7112a29425b037684b1bbf904ac15b1c88cc7d:table:1:1	rust_string	crates/omnigraph/src/db/manifest/recovery.rs	<module> :: rustdoc :: 9a9f4c606df87b272bdb7a441b7112a29425b037684b1bbf904ac15b1c88cc7d #1	rustdoc	table	table	physical_storage	retain accurate physical/storage terminology	none	omnigraph-engine owning tests plus G2 guard	Reviewed as accurate Lance, Arrow, manifest, recovery, or physical execution terminology.
2	rust_string:crates%2Fomnigraph%2Fsrc%2Fdb%2Fmanifest%2Frecovery.rs:%3Cmodule%3E:rustdoc:aba783eae8ba29179114f05d6c8cf6106bf42fbb4bc9d501b3dd16478604d2f5:sidecar:1:1	rust_string	crates/omnigraph/src/db/manifest/recovery.rs	<module> :: rustdoc :: aba783eae8ba29179114f05d6c8cf6106bf42fbb4bc9d501b3dd16478604d2f5 #1	rustdoc	sidecar	sidecar	physical_storage	retain accurate physical/storage terminology	none	omnigraph-engine owning tests plus G2 guard	Reviewed as accurate Lance, Arrow, manifest, recovery, or physical execution terminology.
2	rust_string:crates%2Fomnigraph%2Fsrc%2Fdb%2Fmanifest%2Frecovery.rs:%3Cmodule%3E:rustdoc:b98e0c2ddd52f1421405146f10bc5a1556f5b462f24393e9b55fc03868822db0:sidecar:1:1	rust_string	crates/omnigraph/src/db/manifest/recovery.rs	<module> :: rustdoc :: b98e0c2ddd52f1421405146f10bc5a1556f5b462f24393e9b55fc03868822db0 #1	rustdoc	sidecar	sidecar	physical_storage	retain accurate physical/storage terminology	none	omnigraph-engine owning tests plus G2 guard	Reviewed as accurate Lance, Arrow, manifest, recovery, or physical execution terminology.
2	rust_string:crates%2Fomnigraph%2Fsrc%2Fdb%2Fmanifest%2Frecovery.rs:%3Cmodule%3E:rustdoc:b98e0c2ddd52f1421405146f10bc5a1556f5b462f24393e9b55fc03868822db0:table:1:1	rust_string	crates/omnigraph/src/db/manifest/recovery.rs	<module> :: rustdoc :: b98e0c2ddd52f1421405146f10bc5a1556f5b462f24393e9b55fc03868822db0 #1	rustdoc	table	table	physical_storage	retain accurate physical/storage terminology	none	omnigraph-engine owning tests plus G2 guard	Reviewed as accurate Lance, Arrow, manifest, recovery, or physical execution terminology.
2	rust_string:crates%2Fomnigraph%2Fsrc%2Fdb%2Fmanifest%2Frecovery.rs:%3Cmodule%3E:rustdoc:bc000f7fb3794d66d0312086ee41ee71e85117bb1fb672d9f48de3c3b4547fcd:sidecar:1:1	rust_string	crates/omnigraph/src/db/manifest/recovery.rs	<module> :: rustdoc :: bc000f7fb3794d66d0312086ee41ee71e85117bb1fb672d9f48de3c3b4547fcd #1	rustdoc	sidecar	sidecar	physical_storage	retain accurate physical/storage terminology	none	omnigraph-engine owning tests plus G2 guard	Reviewed as accurate Lance, Arrow, manifest, recovery, or physical execution terminology.
2	rust_string:crates%2Fomnigraph%2Fsrc%2Fdb%2Fmanifest%2Frecovery.rs:%3Cmodule%3E:rustdoc:cc46c1fc3d9f7ae8af1dd1a961ec22c86f54b45d072bf9dfdbed1c915144b90c:table:1:1	rust_string	crates/omnigraph/src/db/manifest/recovery.rs	<module> :: rustdoc :: cc46c1fc3d9f7ae8af1dd1a961ec22c86f54b45d072bf9dfdbed1c915144b90c #1	rustdoc	table	table	physical_storage	retain accurate physical/storage terminology	none	omnigraph-engine owning tests plus G2 guard	Reviewed as accurate Lance, Arrow, manifest, recovery, or physical execution terminology.
2	rust_string:crates%2Fomnigraph%2Fsrc%2Fdb%2Fmanifest%2Fstate.rs:%3Cmodule%3E%3A%3Afn%20assemble_manifest_state:error_constructor:45ec736ee341d41e1adbf5c6024c34a649d2e67bfb242aeb45990694d814be1e:table:1:1	rust_string	crates/omnigraph/src/db/manifest/state.rs	<module>::fn assemble_manifest_state :: error_constructor :: 45ec736ee341d41e1adbf5c6024c34a649d2e67bfb242aeb45990694d814be1e #1	error_constructor	table	table	physical_storage	retain accurate physical/storage terminology	none	omnigraph-engine owning tests plus G2 guard	Reviewed as accurate Lance, Arrow, manifest, recovery, or physical execution terminology.
2	rust_string:crates%2Fomnigraph%2Fsrc%2Fdb%2Fmanifest%2Fstate.rs:%3Cmodule%3E%3A%3Afn%20assemble_manifest_state:error_constructor:83cbd99f8e986f776e9ea23fb1973c2947dc4e14b786ce7bd8612086487827f4:row:1:1	rust_string	crates/omnigraph/src/db/manifest/state.rs	<module>::fn assemble_manifest_state :: error_constructor :: 83cbd99f8e986f776e9ea23fb1973c2947dc4e14b786ce7bd8612086487827f4 #1	error_constructor	row	row	physical_storage	retain accurate physical/storage terminology	none	omnigraph-engine owning tests plus G2 guard	Reviewed as accurate Lance, Arrow, manifest, recovery, or physical execution terminology.
2	rust_string:crates%2Fomnigraph%2Fsrc%2Fdb%2Fmanifest%2Fstate.rs:%3Cmodule%3E%3A%3Afn%20assemble_manifest_state:error_constructor:83cbd99f8e986f776e9ea23fb1973c2947dc4e14b786ce7bd8612086487827f4:row:1:2	rust_string	crates/omnigraph/src/db/manifest/state.rs	<module>::fn assemble_manifest_state :: error_constructor :: 83cbd99f8e986f776e9ea23fb1973c2947dc4e14b786ce7bd8612086487827f4 #1	error_constructor	row	row	physical_storage	retain accurate physical/storage terminology	none	omnigraph-engine owning tests plus G2 guard	Reviewed as accurate Lance, Arrow, manifest, recovery, or physical execution terminology.
2	rust_string:crates%2Fomnigraph%2Fsrc%2Fdb%2Fmanifest%2Fstate.rs:%3Cmodule%3E%3A%3Afn%20assemble_manifest_state:error_constructor:83cbd99f8e986f776e9ea23fb1973c2947dc4e14b786ce7bd8612086487827f4:table:1:1	rust_string	crates/omnigraph/src/db/manifest/state.rs	<module>::fn assemble_manifest_state :: error_constructor :: 83cbd99f8e986f776e9ea23fb1973c2947dc4e14b786ce7bd8612086487827f4 #1	error_constructor	table	table	physical_storage	retain accurate physical/storage terminology	none	omnigraph-engine owning tests plus G2 guard	Reviewed as accurate Lance, Arrow, manifest, recovery, or physical execution terminology.
2	rust_string:crates%2Fomnigraph%2Fsrc%2Fdb%2Fmanifest%2Fstate.rs:%3Cmodule%3E%3A%3Afn%20decode_graph_commit_row:error_constructor:d8e99fe86d270a3538dae99a7bc394b74a8742db6a3a621a61442cb175f627eb:row:1:1	rust_string	crates/omnigraph/src/db/manifest/state.rs	<module>::fn decode_graph_commit_row :: error_constructor :: d8e99fe86d270a3538dae99a7bc394b74a8742db6a3a621a61442cb175f627eb #1	error_constructor	row	row	physical_storage	retain accurate physical/storage terminology	none	omnigraph-engine owning tests plus G2 guard	Reviewed as accurate Lance, Arrow, manifest, recovery, or physical execution terminology.
2	rust_string:crates%2Fomnigraph%2Fsrc%2Fdb%2Fmanifest%2Fstate.rs:%3Cmodule%3E%3A%3Afn%20decode_graph_head_row:error_constructor:6c0d2ba05d6c57d345a57657a360f56124f5b7e78693f55af220cf95c0feb264:row:1:1	rust_string	crates/omnigraph/src/db/manifest/state.rs	<module>::fn decode_graph_head_row :: error_constructor :: 6c0d2ba05d6c57d345a57657a360f56124f5b7e78693f55af220cf95c0feb264 #1	error_constructor	row	row	physical_storage	retain accurate physical/storage terminology	none	omnigraph-engine owning tests plus G2 guard	Reviewed as accurate Lance, Arrow, manifest, recovery, or physical execution terminology.
2	rust_string:crates%2Fomnigraph%2Fsrc%2Fdb%2Fmanifest%2Fstate.rs:%3Cmodule%3E%3A%3Afn%20manifest_rows_batch:error_constructor:1a2e469ae572cb69d2e26668650cf914f0c95e5b8dcaac7925a1c5d6b2360230:row:1:1	rust_string	crates/omnigraph/src/db/manifest/state.rs	<module>::fn manifest_rows_batch :: error_constructor :: 1a2e469ae572cb69d2e26668650cf914f0c95e5b8dcaac7925a1c5d6b2360230 #1	error_constructor	row	row	physical_storage	retain accurate physical/storage terminology	none	omnigraph-engine owning tests plus G2 guard	Reviewed as accurate Lance, Arrow, manifest, recovery, or physical execution terminology.
2	rust_string:crates%2Fomnigraph%2Fsrc%2Fdb%2Fmanifest%2Fstate.rs:%3Cmodule%3E%3A%3Afn%20manifest_rows_batch:error_constructor:1a2e469ae572cb69d2e26668650cf914f0c95e5b8dcaac7925a1c5d6b2360230:table:1:1	rust_string	crates/omnigraph/src/db/manifest/state.rs	<module>::fn manifest_rows_batch :: error_constructor :: 1a2e469ae572cb69d2e26668650cf914f0c95e5b8dcaac7925a1c5d6b2360230 #1	error_constructor	table	table	physical_storage	retain accurate physical/storage terminology	none	omnigraph-engine owning tests plus G2 guard	Reviewed as accurate Lance, Arrow, manifest, recovery, or physical execution terminology.
2	rust_string:crates%2Fomnigraph%2Fsrc%2Fdb%2Fmanifest%2Fstate.rs:%3Cmodule%3E%3A%3Afn%20manifest_rows_batch:error_constructor:1a2e469ae572cb69d2e26668650cf914f0c95e5b8dcaac7925a1c5d6b2360230:table:1:2	rust_string	crates/omnigraph/src/db/manifest/state.rs	<module>::fn manifest_rows_batch :: error_constructor :: 1a2e469ae572cb69d2e26668650cf914f0c95e5b8dcaac7925a1c5d6b2360230 #1	error_constructor	table	table	physical_storage	retain accurate physical/storage terminology	none	omnigraph-engine owning tests plus G2 guard	Reviewed as accurate Lance, Arrow, manifest, recovery, or physical execution terminology.
2	rust_string:crates%2Fomnigraph%2Fsrc%2Fdb%2Fmanifest%2Fstate.rs:%3Cmodule%3E%3A%3Afn%20manifest_rows_batch:error_constructor:464444cc6bc74e048b2676c13df247808864baddeb410b23425f68fa57404047:row:1:1	rust_string	crates/omnigraph/src/db/manifest/state.rs	<module>::fn manifest_rows_batch :: error_constructor :: 464444cc6bc74e048b2676c13df247808864baddeb410b23425f68fa57404047 #1	error_constructor	row	row	physical_storage	retain accurate physical/storage terminology	none	omnigraph-engine owning tests plus G2 guard	Reviewed as accurate Lance, Arrow, manifest, recovery, or physical execution terminology.
2	rust_string:crates%2Fomnigraph%2Fsrc%2Fdb%2Fmanifest%2Fstate.rs:%3Cmodule%3E%3A%3Afn%20manifest_rows_batch:error_constructor:464444cc6bc74e048b2676c13df247808864baddeb410b23425f68fa57404047:table:1:1	rust_string	crates/omnigraph/src/db/manifest/state.rs	<module>::fn manifest_rows_batch :: error_constructor :: 464444cc6bc74e048b2676c13df247808864baddeb410b23425f68fa57404047 #1	error_constructor	table	table	physical_storage	retain accurate physical/storage terminology	none	omnigraph-engine owning tests plus G2 guard	Reviewed as accurate Lance, Arrow, manifest, recovery, or physical execution terminology.
2	rust_string:crates%2Fomnigraph%2Fsrc%2Fdb%2Fmanifest%2Fstate.rs:%3Cmodule%3E%3A%3Afn%20manifest_rows_batch:error_constructor:464444cc6bc74e048b2676c13df247808864baddeb410b23425f68fa57404047:table:1:2	rust_string	crates/omnigraph/src/db/manifest/state.rs	<module>::fn manifest_rows_batch :: error_constructor :: 464444cc6bc74e048b2676c13df247808864baddeb410b23425f68fa57404047 #1	error_constructor	table	table	physical_storage	retain accurate physical/storage terminology	none	omnigraph-engine owning tests plus G2 guard	Reviewed as accurate Lance, Arrow, manifest, recovery, or physical execution terminology.
2	rust_string:crates%2Fomnigraph%2Fsrc%2Fdb%2Fmanifest%2Fstate.rs:%3Cmodule%3E%3A%3Afn%20manifest_rows_batch:error_constructor:6edc8dea95910f1041a5d6201a8d2e1c8000d807d4e10214a90dfdacb167ebc0:rows:1:1	rust_string	crates/omnigraph/src/db/manifest/state.rs	<module>::fn manifest_rows_batch :: error_constructor :: 6edc8dea95910f1041a5d6201a8d2e1c8000d807d4e10214a90dfdacb167ebc0 #1	error_constructor	rows	rows	physical_storage	retain accurate physical/storage terminology	none	omnigraph-engine owning tests plus G2 guard	Reviewed as accurate Lance, Arrow, manifest, recovery, or physical execution terminology.
2	rust_string:crates%2Fomnigraph%2Fsrc%2Fdb%2Fmanifest%2Fstate.rs:%3Cmodule%3E%3A%3Afn%20manifest_rows_batch:error_constructor:6edc8dea95910f1041a5d6201a8d2e1c8000d807d4e10214a90dfdacb167ebc0:table:1:1	rust_string	crates/omnigraph/src/db/manifest/state.rs	<module>::fn manifest_rows_batch :: error_constructor :: 6edc8dea95910f1041a5d6201a8d2e1c8000d807d4e10214a90dfdacb167ebc0 #1	error_constructor	table	table	physical_storage	retain accurate physical/storage terminology	none	omnigraph-engine owning tests plus G2 guard	Reviewed as accurate Lance, Arrow, manifest, recovery, or physical execution terminology.
2	rust_string:crates%2Fomnigraph%2Fsrc%2Fdb%2Fmanifest%2Fstate.rs:%3Cmodule%3E%3A%3Afn%20manifest_rows_batch:error_constructor:bce6020885226ca4968281dd036d22f217d115a56a85ccae8d1b69027e5729e4:row:1:1	rust_string	crates/omnigraph/src/db/manifest/state.rs	<module>::fn manifest_rows_batch :: error_constructor :: bce6020885226ca4968281dd036d22f217d115a56a85ccae8d1b69027e5729e4 #1	error_constructor	row	row	physical_storage	retain accurate physical/storage terminology	none	omnigraph-engine owning tests plus G2 guard	Reviewed as accurate Lance, Arrow, manifest, recovery, or physical execution terminology.
2	rust_string:crates%2Fomnigraph%2Fsrc%2Fdb%2Fmanifest%2Fstate.rs:%3Cmodule%3E%3A%3Afn%20manifest_rows_batch:error_constructor:bce6020885226ca4968281dd036d22f217d115a56a85ccae8d1b69027e5729e4:table:1:1	rust_string	crates/omnigraph/src/db/manifest/state.rs	<module>::fn manifest_rows_batch :: error_constructor :: bce6020885226ca4968281dd036d22f217d115a56a85ccae8d1b69027e5729e4 #1	error_constructor	table	table	physical_storage	retain accurate physical/storage terminology	none	omnigraph-engine owning tests plus G2 guard	Reviewed as accurate Lance, Arrow, manifest, recovery, or physical execution terminology.
2	rust_string:crates%2Fomnigraph%2Fsrc%2Fdb%2Fmanifest%2Fstate.rs:%3Cmodule%3E%3A%3Afn%20manifest_rows_batch:error_constructor:e786cab42b1e2793e513e48ce53bfe981fe77c2471b8cb9dbe8a704bff6ad17d:row:1:1	rust_string	crates/omnigraph/src/db/manifest/state.rs	<module>::fn manifest_rows_batch :: error_constructor :: e786cab42b1e2793e513e48ce53bfe981fe77c2471b8cb9dbe8a704bff6ad17d #1	error_constructor	row	row	physical_storage	retain accurate physical/storage terminology	none	omnigraph-engine owning tests plus G2 guard	Reviewed as accurate Lance, Arrow, manifest, recovery, or physical execution terminology.
2	rust_string:crates%2Fomnigraph%2Fsrc%2Fdb%2Fmanifest%2Fstate.rs:%3Cmodule%3E%3A%3Afn%20manifest_rows_batch:error_constructor:f952161bfb306785ba95b364e4cde333b7aa8c8028cb74da93a6e345125675b5:row:1:1	rust_string	crates/omnigraph/src/db/manifest/state.rs	<module>::fn manifest_rows_batch :: error_constructor :: f952161bfb306785ba95b364e4cde333b7aa8c8028cb74da93a6e345125675b5 #1	error_constructor	row	row	physical_storage	retain accurate physical/storage terminology	none	omnigraph-engine owning tests plus G2 guard	Reviewed as accurate Lance, Arrow, manifest, recovery, or physical execution terminology.
2	rust_string:crates%2Fomnigraph%2Fsrc%2Fdb%2Fmanifest%2Fstate.rs:%3Cmodule%3E%3A%3Afn%20manifest_rows_batch:error_constructor:f952161bfb306785ba95b364e4cde333b7aa8c8028cb74da93a6e345125675b5:table:1:1	rust_string	crates/omnigraph/src/db/manifest/state.rs	<module>::fn manifest_rows_batch :: error_constructor :: f952161bfb306785ba95b364e4cde333b7aa8c8028cb74da93a6e345125675b5 #1	error_constructor	table	table	physical_storage	retain accurate physical/storage terminology	none	omnigraph-engine owning tests plus G2 guard	Reviewed as accurate Lance, Arrow, manifest, recovery, or physical execution terminology.
2	rust_string:crates%2Fomnigraph%2Fsrc%2Fdb%2Fmanifest%2Fstate.rs:%3Cmodule%3E%3A%3Afn%20read_manifest_scan:error_constructor:1ad4e8870fc174f802f8afa0fa4ab8153e12836ae4175d0f788edb542c9535fb:row:1:1	rust_string	crates/omnigraph/src/db/manifest/state.rs	<module>::fn read_manifest_scan :: error_constructor :: 1ad4e8870fc174f802f8afa0fa4ab8153e12836ae4175d0f788edb542c9535fb #1	error_constructor	row	row	physical_storage	retain accurate physical/storage terminology	none	omnigraph-engine owning tests plus G2 guard	Reviewed as accurate Lance, Arrow, manifest, recovery, or physical execution terminology.
2	rust_string:crates%2Fomnigraph%2Fsrc%2Fdb%2Fmanifest%2Fstate.rs:%3Cmodule%3E%3A%3Afn%20read_manifest_scan:error_constructor:1ad4e8870fc174f802f8afa0fa4ab8153e12836ae4175d0f788edb542c9535fb:table:1:1	rust_string	crates/omnigraph/src/db/manifest/state.rs	<module>::fn read_manifest_scan :: error_constructor :: 1ad4e8870fc174f802f8afa0fa4ab8153e12836ae4175d0f788edb542c9535fb #1	error_constructor	table	table	physical_storage	retain accurate physical/storage terminology	none	omnigraph-engine owning tests plus G2 guard	Reviewed as accurate Lance, Arrow, manifest, recovery, or physical execution terminology.
2	rust_string:crates%2Fomnigraph%2Fsrc%2Fdb%2Fmanifest%2Fstate.rs:%3Cmodule%3E%3A%3Afn%20read_manifest_scan:error_constructor:1e1fa92414063ffcd82cb63996ad9f7ef59d1b4547452aced6966a2f39f0e298:row:1:1	rust_string	crates/omnigraph/src/db/manifest/state.rs	<module>::fn read_manifest_scan :: error_constructor :: 1e1fa92414063ffcd82cb63996ad9f7ef59d1b4547452aced6966a2f39f0e298 #1	error_constructor	row	row	physical_storage	retain accurate physical/storage terminology	none	omnigraph-engine owning tests plus G2 guard	Reviewed as accurate Lance, Arrow, manifest, recovery, or physical execution terminology.
2	rust_string:crates%2Fomnigraph%2Fsrc%2Fdb%2Fmanifest%2Fstate.rs:%3Cmodule%3E%3A%3Afn%20read_manifest_scan:error_constructor:1e1fa92414063ffcd82cb63996ad9f7ef59d1b4547452aced6966a2f39f0e298:table:1:1	rust_string	crates/omnigraph/src/db/manifest/state.rs	<module>::fn read_manifest_scan :: error_constructor :: 1e1fa92414063ffcd82cb63996ad9f7ef59d1b4547452aced6966a2f39f0e298 #1	error_constructor	table	table	physical_storage	retain accurate physical/storage terminology	none	omnigraph-engine owning tests plus G2 guard	Reviewed as accurate Lance, Arrow, manifest, recovery, or physical execution terminology.
2	rust_string:crates%2Fomnigraph%2Fsrc%2Fdb%2Fmanifest%2Fstate.rs:%3Cmodule%3E%3A%3Afn%20read_manifest_scan:error_constructor:414f23523f83964a258c5ed6c46a22c942fb9aed3a288d3e45cce40bb477f0d1:table:1:1	rust_string	crates/omnigraph/src/db/manifest/state.rs	<module>::fn read_manifest_scan :: error_constructor :: 414f23523f83964a258c5ed6c46a22c942fb9aed3a288d3e45cce40bb477f0d1 #1	error_constructor	table	table	physical_storage	retain accurate physical/storage terminology	none	omnigraph-engine owning tests plus G2 guard	Reviewed as accurate Lance, Arrow, manifest, recovery, or physical execution terminology.
2	rust_string:crates%2Fomnigraph%2Fsrc%2Fdb%2Fmanifest%2Fstate.rs:%3Cmodule%3E%3A%3Afn%20read_manifest_scan:error_constructor:50509100915b8a83fc1ccb2d321bfcc3ed1f56676d1a65e00da10bb318f91b11:row:1:1	rust_string	crates/omnigraph/src/db/manifest/state.rs	<module>::fn read_manifest_scan :: error_constructor :: 50509100915b8a83fc1ccb2d321bfcc3ed1f56676d1a65e00da10bb318f91b11 #1	error_constructor	row	row	physical_storage	retain accurate physical/storage terminology	none	omnigraph-engine owning tests plus G2 guard	Reviewed as accurate Lance, Arrow, manifest, recovery, or physical execution terminology.
2	rust_string:crates%2Fomnigraph%2Fsrc%2Fdb%2Fmanifest%2Fstate.rs:%3Cmodule%3E%3A%3Afn%20read_manifest_scan:error_constructor:50509100915b8a83fc1ccb2d321bfcc3ed1f56676d1a65e00da10bb318f91b11:table:1:1	rust_string	crates/omnigraph/src/db/manifest/state.rs	<module>::fn read_manifest_scan :: error_constructor :: 50509100915b8a83fc1ccb2d321bfcc3ed1f56676d1a65e00da10bb318f91b11 #1	error_constructor	table	table	physical_storage	retain accurate physical/storage terminology	none	omnigraph-engine owning tests plus G2 guard	Reviewed as accurate Lance, Arrow, manifest, recovery, or physical execution terminology.
2	rust_string:crates%2Fomnigraph%2Fsrc%2Fdb%2Fmanifest%2Fstate.rs:%3Cmodule%3E%3A%3Afn%20read_manifest_scan:error_constructor:948ba969054e656b9effae3f685997d07371f52ed4ab2686c43b77a00eb19161:rows:1:1	rust_string	crates/omnigraph/src/db/manifest/state.rs	<module>::fn read_manifest_scan :: error_constructor :: 948ba969054e656b9effae3f685997d07371f52ed4ab2686c43b77a00eb19161 #1	error_constructor	rows	rows	physical_storage	retain accurate physical/storage terminology	none	omnigraph-engine owning tests plus G2 guard	Reviewed as accurate Lance, Arrow, manifest, recovery, or physical execution terminology.
2	rust_string:crates%2Fomnigraph%2Fsrc%2Fdb%2Fmanifest%2Fstate.rs:%3Cmodule%3E%3A%3Afn%20read_manifest_scan:error_constructor:948ba969054e656b9effae3f685997d07371f52ed4ab2686c43b77a00eb19161:table:1:1	rust_string	crates/omnigraph/src/db/manifest/state.rs	<module>::fn read_manifest_scan :: error_constructor :: 948ba969054e656b9effae3f685997d07371f52ed4ab2686c43b77a00eb19161 #1	error_constructor	table	table	physical_storage	retain accurate physical/storage terminology	none	omnigraph-engine owning tests plus G2 guard	Reviewed as accurate Lance, Arrow, manifest, recovery, or physical execution terminology.
2	rust_string:crates%2Fomnigraph%2Fsrc%2Fdb%2Fmanifest%2Fstate.rs:%3Cmodule%3E%3A%3Afn%20require_null_table_identity:error_constructor:bce6020885226ca4968281dd036d22f217d115a56a85ccae8d1b69027e5729e4:row:1:1	rust_string	crates/omnigraph/src/db/manifest/state.rs	<module>::fn require_null_table_identity :: error_constructor :: bce6020885226ca4968281dd036d22f217d115a56a85ccae8d1b69027e5729e4 #1	error_constructor	row	row	physical_storage	retain accurate physical/storage terminology	none	omnigraph-engine owning tests plus G2 guard	Reviewed as accurate Lance, Arrow, manifest, recovery, or physical execution terminology.
2	rust_string:crates%2Fomnigraph%2Fsrc%2Fdb%2Fmanifest%2Fstate.rs:%3Cmodule%3E%3A%3Afn%20require_null_table_identity:error_constructor:bce6020885226ca4968281dd036d22f217d115a56a85ccae8d1b69027e5729e4:table:1:1	rust_string	crates/omnigraph/src/db/manifest/state.rs	<module>::fn require_null_table_identity :: error_constructor :: bce6020885226ca4968281dd036d22f217d115a56a85ccae8d1b69027e5729e4 #1	error_constructor	table	table	physical_storage	retain accurate physical/storage terminology	none	omnigraph-engine owning tests plus G2 guard	Reviewed as accurate Lance, Arrow, manifest, recovery, or physical execution terminology.
2	rust_string:crates%2Fomnigraph%2Fsrc%2Fdb%2Fmanifest%2Fstate.rs:%3Cmodule%3E%3A%3Afn%20require_object_id:error_constructor:5e417151b6c98b09766627b4a74c0c4f5034aa0fd7ad6e330a341cca42355d0b:row:1:1	rust_string	crates/omnigraph/src/db/manifest/state.rs	<module>::fn require_object_id :: error_constructor :: 5e417151b6c98b09766627b4a74c0c4f5034aa0fd7ad6e330a341cca42355d0b #1	error_constructor	row	row	physical_storage	retain accurate physical/storage terminology	none	omnigraph-engine owning tests plus G2 guard	Reviewed as accurate Lance, Arrow, manifest, recovery, or physical execution terminology.
2	rust_string:crates%2Fomnigraph%2Fsrc%2Fdb%2Fmanifest%2Fstate.rs:%3Cmodule%3E%3A%3Afn%20required_table_identity:error_constructor:f5bfc7f4329df6f1d310c200610c64f0c4bdd67b1d3199bf1a38ff4fae4282b8:row:1:1	rust_string	crates/omnigraph/src/db/manifest/state.rs	<module>::fn required_table_identity :: error_constructor :: f5bfc7f4329df6f1d310c200610c64f0c4bdd67b1d3199bf1a38ff4fae4282b8 #1	error_constructor	row	row	physical_storage	retain accurate physical/storage terminology	none	omnigraph-engine owning tests plus G2 guard	Reviewed as accurate Lance, Arrow, manifest, recovery, or physical execution terminology.
2	rust_string:crates%2Fomnigraph%2Fsrc%2Fdb%2Fmanifest%2Fstate.rs:%3Cmodule%3E%3A%3Afn%20required_table_identity:error_constructor:f5bfc7f4329df6f1d310c200610c64f0c4bdd67b1d3199bf1a38ff4fae4282b8:table:1:1	rust_string	crates/omnigraph/src/db/manifest/state.rs	<module>::fn required_table_identity :: error_constructor :: f5bfc7f4329df6f1d310c200610c64f0c4bdd67b1d3199bf1a38ff4fae4282b8 #1	error_constructor	table	table	physical_storage	retain accurate physical/storage terminology	none	omnigraph-engine owning tests plus G2 guard	Reviewed as accurate Lance, Arrow, manifest, recovery, or physical execution terminology.
2	rust_string:crates%2Fomnigraph%2Fsrc%2Fdb%2Fmanifest%2Fstate.rs:%3Cmodule%3E%3A%3Afn%20required_u64:error_constructor:488c913ad25c4b80e8c291f4f1b24eb252413667b40404900f5dc7b88977403e:column:1:1	rust_string	crates/omnigraph/src/db/manifest/state.rs	<module>::fn required_u64 :: error_constructor :: 488c913ad25c4b80e8c291f4f1b24eb252413667b40404900f5dc7b88977403e #1	error_constructor	column	column	physical_storage	retain accurate physical/storage terminology	none	omnigraph-engine owning tests plus G2 guard	Reviewed as accurate Lance, Arrow, manifest, recovery, or physical execution terminology.
2	rust_string:crates%2Fomnigraph%2Fsrc%2Fdb%2Fmanifest%2Fstate.rs:%3Cmodule%3E%3A%3Afn%20required_u64:error_constructor:488c913ad25c4b80e8c291f4f1b24eb252413667b40404900f5dc7b88977403e:row:1:1	rust_string	crates/omnigraph/src/db/manifest/state.rs	<module>::fn required_u64 :: error_constructor :: 488c913ad25c4b80e8c291f4f1b24eb252413667b40404900f5dc7b88977403e #1	error_constructor	row	row	physical_storage	retain accurate physical/storage terminology	none	omnigraph-engine owning tests plus G2 guard	Reviewed as accurate Lance, Arrow, manifest, recovery, or physical execution terminology.
2	rust_string:crates%2Fomnigraph%2Fsrc%2Fdb%2Fmanifest%2Fstate.rs:%3Cmodule%3E%3A%3Afn%20string_column:error_constructor:8c0a8775fe79d3f9f7b8f39df78bacbb2226194739a31bce0f6c0fedc6792199:column:1:1	rust_string	crates/omnigraph/src/db/manifest/state.rs	<module>::fn string_column :: error_constructor :: 8c0a8775fe79d3f9f7b8f39df78bacbb2226194739a31bce0f6c0fedc6792199 #1	error_constructor	column	column	physical_storage	retain accurate physical/storage terminology	none	omnigraph-engine owning tests plus G2 guard	Reviewed as accurate Lance, Arrow, manifest, recovery, or physical execution terminology.
2	rust_string:crates%2Fomnigraph%2Fsrc%2Fdb%2Fmanifest%2Fstate.rs:%3Cmodule%3E%3A%3Afn%20string_column:error_constructor:9dab30782d7e76db2db7fb690efa80d6d3d6b416ca1d674c9cb9e0d1d29a8c72:column:1:1	rust_string	crates/omnigraph/src/db/manifest/state.rs	<module>::fn string_column :: error_constructor :: 9dab30782d7e76db2db7fb690efa80d6d3d6b416ca1d674c9cb9e0d1d29a8c72 #1	error_constructor	column	column	physical_storage	retain accurate physical/storage terminology	none	omnigraph-engine owning tests plus G2 guard	Reviewed as accurate Lance, Arrow, manifest, recovery, or physical execution terminology.
2	rust_string:crates%2Fomnigraph%2Fsrc%2Fdb%2Fmanifest%2Fstate.rs:%3Cmodule%3E%3A%3Afn%20u64_column:error_constructor:24e077dcac9dc11768500c6535f316ebe481055de4697b767b5801bd35a64f55:column:1:1	rust_string	crates/omnigraph/src/db/manifest/state.rs	<module>::fn u64_column :: error_constructor :: 24e077dcac9dc11768500c6535f316ebe481055de4697b767b5801bd35a64f55 #1	error_constructor	column	column	physical_storage	retain accurate physical/storage terminology	none	omnigraph-engine owning tests plus G2 guard	Reviewed as accurate Lance, Arrow, manifest, recovery, or physical execution terminology.
2	rust_string:crates%2Fomnigraph%2Fsrc%2Fdb%2Fmanifest%2Fstate.rs:%3Cmodule%3E%3A%3Afn%20u64_column:error_constructor:9dab30782d7e76db2db7fb690efa80d6d3d6b416ca1d674c9cb9e0d1d29a8c72:column:1:1	rust_string	crates/omnigraph/src/db/manifest/state.rs	<module>::fn u64_column :: error_constructor :: 9dab30782d7e76db2db7fb690efa80d6d3d6b416ca1d674c9cb9e0d1d29a8c72 #1	error_constructor	column	column	physical_storage	retain accurate physical/storage terminology	none	omnigraph-engine owning tests plus G2 guard	Reviewed as accurate Lance, Arrow, manifest, recovery, or physical execution terminology.
2	rust_string:crates%2Fomnigraph%2Fsrc%2Fdb%2Fmanifest.rs:%3Cmodule%3E%3A%3Afn%20table_path_for_identity:error_constructor:5fe48c2775ac188cf0af4235c1afb717c57906ed54060f83140e38fe1d6b6c39:table:1:1	rust_string	crates/omnigraph/src/db/manifest.rs	<module>::fn table_path_for_identity :: error_constructor :: 5fe48c2775ac188cf0af4235c1afb717c57906ed54060f83140e38fe1d6b6c39 #1	error_constructor	table	table	physical_storage	retain accurate physical/storage terminology	none	omnigraph-engine owning tests plus G2 guard	Reviewed as accurate Lance, Arrow, manifest, recovery, or physical execution terminology.
2	rust_string:crates%2Fomnigraph%2Fsrc%2Fdb%2Fmanifest.rs:%3Cmodule%3E%3A%3Aimpl%20ManifestCoordinator%3A%3Afn%20version:rustdoc:edfba1a703808603b14dc223efff6fa2b8e9db09608cfdc4060e4e45c4fdc698:manifest%20version:1:1	rust_string	crates/omnigraph/src/db/manifest.rs	<module>::impl ManifestCoordinator::fn version :: rustdoc :: edfba1a703808603b14dc223efff6fa2b8e9db09608cfdc4060e4e45c4fdc698 #1	rustdoc	manifest version	manifest version	physical_storage	reviewed_semantic_reclassification	presentation	omnigraph-engine owning tests plus G2 guard	Reviewed corrected wording at a stable boundary that previously contained legacy graph vocabulary.
2	rust_string:crates%2Fomnigraph%2Fsrc%2Fdb%2Fmanifest.rs:%3Cmodule%3E%3A%3Aimpl%20Snapshot%3A%3Afn%20graph_head:rustdoc:2ad4acd40d638066b87589c91bd56f18f8d3ee5810aab4d0f0c852fd50ce5697:row:1:1	rust_string	crates/omnigraph/src/db/manifest.rs	<module>::impl Snapshot::fn graph_head :: rustdoc :: 2ad4acd40d638066b87589c91bd56f18f8d3ee5810aab4d0f0c852fd50ce5697 #1	rustdoc	row	row	physical_storage	retain accurate physical/storage terminology	none	omnigraph-engine owning tests plus G2 guard	Reviewed corrected wording at a stable boundary that previously contained legacy graph vocabulary.
2	rust_string:crates%2Fomnigraph%2Fsrc%2Fdb%2Fmanifest.rs:%3Cmodule%3E%3A%3Aimpl%20Snapshot%3A%3Afn%20graph_head:rustdoc:9a6d00ce40f187c35b2ff06f4bf5ce139d66a636412df486be75a856c12958e1:manifest%20version:1:1	rust_string	crates/omnigraph/src/db/manifest.rs	<module>::impl Snapshot::fn graph_head :: rustdoc :: 9a6d00ce40f187c35b2ff06f4bf5ce139d66a636412df486be75a856c12958e1 #1	rustdoc	manifest version	manifest version	physical_storage	reviewed_semantic_reclassification	presentation	omnigraph-engine owning tests plus G2 guard	Reviewed as accurate Lance, Arrow, manifest, recovery, or physical execution terminology.
2	rust_string:crates%2Fomnigraph%2Fsrc%2Fdb%2Fmanifest.rs:%3Cmodule%3E%3A%3Aimpl%20Snapshot%3A%3Afn%20graph_head:rustdoc:bac835acf873c9cf519b0085d7311f2e81f2ab792690ca78da8467681c506f4f:row:1:1	rust_string	crates/omnigraph/src/db/manifest.rs	<module>::impl Snapshot::fn graph_head :: rustdoc :: bac835acf873c9cf519b0085d7311f2e81f2ab792690ca78da8467681c506f4f #1	rustdoc	row	row	physical_storage	retain accurate physical/storage terminology	none	omnigraph-engine owning tests plus G2 guard	Reviewed as accurate Lance, Arrow, manifest, recovery, or physical execution terminology.
2	rust_string:crates%2Fomnigraph%2Fsrc%2Fdb%2Fmanifest.rs:%3Cmodule%3E%3A%3Aimpl%20Snapshot%3A%3Afn%20graph_manifest_version:rustdoc:8b0768aa0f1c19e763a4006652ed19a74b5dbf9bf07cbd1be7dc38fe9bcc07b3:manifest%20version:1:1	rust_string	crates/omnigraph/src/db/manifest.rs	<module>::impl Snapshot::fn graph_manifest_version :: rustdoc :: 8b0768aa0f1c19e763a4006652ed19a74b5dbf9bf07cbd1be7dc38fe9bcc07b3 #1	rustdoc	manifest version	retain	physical_storage	retain accurate physical/storage terminology	none	omnigraph-engine owning tests plus G2 guard	Reviewed as accurate Lance, Arrow, manifest, recovery, or physical execution terminology.
2	rust_string:crates%2Fomnigraph%2Fsrc%2Fdb%2Fmanifest.rs:%3Cmodule%3E%3A%3Aimpl%20SnapshotDataset%3A%3Afn%20count_rows:rustdoc:01003f6feeef1edc247a2e045e435d4ab50c180a4febd02cb4e36b6a18a9611f:rows:1:1	rust_string	crates/omnigraph/src/db/manifest.rs	<module>::impl SnapshotDataset::fn count_rows :: rustdoc :: 01003f6feeef1edc247a2e045e435d4ab50c180a4febd02cb4e36b6a18a9611f #1	rustdoc	rows	retain	physical_storage	retain accurate physical/storage terminology	none	omnigraph-engine owning tests plus G2 guard	Reviewed as accurate Lance, Arrow, manifest, recovery, or physical execution terminology.
2	rust_string:crates%2Fomnigraph%2Fsrc%2Fdb%2Fmanifest.rs:%3Cmodule%3E%3A%3Aimpl%20SnapshotDataset%3A%3Afn%20has_btree_index:rustdoc:ce024dd57c7452b9c569ce3e0bb538d29ba78542f7a95c86413b901a8a5303aa:column:1:1	rust_string	crates/omnigraph/src/db/manifest.rs	<module>::impl SnapshotDataset::fn has_btree_index :: rustdoc :: ce024dd57c7452b9c569ce3e0bb538d29ba78542f7a95c86413b901a8a5303aa #1	rustdoc	column	retain	physical_storage	retain accurate physical/storage terminology	none	omnigraph-engine owning tests plus G2 guard	Reviewed as accurate Lance, Arrow, manifest, recovery, or physical execution terminology.
2	rust_string:crates%2Fomnigraph%2Fsrc%2Fdb%2Fmanifest.rs:%3Cmodule%3E%3A%3Aimpl%20SnapshotDataset%3A%3Afn%20has_fts_index:rustdoc:dff928165d4c4e437c0817d9689c65d53349ebf95a167418398418a2a2301c4f:column:1:1	rust_string	crates/omnigraph/src/db/manifest.rs	<module>::impl SnapshotDataset::fn has_fts_index :: rustdoc :: dff928165d4c4e437c0817d9689c65d53349ebf95a167418398418a2a2301c4f #1	rustdoc	column	retain	physical_storage	retain accurate physical/storage terminology	none	omnigraph-engine owning tests plus G2 guard	Reviewed as accurate Lance, Arrow, manifest, recovery, or physical execution terminology.
2	rust_string:crates%2Fomnigraph%2Fsrc%2Fdb%2Fmanifest.rs:%3Cmodule%3E%3A%3Aimpl%20SnapshotDataset%3A%3Afn%20has_vector_index:rustdoc:1f12b4769c3aa16074a5cf8d127fec9473a87383c6b13b2a31edd30e01500502:column:1:1	rust_string	crates/omnigraph/src/db/manifest.rs	<module>::impl SnapshotDataset::fn has_vector_index :: rustdoc :: 1f12b4769c3aa16074a5cf8d127fec9473a87383c6b13b2a31edd30e01500502 #1	rustdoc	column	retain	physical_storage	retain accurate physical/storage terminology	none	omnigraph-engine owning tests plus G2 guard	Reviewed as accurate Lance, Arrow, manifest, recovery, or physical execution terminology.
2	rust_string:crates%2Fomnigraph%2Fsrc%2Fdb%2Fmanifest.rs:%3Cmodule%3E%3A%3Aimpl%20SnapshotDataset%3A%3Afn%20index_coverage:rustdoc:0804221b27c31a5569d08b0191a1ad4d03c76f1c557b354401f664566aec544e:column:1:1	rust_string	crates/omnigraph/src/db/manifest.rs	<module>::impl SnapshotDataset::fn index_coverage :: rustdoc :: 0804221b27c31a5569d08b0191a1ad4d03c76f1c557b354401f664566aec544e #1	rustdoc	column	retain	physical_storage	retain accurate physical/storage terminology	none	omnigraph-engine owning tests plus G2 guard	Reviewed as accurate Lance, Arrow, manifest, recovery, or physical execution terminology.
2	rust_string:crates%2Fomnigraph%2Fsrc%2Fdb%2Fmanifest.rs:%3Cmodule%3E%3A%3Aimpl%20SnapshotScanner%3A%3Afn%20batch_size:rustdoc:a049c2c1ccf8b67d18ec436e3d07856f8f4642c876582e964610683a7070611a:rows:1:1	rust_string	crates/omnigraph/src/db/manifest.rs	<module>::impl SnapshotScanner::fn batch_size :: rustdoc :: a049c2c1ccf8b67d18ec436e3d07856f8f4642c876582e964610683a7070611a #1	rustdoc	rows	rows	physical_storage	retain accurate physical/storage terminology	none	omnigraph-engine owning tests plus G2 guard	Reviewed as accurate Lance, Arrow, manifest, recovery, or physical execution terminology.
2	rust_string:crates%2Fomnigraph%2Fsrc%2Fdb%2Fmanifest.rs:%3Cmodule%3E%3A%3Aimpl%20SnapshotScanner%3A%3Afn%20blob_handling:rustdoc:6291d3d1aaab1763198371e9d01a337a42d492c914f340549160d5a901cb22fe:columns:1:1	rust_string	crates/omnigraph/src/db/manifest.rs	<module>::impl SnapshotScanner::fn blob_handling :: rustdoc :: 6291d3d1aaab1763198371e9d01a337a42d492c914f340549160d5a901cb22fe #1	rustdoc	columns	columns	physical_storage	retain accurate physical/storage terminology	none	omnigraph-engine owning tests plus G2 guard	Reviewed as accurate Lance, Arrow, manifest, recovery, or physical execution terminology.
2	rust_string:crates%2Fomnigraph%2Fsrc%2Fdb%2Fmanifest.rs:%3Cmodule%3E%3A%3Aimpl%20SnapshotScanner%3A%3Afn%20limit:rustdoc:a718d48cd2d856e3d330ce68b657a1872d23fe4c202bc8463017cf09d696b3c4:row:1:1	rust_string	crates/omnigraph/src/db/manifest.rs	<module>::impl SnapshotScanner::fn limit :: rustdoc :: a718d48cd2d856e3d330ce68b657a1872d23fe4c202bc8463017cf09d696b3c4 #1	rustdoc	row	row	physical_storage	retain accurate physical/storage terminology	none	omnigraph-engine owning tests plus G2 guard	Reviewed as accurate Lance, Arrow, manifest, recovery, or physical execution terminology.
2	rust_string:crates%2Fomnigraph%2Fsrc%2Fdb%2Fmanifest.rs:%3Cmodule%3E%3A%3Aimpl%20SnapshotScanner%3A%3Afn%20project:rustdoc:34d779b7d2bf902a34fec120a924e75a09c7ff0d26bb1582bce2beccd315e88d:columns:1:1	rust_string	crates/omnigraph/src/db/manifest.rs	<module>::impl SnapshotScanner::fn project :: rustdoc :: 34d779b7d2bf902a34fec120a924e75a09c7ff0d26bb1582bce2beccd315e88d #1	rustdoc	columns	columns	result_projection	retain query/result projection terminology	none	omnigraph-engine owning tests plus G2 guard	Rows or columns here are query/export/renderer result projections, not graph entities or properties.
2	rust_string:crates%2Fomnigraph%2Fsrc%2Fdb%2Fmanifest.rs:%3Cmodule%3E%3A%3Aimpl%20SnapshotScanner%3A%3Afn%20strict_batch_size:rustdoc:0e7d51b9bf6b6e20f16b229273d98f81b860833acf5d9db6dddfd18be2f3b0e9:row:1:1	rust_string	crates/omnigraph/src/db/manifest.rs	<module>::impl SnapshotScanner::fn strict_batch_size :: rustdoc :: 0e7d51b9bf6b6e20f16b229273d98f81b860833acf5d9db6dddfd18be2f3b0e9 #1	rustdoc	row	row	physical_storage	retain accurate physical/storage terminology	none	omnigraph-engine owning tests plus G2 guard	Reviewed as accurate Lance, Arrow, manifest, recovery, or physical execution terminology.
2	rust_string:crates%2Fomnigraph%2Fsrc%2Fdb%2Fmanifest.rs:%3Cmodule%3E%3A%3Aimpl%20SnapshotScanner%3A%3Afn%20strict_batch_size:rustdoc:0e7d51b9bf6b6e20f16b229273d98f81b860833acf5d9db6dddfd18be2f3b0e9:rows:1:1	rust_string	crates/omnigraph/src/db/manifest.rs	<module>::impl SnapshotScanner::fn strict_batch_size :: rustdoc :: 0e7d51b9bf6b6e20f16b229273d98f81b860833acf5d9db6dddfd18be2f3b0e9 #1	rustdoc	rows	rows	physical_storage	retain accurate physical/storage terminology	none	omnigraph-engine owning tests plus G2 guard	Reviewed as accurate Lance, Arrow, manifest, recovery, or physical execution terminology.
2	rust_string:crates%2Fomnigraph%2Fsrc%2Fdb%2Fmanifest.rs:%3Cmodule%3E%3A%3Aimpl%20SnapshotScanner%3A%3Afn%20strict_batch_size:rustdoc:93fcd3f2ed15e982b8a8aea9fe4e13998f65216d0b825dc567df53d107a72c26:row:1:1	rust_string	crates/omnigraph/src/db/manifest.rs	<module>::impl SnapshotScanner::fn strict_batch_size :: rustdoc :: 93fcd3f2ed15e982b8a8aea9fe4e13998f65216d0b825dc567df53d107a72c26 #1	rustdoc	row	row	physical_storage	retain accurate physical/storage terminology	none	omnigraph-engine owning tests plus G2 guard	Reviewed as accurate Lance, Arrow, manifest, recovery, or physical execution terminology.
2	rust_string:crates%2Fomnigraph%2Fsrc%2Fdb%2Fmanifest.rs:%3Cmodule%3E%3A%3Aimpl%20SnapshotScanner%3A%3Afn%20with_row_id:rustdoc:d13d4a837c7f5f301199a2efe3b25b3850bcaef6722124cfac52f6d29aa1d478:column:1:1	rust_string	crates/omnigraph/src/db/manifest.rs	<module>::impl SnapshotScanner::fn with_row_id :: rustdoc :: d13d4a837c7f5f301199a2efe3b25b3850bcaef6722124cfac52f6d29aa1d478 #1	rustdoc	column	column	physical_storage	retain accurate physical/storage terminology	none	omnigraph-engine owning tests plus G2 guard	Reviewed as accurate Lance, Arrow, manifest, recovery, or physical execution terminology.
2	rust_string:crates%2Fomnigraph%2Fsrc%2Fdb%2Fmanifest.rs:%3Cmodule%3E%3A%3Aimpl%20SnapshotScanner%3A%3Afn%20with_row_id:rustdoc:d13d4a837c7f5f301199a2efe3b25b3850bcaef6722124cfac52f6d29aa1d478:row:1:1	rust_string	crates/omnigraph/src/db/manifest.rs	<module>::impl SnapshotScanner::fn with_row_id :: rustdoc :: d13d4a837c7f5f301199a2efe3b25b3850bcaef6722124cfac52f6d29aa1d478 #1	rustdoc	row	row	physical_storage	retain accurate physical/storage terminology	none	omnigraph-engine owning tests plus G2 guard	Reviewed as accurate Lance, Arrow, manifest, recovery, or physical execution terminology.
2	rust_string:crates%2Fomnigraph%2Fsrc%2Fdb%2Fmanifest.rs:%3Cmodule%3E%3A%3Aimpl%20TableIdentity%3A%3Afn%20validate:error_constructor:12934df5b3535bb07d5fce5b58aa71710d3dc5c1d67c6a5f67212cb91033be6e:table:1:1	rust_string	crates/omnigraph/src/db/manifest.rs	<module>::impl TableIdentity::fn validate :: error_constructor :: 12934df5b3535bb07d5fce5b58aa71710d3dc5c1d67c6a5f67212cb91033be6e #1	error_constructor	table	table	physical_storage	retain accurate physical/storage terminology	none	omnigraph-engine owning tests plus G2 guard	Reviewed as accurate Lance, Arrow, manifest, recovery, or physical execution terminology.
2	rust_string:crates%2Fomnigraph%2Fsrc%2Fdb%2Fmanifest.rs:%3Cmodule%3E%3A%3Aimpl%20TableIdentity%3A%3Afn%20validate:error_constructor:12934df5b3535bb07d5fce5b58aa71710d3dc5c1d67c6a5f67212cb91033be6e:table:1:2	rust_string	crates/omnigraph/src/db/manifest.rs	<module>::impl TableIdentity::fn validate :: error_constructor :: 12934df5b3535bb07d5fce5b58aa71710d3dc5c1d67c6a5f67212cb91033be6e #1	error_constructor	table	table	physical_storage	retain accurate physical/storage terminology	none	omnigraph-engine owning tests plus G2 guard	Reviewed as accurate Lance, Arrow, manifest, recovery, or physical execution terminology.
2	rust_string:crates%2Fomnigraph%2Fsrc%2Fdb%2Fmanifest.rs:%3Cmodule%3E%3A%3Aimpl%20TableIdentity%3A%3Afn%20validate:error_constructor:12934df5b3535bb07d5fce5b58aa71710d3dc5c1d67c6a5f67212cb91033be6e:table:1:3	rust_string	crates/omnigraph/src/db/manifest.rs	<module>::impl TableIdentity::fn validate :: error_constructor :: 12934df5b3535bb07d5fce5b58aa71710d3dc5c1d67c6a5f67212cb91033be6e #1	error_constructor	table	table	physical_storage	retain accurate physical/storage terminology	none	omnigraph-engine owning tests plus G2 guard	Reviewed as accurate Lance, Arrow, manifest, recovery, or physical execution terminology.
2	rust_string:crates%2Fomnigraph%2Fsrc%2Fdb%2Fmanifest.rs:%3Cmodule%3E%3A%3Astruct%20SnapshotDataset:rustdoc:e171bfd432e49d7be6cd22e62d8eaa8d9ea2fd6e35c753686fdea94fb71165ad:rows:1:1	rust_string	crates/omnigraph/src/db/manifest.rs	<module>::struct SnapshotDataset :: rustdoc :: e171bfd432e49d7be6cd22e62d8eaa8d9ea2fd6e35c753686fdea94fb71165ad #1	rustdoc	rows	retain	physical_storage	retain accurate physical/storage terminology	none	omnigraph-engine owning tests plus G2 guard	Reviewed as accurate Lance, Arrow, manifest, recovery, or physical execution terminology.
2	rust_string:crates%2Fomnigraph%2Fsrc%2Fdb%2Fomnigraph%2Fexport.rs:%3Cmodule%3E%3A%3Afn%20emit_export_jsonl_row:error_constructor:015f08c1a5cbe6484991cd7f54c7c444f7d0f55cad5c4e00825aa2e4dbb7fb52:row:1:1	rust_string	crates/omnigraph/src/db/omnigraph/export.rs	<module>::fn emit_export_jsonl_row :: error_constructor :: 015f08c1a5cbe6484991cd7f54c7c444f7d0f55cad5c4e00825aa2e4dbb7fb52 #1	error_constructor	row	row	result_projection	retain query/result projection terminology	none	omnigraph-engine owning tests plus G2 guard	Rows or columns here are query/export/renderer result projections, not graph entities or properties.
2	rust_string:crates%2Fomnigraph%2Fsrc%2Fdb%2Fomnigraph%2Fexport.rs:%3Cmodule%3E%3A%3Afn%20emit_export_rows_from_batch:error_constructor:776bcdcd3bc20da3d757dcc2e00ca427a2f6fb326881b35ed2ab2bfc0a08f2d5:table:1:1	rust_string	crates/omnigraph/src/db/omnigraph/export.rs	<module>::fn emit_export_rows_from_batch :: error_constructor :: 776bcdcd3bc20da3d757dcc2e00ca427a2f6fb326881b35ed2ab2bfc0a08f2d5 #1	error_constructor	table	table	physical_storage	retain accurate physical/storage terminology	none	omnigraph-engine owning tests plus G2 guard	Reviewed as accurate Lance, Arrow, manifest, recovery, or physical execution terminology.
2	rust_string:crates%2Fomnigraph%2Fsrc%2Fdb%2Fomnigraph%2Fexport.rs:%3Cmodule%3E%3A%3Afn%20export_blob_column_values:error_constructor:230c18b4f1a7a5407088b6e37c8669b9beca4b59aae27c3e0de74220bb94bab3:rows:1:1	rust_string	crates/omnigraph/src/db/omnigraph/export.rs	<module>::fn export_blob_column_values :: error_constructor :: 230c18b4f1a7a5407088b6e37c8669b9beca4b59aae27c3e0de74220bb94bab3 #1	error_constructor	rows	rows	result_projection	retain query/result projection terminology	none	omnigraph-engine owning tests plus G2 guard	Rows or columns here are query/export/renderer result projections, not graph entities or properties.
2	rust_string:crates%2Fomnigraph%2Fsrc%2Fdb%2Fomnigraph%2Fexport.rs:%3Cmodule%3E%3A%3Afn%20export_blob_values:error_constructor:ead93ca23e5b6cfcdcfdc04b7a64a05e7a3feaf204bfb472fa9117553ae577e9:column:1:1	rust_string	crates/omnigraph/src/db/omnigraph/export.rs	<module>::fn export_blob_values :: error_constructor :: ead93ca23e5b6cfcdcfdc04b7a64a05e7a3feaf204bfb472fa9117553ae577e9 #1	error_constructor	column	column	result_projection	retain query/result projection terminology	none	omnigraph-engine owning tests plus G2 guard	Rows or columns here are query/export/renderer result projections, not graph entities or properties.
2	rust_string:crates%2Fomnigraph%2Fsrc%2Fdb%2Fomnigraph%2Fexport.rs:%3Cmodule%3E%3A%3Afn%20export_table:error_constructor:52e9f0c9f6859546a9dc4d2906208a1f76114269239a1a46b7121f93dd36af78:column:1:1	rust_string	crates/omnigraph/src/db/omnigraph/export.rs	<module>::fn export_table :: error_constructor :: 52e9f0c9f6859546a9dc4d2906208a1f76114269239a1a46b7121f93dd36af78 #1	error_constructor	column	column	result_projection	retain query/result projection terminology	none	omnigraph-engine owning tests plus G2 guard	Rows or columns here are query/export/renderer result projections, not graph entities or properties.
2	rust_string:crates%2Fomnigraph%2Fsrc%2Fdb%2Fomnigraph%2Fexport.rs:%3Cmodule%3E%3A%3Afn%20json_value_from_named_column:error_constructor:47739083079bac2138ba47213fbf74a2d02bd4cc60b312a1e59ca859caa2793a:column:1:1	rust_string	crates/omnigraph/src/db/omnigraph/export.rs	<module>::fn json_value_from_named_column :: error_constructor :: 47739083079bac2138ba47213fbf74a2d02bd4cc60b312a1e59ca859caa2793a #1	error_constructor	column	column	result_projection	retain query/result projection terminology	none	omnigraph-engine owning tests plus G2 guard	Rows or columns here are query/export/renderer result projections, not graph entities or properties.
2	rust_string:crates%2Fomnigraph%2Fsrc%2Fdb%2Fomnigraph%2Fexport.rs:%3Cmodule%3E%3A%3Afn%20logical_row_image:error_constructor:9105d269e339a795cb324502455cbe9819558467f5a233b9367c75cdbf6283dc:row:1:1	rust_string	crates/omnigraph/src/db/omnigraph/export.rs	<module>::fn logical_row_image :: error_constructor :: 9105d269e339a795cb324502455cbe9819558467f5a233b9367c75cdbf6283dc #1	error_constructor	row	row	result_projection	retain query/result projection terminology	none	omnigraph-engine owning tests plus G2 guard	Rows or columns here are query/export/renderer result projections, not graph entities or properties.
2	rust_string:crates%2Fomnigraph%2Fsrc%2Fdb%2Fomnigraph%2Fexport.rs:%3Cmodule%3E%3A%3Afn%20named_string_value:error_constructor:47739083079bac2138ba47213fbf74a2d02bd4cc60b312a1e59ca859caa2793a:column:1:1	rust_string	crates/omnigraph/src/db/omnigraph/export.rs	<module>::fn named_string_value :: error_constructor :: 47739083079bac2138ba47213fbf74a2d02bd4cc60b312a1e59ca859caa2793a #1	error_constructor	column	column	result_projection	retain query/result projection terminology	none	omnigraph-engine owning tests plus G2 guard	Rows or columns here are query/export/renderer result projections, not graph entities or properties.
2	rust_string:crates%2Fomnigraph%2Fsrc%2Fdb%2Fomnigraph%2Fexport.rs:%3Cmodule%3E%3A%3Afn%20named_string_value:error_constructor:4ae2bb96db00826986c0665ce3478ee878f6c95abb87e8093e60ddb5f3c17c46:column:1:1	rust_string	crates/omnigraph/src/db/omnigraph/export.rs	<module>::fn named_string_value :: error_constructor :: 4ae2bb96db00826986c0665ce3478ee878f6c95abb87e8093e60ddb5f3c17c46 #1	error_constructor	column	column	result_projection	retain query/result projection terminology	none	omnigraph-engine owning tests plus G2 guard	Rows or columns here are query/export/renderer result projections, not graph entities or properties.
2	rust_string:crates%2Fomnigraph%2Fsrc%2Fdb%2Fomnigraph%2Fexport.rs:%3Cmodule%3E%3A%3Afn%20named_string_value:error_constructor:83e6f6a0f5f5f4f12b68e94b3b8262c41ba7254cceccdd82a7d97e02bd77a55a:column:1:1	rust_string	crates/omnigraph/src/db/omnigraph/export.rs	<module>::fn named_string_value :: error_constructor :: 83e6f6a0f5f5f4f12b68e94b3b8262c41ba7254cceccdd82a7d97e02bd77a55a #1	error_constructor	column	column	result_projection	retain query/result projection terminology	none	omnigraph-engine owning tests plus G2 guard	Rows or columns here are query/export/renderer result projections, not graph entities or properties.
2	rust_string:crates%2Fomnigraph%2Fsrc%2Fdb%2Fomnigraph%2Foptimize.rs:%3Cmodule%3E%3A%3Aenum%20SkipReason%3A%3Avariant%20DriftNeedsRepair:rustdoc:3026dfc50547b553c36322123d7747ea32d5bcf8e497336de4da76d4bd7886c0:sidecar:1:1	rust_string	crates/omnigraph/src/db/omnigraph/optimize.rs	<module>::enum SkipReason::variant DriftNeedsRepair :: rustdoc :: 3026dfc50547b553c36322123d7747ea32d5bcf8e497336de4da76d4bd7886c0 #1	rustdoc	sidecar	sidecar	physical_storage	retain accurate physical/storage terminology	none	omnigraph-engine owning tests plus G2 guard	Reviewed as accurate Lance, Arrow, manifest, recovery, or physical execution terminology.
2	rust_string:crates%2Fomnigraph%2Fsrc%2Fdb%2Fomnigraph%2Foptimize.rs:%3Cmodule%3E%3A%3Afn%20cleanup_all_datasets:error_constructor:495e686ea069e58538b8b3b7661f719c31e24347e4f885624c5d863af63f65d3:sidecar:1:1	rust_string	crates/omnigraph/src/db/omnigraph/optimize.rs	<module>::fn cleanup_all_datasets :: error_constructor :: 495e686ea069e58538b8b3b7661f719c31e24347e4f885624c5d863af63f65d3 #1	error_constructor	sidecar	retain	physical_storage	retain accurate physical/storage terminology	none	omnigraph-engine owning tests plus G2 guard	Reviewed as accurate Lance, Arrow, manifest, recovery, or physical execution terminology.
2	rust_string:crates%2Fomnigraph%2Fsrc%2Fdb%2Fomnigraph%2Foptimize.rs:%3Cmodule%3E%3A%3Afn%20compact_internal_table:error_constructor:58028ed2da73f56219d73da0ef0db944dce83a19e5ad9861e6073e0caf6765bf:table:1:1	rust_string	crates/omnigraph/src/db/omnigraph/optimize.rs	<module>::fn compact_internal_table :: error_constructor :: 58028ed2da73f56219d73da0ef0db944dce83a19e5ad9861e6073e0caf6765bf #1	error_constructor	table	table	physical_storage	retain accurate physical/storage terminology	none	omnigraph-engine owning tests plus G2 guard	Reviewed as accurate Lance, Arrow, manifest, recovery, or physical execution terminology.
2	rust_string:crates%2Fomnigraph%2Fsrc%2Fdb%2Fomnigraph%2Foptimize.rs:%3Cmodule%3E%3A%3Afn%20optimize_all_datasets:rustdoc:d926655d9ad39ba0db4769646bc51e6134d03ded479eab91ea34c7b90984b02f:sidecar:1:1	rust_string	crates/omnigraph/src/db/omnigraph/optimize.rs	<module>::fn optimize_all_datasets :: rustdoc :: d926655d9ad39ba0db4769646bc51e6134d03ded479eab91ea34c7b90984b02f #1	rustdoc	sidecar	retain	physical_storage	retain accurate physical/storage terminology	none	omnigraph-engine owning tests plus G2 guard	Reviewed as accurate Lance, Arrow, manifest, recovery, or physical execution terminology.
2	rust_string:crates%2Fomnigraph%2Fsrc%2Fdb%2Fomnigraph%2Foptimize.rs:%3Cmodule%3E%3A%3Astruct%20BranchReconcileStats:rustdoc:8cefe77fec1b0d7734f612a6569f5ed5d8782dac3ca22ab2117ea7223e5e1a1c:table:1:1	rust_string	crates/omnigraph/src/db/omnigraph/optimize.rs	<module>::struct BranchReconcileStats :: rustdoc :: 8cefe77fec1b0d7734f612a6569f5ed5d8782dac3ca22ab2117ea7223e5e1a1c #1	rustdoc	table	table	physical_storage	retain accurate physical/storage terminology	none	omnigraph-engine owning tests plus G2 guard	Reviewed as accurate Lance, Arrow, manifest, recovery, or physical execution terminology.
2	rust_string:crates%2Fomnigraph%2Fsrc%2Fdb%2Fomnigraph%2Foptimize.rs:%3Cmodule%3E:rustdoc:cb7cd581c619adabe7c5b2c3c43fa695cdafd3815cc72a97864975c80bfb0579:column:1:1	rust_string	crates/omnigraph/src/db/omnigraph/optimize.rs	<module> :: rustdoc :: cb7cd581c619adabe7c5b2c3c43fa695cdafd3815cc72a97864975c80bfb0579 #1	rustdoc	column	retain	physical_storage	retain accurate physical/storage terminology	none	omnigraph-engine owning tests plus G2 guard	Reviewed as accurate Lance, Arrow, manifest, recovery, or physical execution terminology.
2	rust_string:crates%2Fomnigraph%2Fsrc%2Fdb%2Fomnigraph%2Foptimize.rs:%3Cmodule%3E:rustdoc:cb7cd581c619adabe7c5b2c3c43fa695cdafd3815cc72a97864975c80bfb0579:table:1:1	rust_string	crates/omnigraph/src/db/omnigraph/optimize.rs	<module> :: rustdoc :: cb7cd581c619adabe7c5b2c3c43fa695cdafd3815cc72a97864975c80bfb0579 #1	rustdoc	table	retain	physical_storage	retain accurate physical/storage terminology	none	omnigraph-engine owning tests plus G2 guard	Reviewed as accurate Lance, Arrow, manifest, recovery, or physical execution terminology.
2	rust_string:crates%2Fomnigraph%2Fsrc%2Fdb%2Fomnigraph%2Frepair.rs:%3Cmodule%3E%3A%3Astruct%20RepairStats%3A%3Afield%20graph_manifest_version:rustdoc:2b291643de84865acc5115d5d657e4b3c1afe09f754ef0c5a71a0785312f33b6:manifest%20version:1:1	rust_string	crates/omnigraph/src/db/omnigraph/repair.rs	<module>::struct RepairStats::field graph_manifest_version :: rustdoc :: 2b291643de84865acc5115d5d657e4b3c1afe09f754ef0c5a71a0785312f33b6 #1	rustdoc	manifest version	retain	physical_storage	retain accurate physical/storage terminology	none	omnigraph-engine owning tests plus G2 guard	Reviewed as accurate Lance, Arrow, manifest, recovery, or physical execution terminology.
2	rust_string:crates%2Fomnigraph%2Fsrc%2Fdb%2Fomnigraph%2Frepair.rs:%3Cmodule%3E:rustdoc:518af0c59d72e0f0ebd35f2857f4f66ba19259c9696f64ee27b2a034852445d2:sidecars:1:1	rust_string	crates/omnigraph/src/db/omnigraph/repair.rs	<module> :: rustdoc :: 518af0c59d72e0f0ebd35f2857f4f66ba19259c9696f64ee27b2a034852445d2 #1	rustdoc	sidecars	sidecars	physical_storage	retain accurate physical/storage terminology	none	omnigraph-engine owning tests plus G2 guard	Reviewed as accurate Lance, Arrow, manifest, recovery, or physical execution terminology.
2	rust_string:crates%2Fomnigraph%2Fsrc%2Fdb%2Fomnigraph%2Frepair.rs:%3Cmodule%3E:rustdoc:665ceca8167b1572997b9396f5eb5a425728e174cac3c5a7a565e4a7a1048b7c:sidecar:1:1	rust_string	crates/omnigraph/src/db/omnigraph/repair.rs	<module> :: rustdoc :: 665ceca8167b1572997b9396f5eb5a425728e174cac3c5a7a565e4a7a1048b7c #1	rustdoc	sidecar	sidecar	physical_storage	retain accurate physical/storage terminology	none	omnigraph-engine owning tests plus G2 guard	Reviewed as accurate Lance, Arrow, manifest, recovery, or physical execution terminology.
2	rust_string:crates%2Fomnigraph%2Fsrc%2Fdb%2Fomnigraph%2Fschema_apply.rs:%3Cmodule%3E%3A%3Afn%20apply_schema_with_lock:error_constructor:316c8571bda953806caf00ab85cf58a50b20e875fc42695fe1648599b58a22e8:sidecar:1:1	rust_string	crates/omnigraph/src/db/omnigraph/schema_apply.rs	<module>::fn apply_schema_with_lock :: error_constructor :: 316c8571bda953806caf00ab85cf58a50b20e875fc42695fe1648599b58a22e8 #1	error_constructor	sidecar	sidecar	physical_storage	retain accurate physical/storage terminology	none	omnigraph-engine owning tests plus G2 guard	Reviewed as accurate Lance, Arrow, manifest, recovery, or physical execution terminology.
2	rust_string:crates%2Fomnigraph%2Fsrc%2Fdb%2Fomnigraph%2Fschema_apply.rs:%3Cmodule%3E%3A%3Afn%20apply_schema_with_lock:error_constructor:316c8571bda953806caf00ab85cf58a50b20e875fc42695fe1648599b58a22e8:table:1:1	rust_string	crates/omnigraph/src/db/omnigraph/schema_apply.rs	<module>::fn apply_schema_with_lock :: error_constructor :: 316c8571bda953806caf00ab85cf58a50b20e875fc42695fe1648599b58a22e8 #1	error_constructor	table	table	physical_storage	retain accurate physical/storage terminology	none	omnigraph-engine owning tests plus G2 guard	Reviewed as accurate Lance, Arrow, manifest, recovery, or physical execution terminology.
2	rust_string:crates%2Fomnigraph%2Fsrc%2Fdb%2Fomnigraph%2Fschema_apply.rs:%3Cmodule%3E%3A%3Afn%20apply_schema_with_lock:error_constructor:4241dc8fe4f35f4f8ee50e1a6a659ed605575f0e035988414143a64000885a18:table:1:1	rust_string	crates/omnigraph/src/db/omnigraph/schema_apply.rs	<module>::fn apply_schema_with_lock :: error_constructor :: 4241dc8fe4f35f4f8ee50e1a6a659ed605575f0e035988414143a64000885a18 #1	error_constructor	table	table	physical_storage	retain accurate physical/storage terminology	none	omnigraph-engine owning tests plus G2 guard	Reviewed as accurate Lance, Arrow, manifest, recovery, or physical execution terminology.
2	rust_string:crates%2Fomnigraph%2Fsrc%2Fdb%2Fomnigraph%2Fschema_apply.rs:%3Cmodule%3E%3A%3Afn%20apply_schema_with_lock:error_constructor:4c0410728d2fc871611ca1036afc21315eb79cc02131973435d66ad25b05ec80:table:1:1	rust_string	crates/omnigraph/src/db/omnigraph/schema_apply.rs	<module>::fn apply_schema_with_lock :: error_constructor :: 4c0410728d2fc871611ca1036afc21315eb79cc02131973435d66ad25b05ec80 #1	error_constructor	table	table	physical_storage	retain accurate physical/storage terminology	none	omnigraph-engine owning tests plus G2 guard	Reviewed as accurate Lance, Arrow, manifest, recovery, or physical execution terminology.
2	rust_string:crates%2Fomnigraph%2Fsrc%2Fdb%2Fomnigraph%2Fschema_apply.rs:%3Cmodule%3E%3A%3Afn%20apply_schema_with_lock:error_constructor:4ddbf63c8abcb6fc421d6ad1e3b622c48a8de9b0d7ff8b41523e154bf0241944:table:1:1	rust_string	crates/omnigraph/src/db/omnigraph/schema_apply.rs	<module>::fn apply_schema_with_lock :: error_constructor :: 4ddbf63c8abcb6fc421d6ad1e3b622c48a8de9b0d7ff8b41523e154bf0241944 #1	error_constructor	table	table	physical_storage	retain accurate physical/storage terminology	none	omnigraph-engine owning tests plus G2 guard	Reviewed as accurate Lance, Arrow, manifest, recovery, or physical execution terminology.
2	rust_string:crates%2Fomnigraph%2Fsrc%2Fdb%2Fomnigraph%2Fschema_apply.rs:%3Cmodule%3E%3A%3Afn%20apply_schema_with_lock:error_constructor:55cab0824db894d971dc20c3170829194444793b96301d396d31f2753aaa61ca:table:1:1	rust_string	crates/omnigraph/src/db/omnigraph/schema_apply.rs	<module>::fn apply_schema_with_lock :: error_constructor :: 55cab0824db894d971dc20c3170829194444793b96301d396d31f2753aaa61ca #1	error_constructor	table	table	physical_storage	retain accurate physical/storage terminology	none	omnigraph-engine owning tests plus G2 guard	Reviewed as accurate Lance, Arrow, manifest, recovery, or physical execution terminology.
2	rust_string:crates%2Fomnigraph%2Fsrc%2Fdb%2Fomnigraph%2Fschema_apply.rs:%3Cmodule%3E%3A%3Afn%20apply_schema_with_lock:error_constructor:6117a99248e65fda0d4c443246ebb50ba3092b87497b137e0a7f233c526f5ce8:sidecar:1:1	rust_string	crates/omnigraph/src/db/omnigraph/schema_apply.rs	<module>::fn apply_schema_with_lock :: error_constructor :: 6117a99248e65fda0d4c443246ebb50ba3092b87497b137e0a7f233c526f5ce8 #1	error_constructor	sidecar	sidecar	physical_storage	retain accurate physical/storage terminology	none	omnigraph-engine owning tests plus G2 guard	Reviewed as accurate Lance, Arrow, manifest, recovery, or physical execution terminology.
2	rust_string:crates%2Fomnigraph%2Fsrc%2Fdb%2Fomnigraph%2Fschema_apply.rs:%3Cmodule%3E%3A%3Afn%20apply_schema_with_lock:error_constructor:6117a99248e65fda0d4c443246ebb50ba3092b87497b137e0a7f233c526f5ce8:table:1:1	rust_string	crates/omnigraph/src/db/omnigraph/schema_apply.rs	<module>::fn apply_schema_with_lock :: error_constructor :: 6117a99248e65fda0d4c443246ebb50ba3092b87497b137e0a7f233c526f5ce8 #1	error_constructor	table	table	physical_storage	retain accurate physical/storage terminology	none	omnigraph-engine owning tests plus G2 guard	Reviewed as accurate Lance, Arrow, manifest, recovery, or physical execution terminology.
2	rust_string:crates%2Fomnigraph%2Fsrc%2Fdb%2Fomnigraph%2Fschema_apply.rs:%3Cmodule%3E%3A%3Afn%20apply_schema_with_lock:error_constructor:62f6d1c75e4913c0c4aa138f982a40c86c2625bb87f9d323d5bdd04d3448ab6e:table:1:1	rust_string	crates/omnigraph/src/db/omnigraph/schema_apply.rs	<module>::fn apply_schema_with_lock :: error_constructor :: 62f6d1c75e4913c0c4aa138f982a40c86c2625bb87f9d323d5bdd04d3448ab6e #1	error_constructor	table	table	physical_storage	retain accurate physical/storage terminology	none	omnigraph-engine owning tests plus G2 guard	Reviewed as accurate Lance, Arrow, manifest, recovery, or physical execution terminology.
2	rust_string:crates%2Fomnigraph%2Fsrc%2Fdb%2Fomnigraph%2Fschema_apply.rs:%3Cmodule%3E%3A%3Afn%20apply_schema_with_lock:error_constructor:730d51398902e9bcf6d56fe8422bc910b71bf8c5f8a9aef25aae541dbc275a57:table:1:1	rust_string	crates/omnigraph/src/db/omnigraph/schema_apply.rs	<module>::fn apply_schema_with_lock :: error_constructor :: 730d51398902e9bcf6d56fe8422bc910b71bf8c5f8a9aef25aae541dbc275a57 #1	error_constructor	table	table	physical_storage	retain accurate physical/storage terminology	none	omnigraph-engine owning tests plus G2 guard	Reviewed as accurate Lance, Arrow, manifest, recovery, or physical execution terminology.
2	rust_string:crates%2Fomnigraph%2Fsrc%2Fdb%2Fomnigraph%2Fschema_apply.rs:%3Cmodule%3E%3A%3Afn%20apply_schema_with_lock:error_constructor:768adcebf8c8bb231288d0a111dbd7438fb62256c384f75cd197abfa96e9d473:table:1:1	rust_string	crates/omnigraph/src/db/omnigraph/schema_apply.rs	<module>::fn apply_schema_with_lock :: error_constructor :: 768adcebf8c8bb231288d0a111dbd7438fb62256c384f75cd197abfa96e9d473 #1	error_constructor	table	table	physical_storage	retain accurate physical/storage terminology	none	omnigraph-engine owning tests plus G2 guard	Reviewed as accurate Lance, Arrow, manifest, recovery, or physical execution terminology.
2	rust_string:crates%2Fomnigraph%2Fsrc%2Fdb%2Fomnigraph%2Fschema_apply.rs:%3Cmodule%3E%3A%3Afn%20apply_schema_with_lock:error_constructor:93c1b24736557f3e2fcc719c5a9a9a8ce3dd1e502c5d7120bd198b889409f96a:table:1:1	rust_string	crates/omnigraph/src/db/omnigraph/schema_apply.rs	<module>::fn apply_schema_with_lock :: error_constructor :: 93c1b24736557f3e2fcc719c5a9a9a8ce3dd1e502c5d7120bd198b889409f96a #1	error_constructor	table	table	physical_storage	retain accurate physical/storage terminology	none	omnigraph-engine owning tests plus G2 guard	Reviewed as accurate Lance, Arrow, manifest, recovery, or physical execution terminology.
2	rust_string:crates%2Fomnigraph%2Fsrc%2Fdb%2Fomnigraph%2Fschema_apply.rs:%3Cmodule%3E%3A%3Afn%20apply_schema_with_lock:error_constructor:95e385d2164a50c15cf803c88fe50aa6174628ffe7ea185e443f6d2cd1fd6006:table:1:1	rust_string	crates/omnigraph/src/db/omnigraph/schema_apply.rs	<module>::fn apply_schema_with_lock :: error_constructor :: 95e385d2164a50c15cf803c88fe50aa6174628ffe7ea185e443f6d2cd1fd6006 #1	error_constructor	table	table	physical_storage	retain accurate physical/storage terminology	none	omnigraph-engine owning tests plus G2 guard	Reviewed as accurate Lance, Arrow, manifest, recovery, or physical execution terminology.
2	rust_string:crates%2Fomnigraph%2Fsrc%2Fdb%2Fomnigraph%2Fschema_apply.rs:%3Cmodule%3E%3A%3Afn%20apply_schema_with_lock:error_constructor:ed5bc7ad0f299e707f7ad35c8a8c6a4f8faab27fffc0274e943da7486e2d5efa:table:1:1	rust_string	crates/omnigraph/src/db/omnigraph/schema_apply.rs	<module>::fn apply_schema_with_lock :: error_constructor :: ed5bc7ad0f299e707f7ad35c8a8c6a4f8faab27fffc0274e943da7486e2d5efa #1	error_constructor	table	table	physical_storage	retain accurate physical/storage terminology	none	omnigraph-engine owning tests plus G2 guard	Reviewed as accurate Lance, Arrow, manifest, recovery, or physical execution terminology.
2	rust_string:crates%2Fomnigraph%2Fsrc%2Fdb%2Fomnigraph%2Fschema_apply.rs:%3Cmodule%3E%3A%3Afn%20apply_schema_with_lock:error_constructor:ff36855b8bd614ca96b38755cc521ff40b2816d4764cb21b8b32a28aef7b5266:table:1:1	rust_string	crates/omnigraph/src/db/omnigraph/schema_apply.rs	<module>::fn apply_schema_with_lock :: error_constructor :: ff36855b8bd614ca96b38755cc521ff40b2816d4764cb21b8b32a28aef7b5266 #1	error_constructor	table	table	physical_storage	retain accurate physical/storage terminology	none	omnigraph-engine owning tests plus G2 guard	Reviewed as accurate Lance, Arrow, manifest, recovery, or physical execution terminology.
2	rust_string:crates%2Fomnigraph%2Fsrc%2Fdb%2Fomnigraph%2Fschema_apply.rs:%3Cmodule%3E%3A%3Afn%20batch_for_schema_apply_rewrite:error_constructor:d30e95546b270a1e9b7c2c3c32cf532c0724eff18b338679a478138c86d89e19:column:1:1	rust_string	crates/omnigraph/src/db/omnigraph/schema_apply.rs	<module>::fn batch_for_schema_apply_rewrite :: error_constructor :: d30e95546b270a1e9b7c2c3c32cf532c0724eff18b338679a478138c86d89e19 #1	error_constructor	column	column	physical_storage	retain accurate physical/storage terminology	none	omnigraph-engine owning tests plus G2 guard	Reviewed as accurate Lance, Arrow, manifest, recovery, or physical execution terminology.
2	rust_string:crates%2Fomnigraph%2Fsrc%2Fdb%2Fomnigraph%2Fschema_apply.rs:%3Cmodule%3E%3A%3Afn%20rebuild_blob_column:error_constructor:f8658f591db1a34bfb9522c9698a82d9bbeffdddac49161d7f77d870997ac92f:rows:1:1	rust_string	crates/omnigraph/src/db/omnigraph/schema_apply.rs	<module>::fn rebuild_blob_column :: error_constructor :: f8658f591db1a34bfb9522c9698a82d9bbeffdddac49161d7f77d870997ac92f #1	error_constructor	rows	rows	physical_storage	retain accurate physical/storage terminology	none	omnigraph-engine owning tests plus G2 guard	Reviewed as accurate Lance, Arrow, manifest, recovery, or physical execution terminology.
2	rust_string:crates%2Fomnigraph%2Fsrc%2Fdb%2Fomnigraph%2Fschema_apply.rs:%3Cmodule%3E%3A%3Afn%20table_identity_for_schema_key:error_constructor:43dc708b241fa0c5b82073dba0b2041a670f871a8fb2f8b9f371d107e2a0f150:table:1:1	rust_string	crates/omnigraph/src/db/omnigraph/schema_apply.rs	<module>::fn table_identity_for_schema_key :: error_constructor :: 43dc708b241fa0c5b82073dba0b2041a670f871a8fb2f8b9f371d107e2a0f150 #1	error_constructor	table	table	physical_storage	retain accurate physical/storage terminology	none	omnigraph-engine owning tests plus G2 guard	Reviewed as accurate Lance, Arrow, manifest, recovery, or physical execution terminology.
2	rust_string:crates%2Fomnigraph%2Fsrc%2Fdb%2Fomnigraph%2Fschema_apply.rs:%3Cmodule%3E%3A%3Afn%20table_identity_for_schema_key:error_constructor:a7a75393ba03e8eab45fde6ebf6932ce1abe6515408542d96cfd43bb1a19ce3a:table:1:1	rust_string	crates/omnigraph/src/db/omnigraph/schema_apply.rs	<module>::fn table_identity_for_schema_key :: error_constructor :: a7a75393ba03e8eab45fde6ebf6932ce1abe6515408542d96cfd43bb1a19ce3a #1	error_constructor	table	table	physical_storage	retain accurate physical/storage terminology	none	omnigraph-engine owning tests plus G2 guard	Reviewed as accurate Lance, Arrow, manifest, recovery, or physical execution terminology.
2	rust_string:crates%2Fomnigraph%2Fsrc%2Fdb%2Fomnigraph%2Fschema_apply.rs:%3Cmodule%3E%3A%3Afn%20table_identity_for_schema_key:error_constructor:cc04a5f3c2323050845844c8030d863a982014045ba9ad4e4490f75b9c9c8984:table:1:1	rust_string	crates/omnigraph/src/db/omnigraph/schema_apply.rs	<module>::fn table_identity_for_schema_key :: error_constructor :: cc04a5f3c2323050845844c8030d863a982014045ba9ad4e4490f75b9c9c8984 #1	error_constructor	table	table	physical_storage	retain accurate physical/storage terminology	none	omnigraph-engine owning tests plus G2 guard	Reviewed as accurate Lance, Arrow, manifest, recovery, or physical execution terminology.
2	rust_string:crates%2Fomnigraph%2Fsrc%2Fdb%2Fomnigraph%2Fschema_apply.rs:%3Cmodule%3E%3A%3Astruct%20SchemaApplyOptions:rustdoc:6dc0dae5b0408449f6dc3d5454312512e892f6902d82b78c83ce3537b5eb3d70:column:1:1	rust_string	crates/omnigraph/src/db/omnigraph/schema_apply.rs	<module>::struct SchemaApplyOptions :: rustdoc :: 6dc0dae5b0408449f6dc3d5454312512e892f6902d82b78c83ce3537b5eb3d70 #1	rustdoc	column	column	physical_storage	retain accurate physical/storage terminology	none	omnigraph-engine owning tests plus G2 guard	Reviewed as accurate Lance, Arrow, manifest, recovery, or physical execution terminology.
2	rust_string:crates%2Fomnigraph%2Fsrc%2Fdb%2Fomnigraph%2Ftable_ops.rs:%3Cmodule%3E%3A%3Afn%20build_indices_on_dataset_for_catalog:error_constructor:5fe48c2775ac188cf0af4235c1afb717c57906ed54060f83140e38fe1d6b6c39:table:1:1	rust_string	crates/omnigraph/src/db/omnigraph/table_ops.rs	<module>::fn build_indices_on_dataset_for_catalog :: error_constructor :: 5fe48c2775ac188cf0af4235c1afb717c57906ed54060f83140e38fe1d6b6c39 #1	error_constructor	table	table	physical_storage	retain accurate physical/storage terminology	none	omnigraph-engine owning tests plus G2 guard	Reviewed as accurate Lance, Arrow, manifest, recovery, or physical execution terminology.
2	rust_string:crates%2Fomnigraph%2Fsrc%2Fdb%2Fomnigraph%2Ftable_ops.rs:%3Cmodule%3E%3A%3Afn%20ensure_indices_for_branch:error_constructor:4893d925bc1a960eea5454dad1905fabf724696aecf8c887c0c21e1896d89478:table:1:1	rust_string	crates/omnigraph/src/db/omnigraph/table_ops.rs	<module>::fn ensure_indices_for_branch :: error_constructor :: 4893d925bc1a960eea5454dad1905fabf724696aecf8c887c0c21e1896d89478 #1	error_constructor	table	table	physical_storage	retain accurate physical/storage terminology	none	omnigraph-engine owning tests plus G2 guard	Reviewed as accurate Lance, Arrow, manifest, recovery, or physical execution terminology.
2	rust_string:crates%2Fomnigraph%2Fsrc%2Fdb%2Fomnigraph%2Ftable_ops.rs:%3Cmodule%3E%3A%3Afn%20ensure_indices_for_branch:error_constructor:827a694cbe766edd88e4e5096ab3c4f62a7e0ed57454010c6841e4eb91874e05:table:1:1	rust_string	crates/omnigraph/src/db/omnigraph/table_ops.rs	<module>::fn ensure_indices_for_branch :: error_constructor :: 827a694cbe766edd88e4e5096ab3c4f62a7e0ed57454010c6841e4eb91874e05 #1	error_constructor	table	table	physical_storage	retain accurate physical/storage terminology	none	omnigraph-engine owning tests plus G2 guard	Reviewed as accurate Lance, Arrow, manifest, recovery, or physical execution terminology.
2	rust_string:crates%2Fomnigraph%2Fsrc%2Fdb%2Fomnigraph%2Ftable_ops.rs:%3Cmodule%3E%3A%3Afn%20ensure_indices_for_branch:error_constructor:d6bdcf0b71f5606059ce266fbff6e540d62a286915e8b207e4b1d467c6d3c02a:table:1:1	rust_string	crates/omnigraph/src/db/omnigraph/table_ops.rs	<module>::fn ensure_indices_for_branch :: error_constructor :: d6bdcf0b71f5606059ce266fbff6e540d62a286915e8b207e4b1d467c6d3c02a #1	error_constructor	table	table	physical_storage	retain accurate physical/storage terminology	none	omnigraph-engine owning tests plus G2 guard	Reviewed as accurate Lance, Arrow, manifest, recovery, or physical execution terminology.
2	rust_string:crates%2Fomnigraph%2Fsrc%2Fdb%2Fomnigraph%2Ftable_ops.rs:%3Cmodule%3E%3A%3Afn%20ensure_indices_for_branch:error_constructor:e097ec70f6c2ee7c74b02643abc280b76824920fb7f1726c045d58736500b981:table:1:1	rust_string	crates/omnigraph/src/db/omnigraph/table_ops.rs	<module>::fn ensure_indices_for_branch :: error_constructor :: e097ec70f6c2ee7c74b02643abc280b76824920fb7f1726c045d58736500b981 #1	error_constructor	table	table	physical_storage	retain accurate physical/storage terminology	none	omnigraph-engine owning tests plus G2 guard	Reviewed as accurate Lance, Arrow, manifest, recovery, or physical execution terminology.
2	rust_string:crates%2Fomnigraph%2Fsrc%2Fdb%2Fomnigraph%2Ftable_ops.rs:%3Cmodule%3E%3A%3Afn%20index_work_status_on_dataset_for_catalog:error_constructor:5fe48c2775ac188cf0af4235c1afb717c57906ed54060f83140e38fe1d6b6c39:table:1:1	rust_string	crates/omnigraph/src/db/omnigraph/table_ops.rs	<module>::fn index_work_status_on_dataset_for_catalog :: error_constructor :: 5fe48c2775ac188cf0af4235c1afb717c57906ed54060f83140e38fe1d6b6c39 #1	error_constructor	table	table	physical_storage	retain accurate physical/storage terminology	none	omnigraph-engine owning tests plus G2 guard	Reviewed as accurate Lance, Arrow, manifest, recovery, or physical execution terminology.
2	rust_string:crates%2Fomnigraph%2Fsrc%2Fdb%2Fomnigraph%2Ftable_ops.rs:%3Cmodule%3E%3A%3Afn%20reclaim_orphaned_fork_and_refork:error_constructor:c02d174123c7d53037a847994cec3e23ba2d8c53448a009ba96e721f4f3c619d:table:1:1	rust_string	crates/omnigraph/src/db/omnigraph/table_ops.rs	<module>::fn reclaim_orphaned_fork_and_refork :: error_constructor :: c02d174123c7d53037a847994cec3e23ba2d8c53448a009ba96e721f4f3c619d #1	error_constructor	table	table	physical_storage	retain accurate physical/storage terminology	none	omnigraph-engine owning tests plus G2 guard	Reviewed as accurate Lance, Arrow, manifest, recovery, or physical execution terminology.
2	rust_string:crates%2Fomnigraph%2Fsrc%2Fdb%2Fomnigraph%2Ftable_ops.rs:%3Cmodule%3E%3A%3Afn%20reclaim_orphaned_fork_and_refork:error_constructor:e76f9562a25285b80a6895d822c83f7e5c58f476b33ee2934a28e5849fad8956:table:1:1	rust_string	crates/omnigraph/src/db/omnigraph/table_ops.rs	<module>::fn reclaim_orphaned_fork_and_refork :: error_constructor :: e76f9562a25285b80a6895d822c83f7e5c58f476b33ee2934a28e5849fad8956 #1	error_constructor	table	table	physical_storage	retain accurate physical/storage terminology	none	omnigraph-engine owning tests plus G2 guard	Reviewed as accurate Lance, Arrow, manifest, recovery, or physical execution terminology.
2	rust_string:crates%2Fomnigraph%2Fsrc%2Fdb%2Fomnigraph.rs:%3Cmodule%3E%3A%3Aenum%20OpenMode:rustdoc:1c71b035f8fb5175ae0f3753f56b05902e8b53f7c1652b6d593c79c69171a55b:table:1:1	rust_string	crates/omnigraph/src/db/omnigraph.rs	<module>::enum OpenMode :: rustdoc :: 1c71b035f8fb5175ae0f3753f56b05902e8b53f7c1652b6d593c79c69171a55b #1	rustdoc	table	table	physical_storage	retain accurate physical/storage terminology	none	omnigraph-engine owning tests plus G2 guard	Reviewed as accurate Lance, Arrow, manifest, recovery, or physical execution terminology.
2	rust_string:crates%2Fomnigraph%2Fsrc%2Fdb%2Fomnigraph.rs:%3Cmodule%3E%3A%3Afn%20blob_properties_for_table_key:error_constructor:5fe48c2775ac188cf0af4235c1afb717c57906ed54060f83140e38fe1d6b6c39:table:1:1	rust_string	crates/omnigraph/src/db/omnigraph.rs	<module>::fn blob_properties_for_table_key :: error_constructor :: 5fe48c2775ac188cf0af4235c1afb717c57906ed54060f83140e38fe1d6b6c39 #1	error_constructor	table	table	physical_storage	retain accurate physical/storage terminology	none	omnigraph-engine owning tests plus G2 guard	Reviewed as accurate Lance, Arrow, manifest, recovery, or physical execution terminology.
2	rust_string:crates%2Fomnigraph%2Fsrc%2Fdb%2Fomnigraph.rs:%3Cmodule%3E%3A%3Afn%20schema_for_table_key:error_constructor:5fe48c2775ac188cf0af4235c1afb717c57906ed54060f83140e38fe1d6b6c39:table:1:1	rust_string	crates/omnigraph/src/db/omnigraph.rs	<module>::fn schema_for_table_key :: error_constructor :: 5fe48c2775ac188cf0af4235c1afb717c57906ed54060f83140e38fe1d6b6c39 #1	error_constructor	table	table	physical_storage	retain accurate physical/storage terminology	none	omnigraph-engine owning tests plus G2 guard	Reviewed as accurate Lance, Arrow, manifest, recovery, or physical execution terminology.
2	rust_string:crates%2Fomnigraph%2Fsrc%2Fdb%2Fomnigraph.rs:%3Cmodule%3E%3A%3Aimpl%20Omnigraph%3A%3Afn%20ensure_existing_effect_baseline:error_constructor:636744111c28b20b906a5de04e5c0e3e527562f4cae5da0a21f0e9724a5f6b0f:sidecar:1:1	rust_string	crates/omnigraph/src/db/omnigraph.rs	<module>::impl Omnigraph::fn ensure_existing_effect_baseline :: error_constructor :: 636744111c28b20b906a5de04e5c0e3e527562f4cae5da0a21f0e9724a5f6b0f #1	error_constructor	sidecar	sidecar	physical_storage	reviewed_semantic_reclassification	presentation	omnigraph-engine owning tests plus G2 guard	Reviewed corrected wording at a stable boundary that previously contained legacy graph vocabulary.
2	rust_string:crates%2Fomnigraph%2Fsrc%2Fdb%2Fomnigraph.rs:%3Cmodule%3E%3A%3Aimpl%20Omnigraph%3A%3Afn%20ensure_existing_effect_baseline:error_constructor:636744111c28b20b906a5de04e5c0e3e527562f4cae5da0a21f0e9724a5f6b0f:sidecar:1:2	rust_string	crates/omnigraph/src/db/omnigraph.rs	<module>::impl Omnigraph::fn ensure_existing_effect_baseline :: error_constructor :: 636744111c28b20b906a5de04e5c0e3e527562f4cae5da0a21f0e9724a5f6b0f #1	error_constructor	sidecar	sidecar	physical_storage	retain accurate physical/storage terminology	none	omnigraph-engine owning tests plus G2 guard	Reviewed as accurate Lance, Arrow, manifest, recovery, or physical execution terminology.
2	rust_string:crates%2Fomnigraph%2Fsrc%2Fdb%2Fomnigraph.rs:%3Cmodule%3E%3A%3Aimpl%20Omnigraph%3A%3Afn%20ensure_indices:rustdoc:d39b94f5f9439da6e04ea63dcdda05c5d92b83a3703fb7e3af5491a1eedbe492:sidecar:1:1	rust_string	crates/omnigraph/src/db/omnigraph.rs	<module>::impl Omnigraph::fn ensure_indices :: rustdoc :: d39b94f5f9439da6e04ea63dcdda05c5d92b83a3703fb7e3af5491a1eedbe492 #1	rustdoc	sidecar	sidecar	physical_storage	retain accurate physical/storage terminology	none	omnigraph-engine owning tests plus G2 guard	Reviewed as accurate Lance, Arrow, manifest, recovery, or physical execution terminology.
2	rust_string:crates%2Fomnigraph%2Fsrc%2Fdb%2Fomnigraph.rs:%3Cmodule%3E%3A%3Aimpl%20Omnigraph%3A%3Afn%20entity_at:rustdoc:8969ff331e3454460ae20b7be0dfcd92484c0c01f116909bf7ce7811913c3474:manifest%20version:1:1	rust_string	crates/omnigraph/src/db/omnigraph.rs	<module>::impl Omnigraph::fn entity_at :: rustdoc :: 8969ff331e3454460ae20b7be0dfcd92484c0c01f116909bf7ce7811913c3474 #1	rustdoc	manifest version	retain	physical_storage	retain accurate physical/storage terminology	none	omnigraph-engine owning tests plus G2 guard	Reviewed as accurate Lance, Arrow, manifest, recovery, or physical execution terminology.
2	rust_string:crates%2Fomnigraph%2Fsrc%2Fdb%2Fomnigraph.rs:%3Cmodule%3E%3A%3Aimpl%20Omnigraph%3A%3Afn%20refresh:rustdoc:212e6d11947964bc6d888bb1f51a12392bca94fc7e0f45dbc649c399d65fd19c:sidecar:1:1	rust_string	crates/omnigraph/src/db/omnigraph.rs	<module>::impl Omnigraph::fn refresh :: rustdoc :: 212e6d11947964bc6d888bb1f51a12392bca94fc7e0f45dbc649c399d65fd19c #1	rustdoc	sidecar	sidecar	physical_storage	retain accurate physical/storage terminology	none	omnigraph-engine owning tests plus G2 guard	Reviewed as accurate Lance, Arrow, manifest, recovery, or physical execution terminology.
2	rust_string:crates%2Fomnigraph%2Fsrc%2Fdb%2Fomnigraph.rs:%3Cmodule%3E%3A%3Aimpl%20Omnigraph%3A%3Afn%20refresh:rustdoc:2501d8859f0415f2e1580d293f2af00536a622b1f631906691b75aa9e894b22a:sidecar:1:1	rust_string	crates/omnigraph/src/db/omnigraph.rs	<module>::impl Omnigraph::fn refresh :: rustdoc :: 2501d8859f0415f2e1580d293f2af00536a622b1f631906691b75aa9e894b22a #1	rustdoc	sidecar	sidecar	physical_storage	retain accurate physical/storage terminology	none	omnigraph-engine owning tests plus G2 guard	Reviewed as accurate Lance, Arrow, manifest, recovery, or physical execution terminology.
2	rust_string:crates%2Fomnigraph%2Fsrc%2Fdb%2Fomnigraph.rs:%3Cmodule%3E%3A%3Aimpl%20Omnigraph%3A%3Afn%20refresh:rustdoc:45f6bfa6a9d1ba3f059cb11dc3063f464a77aae8a702f835aa700c0d7c71b67f:sidecars:1:1	rust_string	crates/omnigraph/src/db/omnigraph.rs	<module>::impl Omnigraph::fn refresh :: rustdoc :: 45f6bfa6a9d1ba3f059cb11dc3063f464a77aae8a702f835aa700c0d7c71b67f #1	rustdoc	sidecars	sidecars	physical_storage	retain accurate physical/storage terminology	none	omnigraph-engine owning tests plus G2 guard	Reviewed as accurate Lance, Arrow, manifest, recovery, or physical execution terminology.
2	rust_string:crates%2Fomnigraph%2Fsrc%2Fdb%2Fomnigraph.rs:%3Cmodule%3E%3A%3Aimpl%20Omnigraph%3A%3Afn%20refresh:rustdoc:6a70a6e207dbd94109cfe944edd71d2a8a84636718fbd2e8b5798b54ce090e69:sidecar:1:1	rust_string	crates/omnigraph/src/db/omnigraph.rs	<module>::impl Omnigraph::fn refresh :: rustdoc :: 6a70a6e207dbd94109cfe944edd71d2a8a84636718fbd2e8b5798b54ce090e69 #1	rustdoc	sidecar	sidecar	physical_storage	retain accurate physical/storage terminology	none	omnigraph-engine owning tests plus G2 guard	Reviewed as accurate Lance, Arrow, manifest, recovery, or physical execution terminology.
2	rust_string:crates%2Fomnigraph%2Fsrc%2Fdb%2Fomnigraph.rs:%3Cmodule%3E%3A%3Aimpl%20Omnigraph%3A%3Afn%20refresh:rustdoc:9789003cdb81f36ea9cee711f6e9e8a8b262caafb840988aba13d6edcf0b59de:sidecar:1:1	rust_string	crates/omnigraph/src/db/omnigraph.rs	<module>::impl Omnigraph::fn refresh :: rustdoc :: 9789003cdb81f36ea9cee711f6e9e8a8b262caafb840988aba13d6edcf0b59de #1	rustdoc	sidecar	sidecar	physical_storage	retain accurate physical/storage terminology	none	omnigraph-engine owning tests plus G2 guard	Reviewed as accurate Lance, Arrow, manifest, recovery, or physical execution terminology.
2	rust_string:crates%2Fomnigraph%2Fsrc%2Fdb%2Fomnigraph.rs:%3Cmodule%3E%3A%3Aimpl%20Omnigraph%3A%3Afn%20refresh:rustdoc:a480c4bb427c5615c89c1e685f9b9917fe2ac2751da82545b0081081d22e3b12:table:1:1	rust_string	crates/omnigraph/src/db/omnigraph.rs	<module>::impl Omnigraph::fn refresh :: rustdoc :: a480c4bb427c5615c89c1e685f9b9917fe2ac2751da82545b0081081d22e3b12 #1	rustdoc	table	table	physical_storage	retain accurate physical/storage terminology	none	omnigraph-engine owning tests plus G2 guard	Reviewed as accurate Lance, Arrow, manifest, recovery, or physical execution terminology.
2	rust_string:crates%2Fomnigraph%2Fsrc%2Fdb%2Fomnigraph.rs:%3Cmodule%3E%3A%3Aimpl%20Omnigraph%3A%3Afn%20refresh:rustdoc:bcb9804db811061991e4221a1c845358a3703d62f9df08d588ad240d590d3f7a:sidecars:1:1	rust_string	crates/omnigraph/src/db/omnigraph.rs	<module>::impl Omnigraph::fn refresh :: rustdoc :: bcb9804db811061991e4221a1c845358a3703d62f9df08d588ad240d590d3f7a #1	rustdoc	sidecars	sidecars	physical_storage	retain accurate physical/storage terminology	none	omnigraph-engine owning tests plus G2 guard	Reviewed as accurate Lance, Arrow, manifest, recovery, or physical execution terminology.
2	rust_string:crates%2Fomnigraph%2Fsrc%2Fdb%2Fomnigraph.rs:%3Cmodule%3E%3A%3Aimpl%20Omnigraph%3A%3Afn%20refresh:rustdoc:bcb9804db811061991e4221a1c845358a3703d62f9df08d588ad240d590d3f7a:sidecars:1:2	rust_string	crates/omnigraph/src/db/omnigraph.rs	<module>::impl Omnigraph::fn refresh :: rustdoc :: bcb9804db811061991e4221a1c845358a3703d62f9df08d588ad240d590d3f7a #1	rustdoc	sidecars	sidecars	physical_storage	retain accurate physical/storage terminology	none	omnigraph-engine owning tests plus G2 guard	Reviewed as accurate Lance, Arrow, manifest, recovery, or physical execution terminology.
2	rust_string:crates%2Fomnigraph%2Fsrc%2Fdb%2Fomnigraph.rs:%3Cmodule%3E%3A%3Aimpl%20Omnigraph%3A%3Afn%20refresh:rustdoc:c83508bb668e5ee3704ca0ff52a0bd1a7884dd2b847a15930fc0de4f8fb2d869:sidecar:1:1	rust_string	crates/omnigraph/src/db/omnigraph.rs	<module>::impl Omnigraph::fn refresh :: rustdoc :: c83508bb668e5ee3704ca0ff52a0bd1a7884dd2b847a15930fc0de4f8fb2d869 #1	rustdoc	sidecar	sidecar	physical_storage	retain accurate physical/storage terminology	none	omnigraph-engine owning tests plus G2 guard	Reviewed as accurate Lance, Arrow, manifest, recovery, or physical execution terminology.
2	rust_string:crates%2Fomnigraph%2Fsrc%2Fdb%2Fomnigraph.rs:%3Cmodule%3E%3A%3Aimpl%20Omnigraph%3A%3Afn%20refresh:rustdoc:f6491a09454ad9e5b2f9a4da0ee4573c0b5614aea253339096ec577cf4e4da6f:sidecar:1:1	rust_string	crates/omnigraph/src/db/omnigraph.rs	<module>::impl Omnigraph::fn refresh :: rustdoc :: f6491a09454ad9e5b2f9a4da0ee4573c0b5614aea253339096ec577cf4e4da6f #1	rustdoc	sidecar	sidecar	physical_storage	retain accurate physical/storage terminology	none	omnigraph-engine owning tests plus G2 guard	Reviewed as accurate Lance, Arrow, manifest, recovery, or physical execution terminology.
2	rust_string:crates%2Fomnigraph%2Fsrc%2Fdb%2Fomnigraph.rs:%3Cmodule%3E%3A%3Aimpl%20Omnigraph%3A%3Afn%20snapshot_at_graph_manifest_version:rustdoc:73853dc33872b83e98b08159746ec4dcff8bfba1470930773f9e670f9163cd88:manifest%20version:1:1	rust_string	crates/omnigraph/src/db/omnigraph.rs	<module>::impl Omnigraph::fn snapshot_at_graph_manifest_version :: rustdoc :: 73853dc33872b83e98b08159746ec4dcff8bfba1470930773f9e670f9163cd88 #1	rustdoc	manifest version	retain	physical_storage	retain accurate physical/storage terminology	none	omnigraph-engine owning tests plus G2 guard	Reviewed as accurate Lance, Arrow, manifest, recovery, or physical execution terminology.
2	rust_string:crates%2Fomnigraph%2Fsrc%2Fdb%2Fomnigraph.rs:%3Cmodule%3E%3A%3Astruct%20Omnigraph:rustdoc:851b3f3c85ff3d22a2116451625161a11dd2a1ca9cba8e2447f84ef5f73fe5de:table:1:1	rust_string	crates/omnigraph/src/db/omnigraph.rs	<module>::struct Omnigraph :: rustdoc :: 851b3f3c85ff3d22a2116451625161a11dd2a1ca9cba8e2447f84ef5f73fe5de #1	rustdoc	table	table	physical_storage	retain accurate physical/storage terminology	none	omnigraph-engine owning tests plus G2 guard	Reviewed as accurate Lance, Arrow, manifest, recovery, or physical execution terminology.
2	rust_string:crates%2Fomnigraph%2Fsrc%2Fdb%2Frecovery_audit.rs:%3Cmodule%3E%3A%3Afn%20decode_row:error_constructor:71f9be109ec7e68e4906a3d43c14f60adbe2a31d3217d9b228ea7fc147f5f938:column:1:1	rust_string	crates/omnigraph/src/db/recovery_audit.rs	<module>::fn decode_row :: error_constructor :: 71f9be109ec7e68e4906a3d43c14f60adbe2a31d3217d9b228ea7fc147f5f938 #1	error_constructor	column	column	physical_storage	retain accurate physical/storage terminology	none	omnigraph-engine owning tests plus G2 guard	Reviewed as accurate Lance, Arrow, manifest, recovery, or physical execution terminology.
2	rust_string:crates%2Fomnigraph%2Fsrc%2Fdb%2Frecovery_audit.rs:%3Cmodule%3E%3A%3Afn%20decode_row:error_constructor:b5cc4a33dbc6579a3ad744d1e7a26a6bb4ed7373a59dda4635b72331e4fbdfad:column:1:1	rust_string	crates/omnigraph/src/db/recovery_audit.rs	<module>::fn decode_row :: error_constructor :: b5cc4a33dbc6579a3ad744d1e7a26a6bb4ed7373a59dda4635b72331e4fbdfad #1	error_constructor	column	column	physical_storage	retain accurate physical/storage terminology	none	omnigraph-engine owning tests plus G2 guard	Reviewed as accurate Lance, Arrow, manifest, recovery, or physical execution terminology.
2	rust_string:crates%2Fomnigraph%2Fsrc%2Fdb%2Frecovery_audit.rs:%3Cmodule%3E%3A%3Afn%20decode_row:error_constructor:f235c5808f34fe5d74dc7e37a0d92b111272992faffbe3d10d49858af04a0456:column:1:1	rust_string	crates/omnigraph/src/db/recovery_audit.rs	<module>::fn decode_row :: error_constructor :: f235c5808f34fe5d74dc7e37a0d92b111272992faffbe3d10d49858af04a0456 #1	error_constructor	column	column	physical_storage	retain accurate physical/storage terminology	none	omnigraph-engine owning tests plus G2 guard	Reviewed as accurate Lance, Arrow, manifest, recovery, or physical execution terminology.
2	rust_string:crates%2Fomnigraph%2Fsrc%2Fdb%2Frecovery_audit.rs:%3Cmodule%3E%3A%3Afn%20decode_row:error_constructor:fb091c0b6ce29df757c6546351c4ceb19c03b97c2bef6b611913a45ddfa5d4f4:table:1:1	rust_string	crates/omnigraph/src/db/recovery_audit.rs	<module>::fn decode_row :: error_constructor :: fb091c0b6ce29df757c6546351c4ceb19c03b97c2bef6b611913a45ddfa5d4f4 #1	error_constructor	table	table	physical_storage	retain accurate physical/storage terminology	none	omnigraph-engine owning tests plus G2 guard	Reviewed as accurate Lance, Arrow, manifest, recovery, or physical execution terminology.
2	rust_string:crates%2Fomnigraph%2Fsrc%2Fdb%2Frecovery_audit.rs:%3Cmodule%3E%3A%3Afn%20decode_row:error_constructor:ff387d24c856d71f3a255b50658b7c32c5a2d4705511f9bd2e3edfc00c5e37df:column:1:1	rust_string	crates/omnigraph/src/db/recovery_audit.rs	<module>::fn decode_row :: error_constructor :: ff387d24c856d71f3a255b50658b7c32c5a2d4705511f9bd2e3edfc00c5e37df #1	error_constructor	column	column	physical_storage	retain accurate physical/storage terminology	none	omnigraph-engine owning tests plus G2 guard	Reviewed as accurate Lance, Arrow, manifest, recovery, or physical execution terminology.
2	rust_string:crates%2Fomnigraph%2Fsrc%2Fdb%2Frecovery_audit.rs:%3Cmodule%3E%3A%3Afn%20recovery_record_to_batch:error_constructor:0d013a813d56aa747c1cf910d199f32f56cc6f7e315d714a5eeffed9934314f8:table:1:1	rust_string	crates/omnigraph/src/db/recovery_audit.rs	<module>::fn recovery_record_to_batch :: error_constructor :: 0d013a813d56aa747c1cf910d199f32f56cc6f7e315d714a5eeffed9934314f8 #1	error_constructor	table	table	physical_storage	retain accurate physical/storage terminology	none	omnigraph-engine owning tests plus G2 guard	Reviewed as accurate Lance, Arrow, manifest, recovery, or physical execution terminology.
2	rust_string:crates%2Fomnigraph%2Fsrc%2Fdb%2Frecovery_audit.rs:%3Cmodule%3E%3A%3Astruct%20TableOutcome%3A%3Afield%20from_version:rustdoc:25d201670a901bca59670ad9b59197181abfa636746b6ea08a0c50cb5f1d3706:sidecar:1:1	rust_string	crates/omnigraph/src/db/recovery_audit.rs	<module>::struct TableOutcome::field from_version :: rustdoc :: 25d201670a901bca59670ad9b59197181abfa636746b6ea08a0c50cb5f1d3706 #1	rustdoc	sidecar	sidecar	physical_storage	retain accurate physical/storage terminology	none	omnigraph-engine owning tests plus G2 guard	Reviewed as accurate Lance, Arrow, manifest, recovery, or physical execution terminology.
2	rust_string:crates%2Fomnigraph%2Fsrc%2Fdb%2Frecovery_audit.rs:%3Cmodule%3E%3A%3Astruct%20TableOutcome%3A%3Afield%20to_version:rustdoc:80f168b2eaae2522a73b0109f1f8d06e6f3b53dd21c93e59a4cb3604fd82b871:sidecar:1:1	rust_string	crates/omnigraph/src/db/recovery_audit.rs	<module>::struct TableOutcome::field to_version :: rustdoc :: 80f168b2eaae2522a73b0109f1f8d06e6f3b53dd21c93e59a4cb3604fd82b871 #1	rustdoc	sidecar	sidecar	physical_storage	retain accurate physical/storage terminology	none	omnigraph-engine owning tests plus G2 guard	Reviewed as accurate Lance, Arrow, manifest, recovery, or physical execution terminology.
2	rust_string:crates%2Fomnigraph%2Fsrc%2Fdb%2Frecovery_audit.rs:%3Cmodule%3E%3A%3Astruct%20TableOutcome%3A%3Afield%20to_version:rustdoc:895662dfe35d3b184ecd0fc22aa37999a176f3d9968ce31812d2a73f983a3847:sidecar:1:1	rust_string	crates/omnigraph/src/db/recovery_audit.rs	<module>::struct TableOutcome::field to_version :: rustdoc :: 895662dfe35d3b184ecd0fc22aa37999a176f3d9968ce31812d2a73f983a3847 #1	rustdoc	sidecar	sidecar	physical_storage	retain accurate physical/storage terminology	none	omnigraph-engine owning tests plus G2 guard	Reviewed as accurate Lance, Arrow, manifest, recovery, or physical execution terminology.
2	rust_string:crates%2Fomnigraph%2Fsrc%2Fdb%2Frecovery_audit.rs:%3Cmodule%3E:rustdoc:1146c2140b7f53f7c40550fcaffed699fe58c4a587b6be2a02a4fcc2babca8ca:rows:1:1	rust_string	crates/omnigraph/src/db/recovery_audit.rs	<module> :: rustdoc :: 1146c2140b7f53f7c40550fcaffed699fe58c4a587b6be2a02a4fcc2babca8ca #1	rustdoc	rows	rows	physical_storage	retain accurate physical/storage terminology	none	omnigraph-engine owning tests plus G2 guard	Reviewed as accurate Lance, Arrow, manifest, recovery, or physical execution terminology.
2	rust_string:crates%2Fomnigraph%2Fsrc%2Fdb%2Frecovery_audit.rs:%3Cmodule%3E:rustdoc:1a608ea3014b04550873a15071fa0a1a2dcf5764be782e4c21724851192fb685:sidecar:1:1	rust_string	crates/omnigraph/src/db/recovery_audit.rs	<module> :: rustdoc :: 1a608ea3014b04550873a15071fa0a1a2dcf5764be782e4c21724851192fb685 #1	rustdoc	sidecar	sidecar	physical_storage	retain accurate physical/storage terminology	none	omnigraph-engine owning tests plus G2 guard	Reviewed as accurate Lance, Arrow, manifest, recovery, or physical execution terminology.
2	rust_string:crates%2Fomnigraph%2Fsrc%2Fdb%2Frecovery_audit.rs:%3Cmodule%3E:rustdoc:1a608ea3014b04550873a15071fa0a1a2dcf5764be782e4c21724851192fb685:sidecars:1:1	rust_string	crates/omnigraph/src/db/recovery_audit.rs	<module> :: rustdoc :: 1a608ea3014b04550873a15071fa0a1a2dcf5764be782e4c21724851192fb685 #1	rustdoc	sidecars	sidecars	physical_storage	retain accurate physical/storage terminology	none	omnigraph-engine owning tests plus G2 guard	Reviewed as accurate Lance, Arrow, manifest, recovery, or physical execution terminology.
2	rust_string:crates%2Fomnigraph%2Fsrc%2Fdb%2Frecovery_audit.rs:%3Cmodule%3E:rustdoc:568e86544db0df6f8a57f14c3c8b0f3988b1e1d408d636b14d3f7b5188bb437a:row:1:1	rust_string	crates/omnigraph/src/db/recovery_audit.rs	<module> :: rustdoc :: 568e86544db0df6f8a57f14c3c8b0f3988b1e1d408d636b14d3f7b5188bb437a #1	rustdoc	row	row	physical_storage	retain accurate physical/storage terminology	none	omnigraph-engine owning tests plus G2 guard	Reviewed as accurate Lance, Arrow, manifest, recovery, or physical execution terminology.
2	rust_string:crates%2Fomnigraph%2Fsrc%2Fdb%2Frecovery_audit.rs:%3Cmodule%3E:rustdoc:568e86544db0df6f8a57f14c3c8b0f3988b1e1d408d636b14d3f7b5188bb437a:table:1:1	rust_string	crates/omnigraph/src/db/recovery_audit.rs	<module> :: rustdoc :: 568e86544db0df6f8a57f14c3c8b0f3988b1e1d408d636b14d3f7b5188bb437a #1	rustdoc	table	table	physical_storage	retain accurate physical/storage terminology	none	omnigraph-engine owning tests plus G2 guard	Reviewed as accurate Lance, Arrow, manifest, recovery, or physical execution terminology.
2	rust_string:crates%2Fomnigraph%2Fsrc%2Fdb%2Frecovery_audit.rs:%3Cmodule%3E:rustdoc:7494296b405b20582b7ba61b52b6bcc0386f6a75eb871d3a0dc8d62961addd31:table:1:1	rust_string	crates/omnigraph/src/db/recovery_audit.rs	<module> :: rustdoc :: 7494296b405b20582b7ba61b52b6bcc0386f6a75eb871d3a0dc8d62961addd31 #1	rustdoc	table	table	physical_storage	retain accurate physical/storage terminology	none	omnigraph-engine owning tests plus G2 guard	Reviewed as accurate Lance, Arrow, manifest, recovery, or physical execution terminology.
2	rust_string:crates%2Fomnigraph%2Fsrc%2Fdb%2Frecovery_audit.rs:%3Cmodule%3E:rustdoc:7623a41fcc281fdbc0322374fb63a4cfa177c7cf28c5145681f8abe8cb9c13a3:row:1:1	rust_string	crates/omnigraph/src/db/recovery_audit.rs	<module> :: rustdoc :: 7623a41fcc281fdbc0322374fb63a4cfa177c7cf28c5145681f8abe8cb9c13a3 #1	rustdoc	row	row	physical_storage	retain accurate physical/storage terminology	none	omnigraph-engine owning tests plus G2 guard	Reviewed as accurate Lance, Arrow, manifest, recovery, or physical execution terminology.
2	rust_string:crates%2Fomnigraph%2Fsrc%2Fdb%2Frecovery_audit.rs:%3Cmodule%3E:rustdoc:7623a41fcc281fdbc0322374fb63a4cfa177c7cf28c5145681f8abe8cb9c13a3:sidecars:1:1	rust_string	crates/omnigraph/src/db/recovery_audit.rs	<module> :: rustdoc :: 7623a41fcc281fdbc0322374fb63a4cfa177c7cf28c5145681f8abe8cb9c13a3 #1	rustdoc	sidecars	sidecars	physical_storage	retain accurate physical/storage terminology	none	omnigraph-engine owning tests plus G2 guard	Reviewed as accurate Lance, Arrow, manifest, recovery, or physical execution terminology.
2	rust_string:crates%2Fomnigraph%2Fsrc%2Fdb%2Frecovery_audit.rs:%3Cmodule%3E:rustdoc:ae869931ca62db45df37d890655299e9050248860d35cbb9ecfcc8630154f337:table:1:1	rust_string	crates/omnigraph/src/db/recovery_audit.rs	<module> :: rustdoc :: ae869931ca62db45df37d890655299e9050248860d35cbb9ecfcc8630154f337 #1	rustdoc	table	table	physical_storage	retain accurate physical/storage terminology	none	omnigraph-engine owning tests plus G2 guard	Reviewed as accurate Lance, Arrow, manifest, recovery, or physical execution terminology.
2	rust_string:crates%2Fomnigraph%2Fsrc%2Fdb%2Frecovery_audit.rs:%3Cmodule%3E:rustdoc:bd870aa032a82c94abfa704af358ce697e45b736329dba22942506592232a15a:row:1:1	rust_string	crates/omnigraph/src/db/recovery_audit.rs	<module> :: rustdoc :: bd870aa032a82c94abfa704af358ce697e45b736329dba22942506592232a15a #1	rustdoc	row	row	physical_storage	retain accurate physical/storage terminology	none	omnigraph-engine owning tests plus G2 guard	Reviewed as accurate Lance, Arrow, manifest, recovery, or physical execution terminology.
2	rust_string:crates%2Fomnigraph%2Fsrc%2Fdb%2Frecovery_audit.rs:%3Cmodule%3E:rustdoc:ddda01498687c03c13a10b07e7fd09a31811464e994209ccbf540c2f32c56597:table:1:1	rust_string	crates/omnigraph/src/db/recovery_audit.rs	<module> :: rustdoc :: ddda01498687c03c13a10b07e7fd09a31811464e994209ccbf540c2f32c56597 #1	rustdoc	table	table	physical_storage	retain accurate physical/storage terminology	none	omnigraph-engine owning tests plus G2 guard	Reviewed as accurate Lance, Arrow, manifest, recovery, or physical execution terminology.
2	rust_string:crates%2Fomnigraph%2Fsrc%2Fdb%2Frecovery_audit.rs:%3Cmodule%3E:rustdoc:f5d92034255505bcf5c18fe2238a3d80f96baf4739a136e34a50c8b10d3b86a9:row:1:1	rust_string	crates/omnigraph/src/db/recovery_audit.rs	<module> :: rustdoc :: f5d92034255505bcf5c18fe2238a3d80f96baf4739a136e34a50c8b10d3b86a9 #1	rustdoc	row	row	physical_storage	retain accurate physical/storage terminology	none	omnigraph-engine owning tests plus G2 guard	Reviewed as accurate Lance, Arrow, manifest, recovery, or physical execution terminology.
2	rust_string:crates%2Fomnigraph%2Fsrc%2Fdb%2Fwrite_queue.rs:%3Cmodule%3E:rustdoc:61110fc1e71ee3f464c03394cf54aac352f5df99e433935430a890fa29003914:table:1:1	rust_string	crates/omnigraph/src/db/write_queue.rs	<module> :: rustdoc :: 61110fc1e71ee3f464c03394cf54aac352f5df99e433935430a890fa29003914 #1	rustdoc	table	table	physical_storage	retain accurate physical/storage terminology	none	omnigraph-engine owning tests plus G2 guard	Reviewed as accurate Lance, Arrow, manifest, recovery, or physical execution terminology.
2	rust_string:crates%2Fomnigraph%2Fsrc%2Fdb%2Fwrite_queue.rs:%3Cmodule%3E:rustdoc:61fef41c3da906c66cc9256bc3318e6cb9c0e5c2b08d0cc4c2698e41d0b58416:tables:1:1	rust_string	crates/omnigraph/src/db/write_queue.rs	<module> :: rustdoc :: 61fef41c3da906c66cc9256bc3318e6cb9c0e5c2b08d0cc4c2698e41d0b58416 #1	rustdoc	tables	tables	physical_storage	retain accurate physical/storage terminology	none	omnigraph-engine owning tests plus G2 guard	Reviewed as accurate Lance, Arrow, manifest, recovery, or physical execution terminology.
2	rust_string:crates%2Fomnigraph%2Fsrc%2Fdb%2Fwrite_queue.rs:%3Cmodule%3E:rustdoc:83fb8da84ad4ede24de493c4ce57ee7c353927ec3f13a4ec440acf84f791ff60:table:1:1	rust_string	crates/omnigraph/src/db/write_queue.rs	<module> :: rustdoc :: 83fb8da84ad4ede24de493c4ce57ee7c353927ec3f13a4ec440acf84f791ff60 #1	rustdoc	table	table	physical_storage	retain accurate physical/storage terminology	none	omnigraph-engine owning tests plus G2 guard	Reviewed as accurate Lance, Arrow, manifest, recovery, or physical execution terminology.
2	rust_string:crates%2Fomnigraph%2Fsrc%2Fdb%2Fwrite_queue.rs:%3Cmodule%3E:rustdoc:9cb96692de47ea4f6495284e8ead0c0759736eb9d61ef4caf4d6dae8970c87be:Tables:1:1	rust_string	crates/omnigraph/src/db/write_queue.rs	<module> :: rustdoc :: 9cb96692de47ea4f6495284e8ead0c0759736eb9d61ef4caf4d6dae8970c87be #1	rustdoc	Tables	Tables	upstream_name	retain exact upstream proper/API name	none	omnigraph-engine owning tests plus G2 guard	The match is part of an exact upstream proper name, algorithm, operation, or API identifier.
2	rust_string:crates%2Fomnigraph%2Fsrc%2Fdb%2Fwrite_queue.rs:%3Cmodule%3E:rustdoc:ab01c06b6e21cfcad9f8efe93bc0fe8f4fac61e62e266ce794034d13d85b8298:table:1:1	rust_string	crates/omnigraph/src/db/write_queue.rs	<module> :: rustdoc :: ab01c06b6e21cfcad9f8efe93bc0fe8f4fac61e62e266ce794034d13d85b8298 #1	rustdoc	table	table	physical_storage	retain accurate physical/storage terminology	none	omnigraph-engine owning tests plus G2 guard	Reviewed as accurate Lance, Arrow, manifest, recovery, or physical execution terminology.
2	rust_string:crates%2Fomnigraph%2Fsrc%2Fdb%2Fwrite_queue.rs:%3Cmodule%3E:rustdoc:f6b64480ae2ca829658b48a390ccc0caf2e5c65168b3c9f6e53c2f3470026f7c:table:1:1	rust_string	crates/omnigraph/src/db/write_queue.rs	<module> :: rustdoc :: f6b64480ae2ca829658b48a390ccc0caf2e5c65168b3c9f6e53c2f3470026f7c #1	rustdoc	table	table	physical_storage	retain accurate physical/storage terminology	none	omnigraph-engine owning tests plus G2 guard	Reviewed as accurate Lance, Arrow, manifest, recovery, or physical execution terminology.
2	rust_string:crates%2Fomnigraph%2Fsrc%2Ferror.rs:%3Cmodule%3E%3A%3Aenum%20ManifestConflictDetails%3A%3Avariant%20RowLevelCasContention:rustdoc:8e5831ae830f7f0aa4c26ae97abbc4a0d1db331b6d1fb72706ce07779a59e84c:row:1:1	rust_string	crates/omnigraph/src/error.rs	<module>::enum ManifestConflictDetails::variant RowLevelCasContention :: rustdoc :: 8e5831ae830f7f0aa4c26ae97abbc4a0d1db331b6d1fb72706ce07779a59e84c #1	rustdoc	row	row	physical_storage	retain accurate physical/storage terminology	none	omnigraph-engine owning tests plus G2 guard	Reviewed as accurate Lance, Arrow, manifest, recovery, or physical execution terminology.
2	rust_string:crates%2Fomnigraph%2Fsrc%2Ferror.rs:%3Cmodule%3E%3A%3Aenum%20ManifestConflictDetails%3A%3Avariant%20RowLevelCasContention:rustdoc:ede157da3d5bc3692a561b005ca0a7de5f599c627998662d7c21be632487bba6:row:1:1	rust_string	crates/omnigraph/src/error.rs	<module>::enum ManifestConflictDetails::variant RowLevelCasContention :: rustdoc :: ede157da3d5bc3692a561b005ca0a7de5f599c627998662d7c21be632487bba6 #1	rustdoc	row	row	physical_storage	retain accurate physical/storage terminology	none	omnigraph-engine owning tests plus G2 guard	Reviewed as accurate Lance, Arrow, manifest, recovery, or physical execution terminology.
2	rust_string:crates%2Fomnigraph%2Fsrc%2Ferror.rs:%3Cmodule%3E%3A%3Aenum%20OmniError%3A%3Avariant%20BranchNotFound:rustdoc:c19c1e77ace7f2797af5b1368380e8501b4181543c89dc3e5f20c4a2206da9bc:table:1:1	rust_string	crates/omnigraph/src/error.rs	<module>::enum OmniError::variant BranchNotFound :: rustdoc :: c19c1e77ace7f2797af5b1368380e8501b4181543c89dc3e5f20c4a2206da9bc #1	rustdoc	table	table	physical_storage	retain accurate physical/storage terminology	none	omnigraph-engine owning tests plus G2 guard	Reviewed as accurate Lance, Arrow, manifest, recovery, or physical execution terminology.
2	rust_string:crates%2Fomnigraph%2Fsrc%2Ferror.rs:%3Cmodule%3E%3A%3Aenum%20OmniError%3A%3Avariant%20RecoveryRequired:rustdoc:097c7d8f097fd02ebd76f77e53c420117b2f0e7e1c374731c8b968bd7c3c41a5:sidecar:1:1	rust_string	crates/omnigraph/src/error.rs	<module>::enum OmniError::variant RecoveryRequired :: rustdoc :: 097c7d8f097fd02ebd76f77e53c420117b2f0e7e1c374731c8b968bd7c3c41a5 #1	rustdoc	sidecar	sidecar	physical_storage	retain accurate physical/storage terminology	none	omnigraph-engine owning tests plus G2 guard	Reviewed as accurate Lance, Arrow, manifest, recovery, or physical execution terminology.
2	rust_string:crates%2Fomnigraph%2Fsrc%2Fexec%2Fmerge.rs:%3Cmodule%3E%3A%3Afn%20commit_keyed_stream_chunks:error_constructor:6c886215ec0ee6e6151248bda0ac2094ba287b6ac20f693ec9e0915e1bfc192c:table:1:1	rust_string	crates/omnigraph/src/exec/merge.rs	<module>::fn commit_keyed_stream_chunks :: error_constructor :: 6c886215ec0ee6e6151248bda0ac2094ba287b6ac20f693ec9e0915e1bfc192c #1	error_constructor	table	table	physical_storage	retain accurate physical/storage terminology	none	omnigraph-engine owning tests plus G2 guard	Reviewed as accurate Lance, Arrow, manifest, recovery, or physical execution terminology.
2	rust_string:crates%2Fomnigraph%2Fsrc%2Fexec%2Fmerge.rs:%3Cmodule%3E%3A%3Afn%20commit_keyed_stream_chunks:error_constructor:b4e108e1e045a29a80f3918a382300920bcf2abb8aa6f9978edc5b28b8f31001:table:1:1	rust_string	crates/omnigraph/src/exec/merge.rs	<module>::fn commit_keyed_stream_chunks :: error_constructor :: b4e108e1e045a29a80f3918a382300920bcf2abb8aa6f9978edc5b28b8f31001 #1	error_constructor	table	retain	physical_storage	retain accurate physical/storage terminology	none	omnigraph-engine owning tests plus G2 guard	Reviewed as accurate Lance, Arrow, manifest, recovery, or physical execution terminology.
2	rust_string:crates%2Fomnigraph%2Fsrc%2Fexec%2Fmerge.rs:%3Cmodule%3E%3A%3Afn%20commit_keyed_stream_chunks:error_constructor:c3731c4fddfaa887e76488c794320ea8d55745d90f1f74383c6ec9a3e4d59c83:row:1:1	rust_string	crates/omnigraph/src/exec/merge.rs	<module>::fn commit_keyed_stream_chunks :: error_constructor :: c3731c4fddfaa887e76488c794320ea8d55745d90f1f74383c6ec9a3e4d59c83 #1	error_constructor	row	row	physical_storage	retain accurate physical/storage terminology	none	omnigraph-engine owning tests plus G2 guard	Reviewed as accurate Lance, Arrow, manifest, recovery, or physical execution terminology.
2	rust_string:crates%2Fomnigraph%2Fsrc%2Fexec%2Fmerge.rs:%3Cmodule%3E%3A%3Afn%20commit_staged_delete_chunks:error_constructor:bb583e28082ccff0362d4d92b44ec00056da797f76162d3a7e135f97bda9a33d:rows:1:1	rust_string	crates/omnigraph/src/exec/merge.rs	<module>::fn commit_staged_delete_chunks :: error_constructor :: bb583e28082ccff0362d4d92b44ec00056da797f76162d3a7e135f97bda9a33d #1	error_constructor	rows	rows	physical_storage	retain accurate physical/storage terminology	none	omnigraph-engine owning tests plus G2 guard	Reviewed as accurate Lance, Arrow, manifest, recovery, or physical execution terminology.
2	rust_string:crates%2Fomnigraph%2Fsrc%2Fexec%2Fmerge.rs:%3Cmodule%3E%3A%3Afn%20commit_staged_delete_chunks:error_constructor:bb583e28082ccff0362d4d92b44ec00056da797f76162d3a7e135f97bda9a33d:table:1:1	rust_string	crates/omnigraph/src/exec/merge.rs	<module>::fn commit_staged_delete_chunks :: error_constructor :: bb583e28082ccff0362d4d92b44ec00056da797f76162d3a7e135f97bda9a33d #1	error_constructor	table	table	physical_storage	retain accurate physical/storage terminology	none	omnigraph-engine owning tests plus G2 guard	Reviewed as accurate Lance, Arrow, manifest, recovery, or physical execution terminology.
2	rust_string:crates%2Fomnigraph%2Fsrc%2Fexec%2Fmerge.rs:%3Cmodule%3E%3A%3Afn%20commit_staged_delete_chunks:error_constructor:c284da0f422b29506b1edcff442a42ca6677c99c255809b0518cdae5efd91683:table:1:1	rust_string	crates/omnigraph/src/exec/merge.rs	<module>::fn commit_staged_delete_chunks :: error_constructor :: c284da0f422b29506b1edcff442a42ca6677c99c255809b0518cdae5efd91683 #1	error_constructor	table	table	physical_storage	retain accurate physical/storage terminology	none	omnigraph-engine owning tests plus G2 guard	Reviewed as accurate Lance, Arrow, manifest, recovery, or physical execution terminology.
2	rust_string:crates%2Fomnigraph%2Fsrc%2Fexec%2Fmerge.rs:%3Cmodule%3E%3A%3Afn%20next_exact_staged_chunk:error_constructor:0c4374ebe0727cad2dab7174b0b562b2f86d878a77419c78c0c5c9b48df6f630:rows:1:1	rust_string	crates/omnigraph/src/exec/merge.rs	<module>::fn next_exact_staged_chunk :: error_constructor :: 0c4374ebe0727cad2dab7174b0b562b2f86d878a77419c78c0c5c9b48df6f630 #1	error_constructor	rows	rows	physical_storage	retain accurate physical/storage terminology	none	omnigraph-engine owning tests plus G2 guard	Reviewed as accurate Lance, Arrow, manifest, recovery, or physical execution terminology.
2	rust_string:crates%2Fomnigraph%2Fsrc%2Fexec%2Fmerge.rs:%3Cmodule%3E%3A%3Afn%20next_exact_staged_chunk:error_constructor:c7cf1868e7614277f0f9fbd8c1e4385e787ed0b15c07d6fd60e61062eccf3613:row:1:1	rust_string	crates/omnigraph/src/exec/merge.rs	<module>::fn next_exact_staged_chunk :: error_constructor :: c7cf1868e7614277f0f9fbd8c1e4385e787ed0b15c07d6fd60e61062eccf3613 #1	error_constructor	row	row	physical_storage	retain accurate physical/storage terminology	none	omnigraph-engine owning tests plus G2 guard	Reviewed as accurate Lance, Arrow, manifest, recovery, or physical execution terminology.
2	rust_string:crates%2Fomnigraph%2Fsrc%2Fexec%2Fmerge.rs:%3Cmodule%3E%3A%3Afn%20next_exact_staged_chunk:error_constructor:c7cf1868e7614277f0f9fbd8c1e4385e787ed0b15c07d6fd60e61062eccf3613:rows:1:1	rust_string	crates/omnigraph/src/exec/merge.rs	<module>::fn next_exact_staged_chunk :: error_constructor :: c7cf1868e7614277f0f9fbd8c1e4385e787ed0b15c07d6fd60e61062eccf3613 #1	error_constructor	rows	rows	physical_storage	retain accurate physical/storage terminology	none	omnigraph-engine owning tests plus G2 guard	Reviewed as accurate Lance, Arrow, manifest, recovery, or physical execution terminology.
2	rust_string:crates%2Fomnigraph%2Fsrc%2Fexec%2Fmerge.rs:%3Cmodule%3E%3A%3Afn%20plan_proven_pure_insert_chunks:error_constructor:3b1900a102da0bc471394b5ce0e34fa666b7788efec320fabb14f2b5a77ccaf4:row:1:1	rust_string	crates/omnigraph/src/exec/merge.rs	<module>::fn plan_proven_pure_insert_chunks :: error_constructor :: 3b1900a102da0bc471394b5ce0e34fa666b7788efec320fabb14f2b5a77ccaf4 #1	error_constructor	row	row	physical_storage	retain accurate physical/storage terminology	none	omnigraph-engine owning tests plus G2 guard	Reviewed as accurate Lance, Arrow, manifest, recovery, or physical execution terminology.
2	rust_string:crates%2Fomnigraph%2Fsrc%2Fexec%2Fmerge.rs:%3Cmodule%3E%3A%3Afn%20plan_proven_pure_insert_chunks:error_constructor:9b08169b368dcf322453f51842bb3a913af6529abe441d0652f0b004bd04d7da:rows:1:1	rust_string	crates/omnigraph/src/exec/merge.rs	<module>::fn plan_proven_pure_insert_chunks :: error_constructor :: 9b08169b368dcf322453f51842bb3a913af6529abe441d0652f0b004bd04d7da #1	error_constructor	rows	rows	physical_storage	retain accurate physical/storage terminology	none	omnigraph-engine owning tests plus G2 guard	Reviewed as accurate Lance, Arrow, manifest, recovery, or physical execution terminology.
2	rust_string:crates%2Fomnigraph%2Fsrc%2Fexec%2Fmerge.rs:%3Cmodule%3E%3A%3Afn%20proven_insert_chunk_count:error_constructor:058e3fa5702898a87d9fe56a57cc54f20a2b23adea58d1271ed8fd2272a1f040:table:1:1	rust_string	crates/omnigraph/src/exec/merge.rs	<module>::fn proven_insert_chunk_count :: error_constructor :: 058e3fa5702898a87d9fe56a57cc54f20a2b23adea58d1271ed8fd2272a1f040 #1	error_constructor	table	table	physical_storage	retain accurate physical/storage terminology	none	omnigraph-engine owning tests plus G2 guard	Reviewed as accurate Lance, Arrow, manifest, recovery, or physical execution terminology.
2	rust_string:crates%2Fomnigraph%2Fsrc%2Fexec%2Fmerge.rs:%3Cmodule%3E%3A%3Afn%20proven_insert_chunk_count:error_constructor:0fe93a8b4b0cc1e74a81a7b6b4a922904c957d4b3968da3eb72ca41ec3c86663:row:1:1	rust_string	crates/omnigraph/src/exec/merge.rs	<module>::fn proven_insert_chunk_count :: error_constructor :: 0fe93a8b4b0cc1e74a81a7b6b4a922904c957d4b3968da3eb72ca41ec3c86663 #1	error_constructor	row	row	physical_storage	retain accurate physical/storage terminology	none	omnigraph-engine owning tests plus G2 guard	Reviewed as accurate Lance, Arrow, manifest, recovery, or physical execution terminology.
2	rust_string:crates%2Fomnigraph%2Fsrc%2Fexec%2Fmerge.rs:%3Cmodule%3E%3A%3Afn%20proven_insert_chunk_count:error_constructor:78b647b9277836c9bef19b1782cae2187a11a69b73b916f46c79061d24d40c0d:rows:1:1	rust_string	crates/omnigraph/src/exec/merge.rs	<module>::fn proven_insert_chunk_count :: error_constructor :: 78b647b9277836c9bef19b1782cae2187a11a69b73b916f46c79061d24d40c0d #1	error_constructor	rows	rows	physical_storage	retain accurate physical/storage terminology	none	omnigraph-engine owning tests plus G2 guard	Reviewed as accurate Lance, Arrow, manifest, recovery, or physical execution terminology.
2	rust_string:crates%2Fomnigraph%2Fsrc%2Fexec%2Fmerge.rs:%3Cmodule%3E%3A%3Afn%20publish_adopted_delta:error_constructor:9b474e621d7e7219a2557992a9e3c7af9191887c04b8e6bd1b46c744c3d4c111:table:1:1	rust_string	crates/omnigraph/src/exec/merge.rs	<module>::fn publish_adopted_delta :: error_constructor :: 9b474e621d7e7219a2557992a9e3c7af9191887c04b8e6bd1b46c744c3d4c111 #1	error_constructor	table	table	physical_storage	retain accurate physical/storage terminology	none	omnigraph-engine owning tests plus G2 guard	Reviewed as accurate Lance, Arrow, manifest, recovery, or physical execution terminology.
2	rust_string:crates%2Fomnigraph%2Fsrc%2Fexec%2Fmerge.rs:%3Cmodule%3E%3A%3Afn%20publish_adopted_source_state:error_constructor:73a0a0b365eb9ee40935b8a14a06bb1400cf95d6f2b266c46cabdab95a5ada88:table:1:1	rust_string	crates/omnigraph/src/exec/merge.rs	<module>::fn publish_adopted_source_state :: error_constructor :: 73a0a0b365eb9ee40935b8a14a06bb1400cf95d6f2b266c46cabdab95a5ada88 #1	error_constructor	table	table	physical_storage	retain accurate physical/storage terminology	none	omnigraph-engine owning tests plus G2 guard	Reviewed as accurate Lance, Arrow, manifest, recovery, or physical execution terminology.
2	rust_string:crates%2Fomnigraph%2Fsrc%2Fexec%2Fmerge.rs:%3Cmodule%3E%3A%3Afn%20publish_proven_pure_insert_adopt:error_constructor:a6404290b74b3459f2dd500d4280d3a8b338a7b612e4c9d95edafa41967d2c97:table:1:1	rust_string	crates/omnigraph/src/exec/merge.rs	<module>::fn publish_proven_pure_insert_adopt :: error_constructor :: a6404290b74b3459f2dd500d4280d3a8b338a7b612e4c9d95edafa41967d2c97 #1	error_constructor	table	table	physical_storage	retain accurate physical/storage terminology	none	omnigraph-engine owning tests plus G2 guard	Reviewed as accurate Lance, Arrow, manifest, recovery, or physical execution terminology.
2	rust_string:crates%2Fomnigraph%2Fsrc%2Fexec%2Fmerge.rs:%3Cmodule%3E%3A%3Afn%20publish_rewritten_merge_table:error_constructor:9b474e621d7e7219a2557992a9e3c7af9191887c04b8e6bd1b46c744c3d4c111:table:1:1	rust_string	crates/omnigraph/src/exec/merge.rs	<module>::fn publish_rewritten_merge_table :: error_constructor :: 9b474e621d7e7219a2557992a9e3c7af9191887c04b8e6bd1b46c744c3d4c111 #1	error_constructor	table	table	physical_storage	retain accurate physical/storage terminology	none	omnigraph-engine owning tests plus G2 guard	Reviewed as accurate Lance, Arrow, manifest, recovery, or physical execution terminology.
2	rust_string:crates%2Fomnigraph%2Fsrc%2Fexec%2Fmerge.rs:%3Cmodule%3E%3A%3Afn%20row_id_at:error_constructor:545352750f7c19d6ce7490be4494aedd387bf8e9e276127342c03aa3046819d6:column:1:1	rust_string	crates/omnigraph/src/exec/merge.rs	<module>::fn row_id_at :: error_constructor :: 545352750f7c19d6ce7490be4494aedd387bf8e9e276127342c03aa3046819d6 #1	error_constructor	column	column	physical_storage	retain accurate physical/storage terminology	none	omnigraph-engine owning tests plus G2 guard	Reviewed as accurate Lance, Arrow, manifest, recovery, or physical execution terminology.
2	rust_string:crates%2Fomnigraph%2Fsrc%2Fexec%2Fmerge.rs:%3Cmodule%3E%3A%3Afn%20row_id_at:error_constructor:b9c4574dca64216ceafad72e977f3008644b9eea6b6fed96012d4d3c6b3c617f:column:1:1	rust_string	crates/omnigraph/src/exec/merge.rs	<module>::fn row_id_at :: error_constructor :: b9c4574dca64216ceafad72e977f3008644b9eea6b6fed96012d4d3c6b3c617f #1	error_constructor	column	column	physical_storage	retain accurate physical/storage terminology	none	omnigraph-engine owning tests plus G2 guard	Reviewed as accurate Lance, Arrow, manifest, recovery, or physical execution terminology.
2	rust_string:crates%2Fomnigraph%2Fsrc%2Fexec%2Fmerge.rs:%3Cmodule%3E%3A%3Afn%20scan_proven_pure_inserts_for_validation:error_constructor:9742e7cfd1d6554d56d9a8d662017c7af85fa30724909b2f27204fddcf7bdfdd:rows:1:1	rust_string	crates/omnigraph/src/exec/merge.rs	<module>::fn scan_proven_pure_inserts_for_validation :: error_constructor :: 9742e7cfd1d6554d56d9a8d662017c7af85fa30724909b2f27204fddcf7bdfdd #1	error_constructor	rows	rows	physical_storage	retain accurate physical/storage terminology	none	omnigraph-engine owning tests plus G2 guard	Reviewed as accurate Lance, Arrow, manifest, recovery, or physical execution terminology.
2	rust_string:crates%2Fomnigraph%2Fsrc%2Fexec%2Fmerge.rs:%3Cmodule%3E%3A%3Afn%20scan_proven_pure_inserts_for_validation:error_constructor:df1745d81deed2f5c3f4a3f2578ebfe37a10483b0b193ffcf90fc44cf7145554:row:1:1	rust_string	crates/omnigraph/src/exec/merge.rs	<module>::fn scan_proven_pure_inserts_for_validation :: error_constructor :: df1745d81deed2f5c3f4a3f2578ebfe37a10483b0b193ffcf90fc44cf7145554 #1	error_constructor	row	row	physical_storage	retain accurate physical/storage terminology	none	omnigraph-engine owning tests plus G2 guard	Reviewed as accurate Lance, Arrow, manifest, recovery, or physical execution terminology.
2	rust_string:crates%2Fomnigraph%2Fsrc%2Fexec%2Fmerge.rs:%3Cmodule%3E%3A%3Afn%20schema_for_table_key:error_constructor:5fe48c2775ac188cf0af4235c1afb717c57906ed54060f83140e38fe1d6b6c39:table:1:1	rust_string	crates/omnigraph/src/exec/merge.rs	<module>::fn schema_for_table_key :: error_constructor :: 5fe48c2775ac188cf0af4235c1afb717c57906ed54060f83140e38fe1d6b6c39 #1	error_constructor	table	table	physical_storage	retain accurate physical/storage terminology	none	omnigraph-engine owning tests plus G2 guard	Reviewed as accurate Lance, Arrow, manifest, recovery, or physical execution terminology.
2	rust_string:crates%2Fomnigraph%2Fsrc%2Fexec%2Fmerge.rs:%3Cmodule%3E%3A%3Afn%20staged_keyed_chunk_count:error_constructor:26278aeb03a6e6431acf569997cf44e43a67f67e0b5060cd5c354708154bfd47:row:1:1	rust_string	crates/omnigraph/src/exec/merge.rs	<module>::fn staged_keyed_chunk_count :: error_constructor :: 26278aeb03a6e6431acf569997cf44e43a67f67e0b5060cd5c354708154bfd47 #1	error_constructor	row	row	physical_storage	retain accurate physical/storage terminology	none	omnigraph-engine owning tests plus G2 guard	Reviewed as accurate Lance, Arrow, manifest, recovery, or physical execution terminology.
2	rust_string:crates%2Fomnigraph%2Fsrc%2Fexec%2Fmerge.rs:%3Cmodule%3E%3A%3Afn%20staged_keyed_chunk_count:error_constructor:48da34e6240c0003c6d6359327d07fa13dd5622ee546d07557c906bc03907900:rows:1:1	rust_string	crates/omnigraph/src/exec/merge.rs	<module>::fn staged_keyed_chunk_count :: error_constructor :: 48da34e6240c0003c6d6359327d07fa13dd5622ee546d07557c906bc03907900 #1	error_constructor	rows	rows	physical_storage	retain accurate physical/storage terminology	none	omnigraph-engine owning tests plus G2 guard	Reviewed as accurate Lance, Arrow, manifest, recovery, or physical execution terminology.
2	rust_string:crates%2Fomnigraph%2Fsrc%2Fexec%2Fmerge.rs:%3Cmodule%3E%3A%3Afn%20staged_keyed_chunk_count:error_constructor:7e3baf46aadb22c95d1fb42565e4e9afbafa056383fa312f866e7605fef40036:table:1:1	rust_string	crates/omnigraph/src/exec/merge.rs	<module>::fn staged_keyed_chunk_count :: error_constructor :: 7e3baf46aadb22c95d1fb42565e4e9afbafa056383fa312f866e7605fef40036 #1	error_constructor	table	table	physical_storage	retain accurate physical/storage terminology	none	omnigraph-engine owning tests plus G2 guard	Reviewed as accurate Lance, Arrow, manifest, recovery, or physical execution terminology.
2	rust_string:crates%2Fomnigraph%2Fsrc%2Fexec%2Fmerge.rs:%3Cmodule%3E%3A%3Afn%20try_proven_pure_insert_history:error_constructor:7dbe4431d1ec443a78fc77ba1fa0db0307672e9d7ab822340d664e62dc80113f:row:1:1	rust_string	crates/omnigraph/src/exec/merge.rs	<module>::fn try_proven_pure_insert_history :: error_constructor :: 7dbe4431d1ec443a78fc77ba1fa0db0307672e9d7ab822340d664e62dc80113f #1	error_constructor	row	row	physical_storage	retain accurate physical/storage terminology	none	omnigraph-engine owning tests plus G2 guard	Reviewed as accurate Lance, Arrow, manifest, recovery, or physical execution terminology.
2	rust_string:crates%2Fomnigraph%2Fsrc%2Fexec%2Fmerge.rs:%3Cmodule%3E%3A%3Aimpl%20DeleteIdChunks%3A%3Afn%20push_with_bounds:error_constructor:c3d9c1986159578f51a604444a239277a15ba9591ae25a7e8c6016dca0570bd0:row:1:1	rust_string	crates/omnigraph/src/exec/merge.rs	<module>::impl DeleteIdChunks::fn push_with_bounds :: error_constructor :: c3d9c1986159578f51a604444a239277a15ba9591ae25a7e8c6016dca0570bd0 #1	error_constructor	row	row	physical_storage	retain accurate physical/storage terminology	none	omnigraph-engine owning tests plus G2 guard	Reviewed as accurate Lance, Arrow, manifest, recovery, or physical execution terminology.
2	rust_string:crates%2Fomnigraph%2Fsrc%2Fexec%2Fmerge.rs:%3Cmodule%3E%3A%3Aimpl%20Omnigraph%3A%3Afn%20branch_merge_on_current_target:error_constructor:4ea6baf8f26e7d3cb5e2ebb79c03f316b98c8e1f92ed67c405d00defb934909d:table:1:1	rust_string	crates/omnigraph/src/exec/merge.rs	<module>::impl Omnigraph::fn branch_merge_on_current_target :: error_constructor :: 4ea6baf8f26e7d3cb5e2ebb79c03f316b98c8e1f92ed67c405d00defb934909d #1	error_constructor	table	table	physical_storage	retain accurate physical/storage terminology	none	omnigraph-engine owning tests plus G2 guard	Reviewed as accurate Lance, Arrow, manifest, recovery, or physical execution terminology.
2	rust_string:crates%2Fomnigraph%2Fsrc%2Fexec%2Fmerge.rs:%3Cmodule%3E%3A%3Aimpl%20Omnigraph%3A%3Afn%20branch_merge_on_current_target:error_constructor:4ea6baf8f26e7d3cb5e2ebb79c03f316b98c8e1f92ed67c405d00defb934909d:table:2:1	rust_string	crates/omnigraph/src/exec/merge.rs	<module>::impl Omnigraph::fn branch_merge_on_current_target :: error_constructor :: 4ea6baf8f26e7d3cb5e2ebb79c03f316b98c8e1f92ed67c405d00defb934909d #2	error_constructor	table	table	physical_storage	retain accurate physical/storage terminology	none	omnigraph-engine owning tests plus G2 guard	Reviewed as accurate Lance, Arrow, manifest, recovery, or physical execution terminology.
2	rust_string:crates%2Fomnigraph%2Fsrc%2Fexec%2Fmerge.rs:%3Cmodule%3E%3A%3Aimpl%20Omnigraph%3A%3Afn%20branch_merge_on_current_target:error_constructor:b00a91be489e506c6931e28390094445918dce43a9ec03f72b503ca8acf91439:table:1:1	rust_string	crates/omnigraph/src/exec/merge.rs	<module>::impl Omnigraph::fn branch_merge_on_current_target :: error_constructor :: b00a91be489e506c6931e28390094445918dce43a9ec03f72b503ca8acf91439 #1	error_constructor	table	table	physical_storage	retain accurate physical/storage terminology	none	omnigraph-engine owning tests plus G2 guard	Reviewed as accurate Lance, Arrow, manifest, recovery, or physical execution terminology.
2	rust_string:crates%2Fomnigraph%2Fsrc%2Fexec%2Fmerge.rs:%3Cmodule%3E%3A%3Aimpl%20Omnigraph%3A%3Afn%20branch_merge_on_current_target:error_constructor:b5a81bbc1e46c7a5a2abc9569a5d69b8434d788ae9bd293306e54f99bbdbafcc:table:1:1	rust_string	crates/omnigraph/src/exec/merge.rs	<module>::impl Omnigraph::fn branch_merge_on_current_target :: error_constructor :: b5a81bbc1e46c7a5a2abc9569a5d69b8434d788ae9bd293306e54f99bbdbafcc #1	error_constructor	table	table	physical_storage	retain accurate physical/storage terminology	none	omnigraph-engine owning tests plus G2 guard	Reviewed as accurate Lance, Arrow, manifest, recovery, or physical execution terminology.
2	rust_string:crates%2Fomnigraph%2Fsrc%2Fexec%2Fmerge.rs:%3Cmodule%3E%3A%3Aimpl%20Omnigraph%3A%3Afn%20branch_merge_on_current_target:error_constructor:ebc633dc82cadccf45e2d64c10b3f13d88d3c989a8c8eb908e54285e34eeb016:table:1:1	rust_string	crates/omnigraph/src/exec/merge.rs	<module>::impl Omnigraph::fn branch_merge_on_current_target :: error_constructor :: ebc633dc82cadccf45e2d64c10b3f13d88d3c989a8c8eb908e54285e34eeb016 #1	error_constructor	table	table	physical_storage	retain accurate physical/storage terminology	none	omnigraph-engine owning tests plus G2 guard	Reviewed as accurate Lance, Arrow, manifest, recovery, or physical execution terminology.
2	rust_string:crates%2Fomnigraph%2Fsrc%2Fexec%2Fmerge.rs:%3Cmodule%3E%3A%3Aimpl%20Omnigraph%3A%3Afn%20branch_merge_on_current_target:error_constructor:efdc90be8572cd17062038759adfb23ef43fba44eb96274edbb49f591975c41d:table:1:1	rust_string	crates/omnigraph/src/exec/merge.rs	<module>::impl Omnigraph::fn branch_merge_on_current_target :: error_constructor :: efdc90be8572cd17062038759adfb23ef43fba44eb96274edbb49f591975c41d #1	error_constructor	table	table	physical_storage	retain accurate physical/storage terminology	none	omnigraph-engine owning tests plus G2 guard	Reviewed as accurate Lance, Arrow, manifest, recovery, or physical execution terminology.
2	rust_string:crates%2Fomnigraph%2Fsrc%2Fexec%2Fmerge.rs:%3Cmodule%3E%3A%3Aimpl%20OrderedTableCursor%3A%3Afn%20next_row:error_constructor:6403cf67f4599e64b4e0c7c5352c141cff50e6a55751ec201e97876fa5db4599:row:1:1	rust_string	crates/omnigraph/src/exec/merge.rs	<module>::impl OrderedTableCursor::fn next_row :: error_constructor :: 6403cf67f4599e64b4e0c7c5352c141cff50e6a55751ec201e97876fa5db4599 #1	error_constructor	row	row	physical_storage	retain accurate physical/storage terminology	none	omnigraph-engine owning tests plus G2 guard	Reviewed as accurate Lance, Arrow, manifest, recovery, or physical execution terminology.
2	rust_string:crates%2Fomnigraph%2Fsrc%2Fexec%2Fmerge.rs:%3Cmodule%3E%3A%3Aimpl%20StagedTableWriter%3A%3Afn%20push_row:error_constructor:c3731c4fddfaa887e76488c794320ea8d55745d90f1f74383c6ec9a3e4d59c83:row:1:1	rust_string	crates/omnigraph/src/exec/merge.rs	<module>::impl StagedTableWriter::fn push_row :: error_constructor :: c3731c4fddfaa887e76488c794320ea8d55745d90f1f74383c6ec9a3e4d59c83 #1	error_constructor	row	row	physical_storage	retain accurate physical/storage terminology	none	omnigraph-engine owning tests plus G2 guard	Reviewed as accurate Lance, Arrow, manifest, recovery, or physical execution terminology.
2	rust_string:crates%2Fomnigraph%2Fsrc%2Fexec%2Fmerge.rs:%3Cmodule%3E%3A%3Aimpl%20StagedTableWriter%3A%3Afn%20push_row:error_constructor:ff3c8eea4df9274e0ffba7792e91547c5ec983dd9b8fa494c5ab469fb8a68585:row:1:1	rust_string	crates/omnigraph/src/exec/merge.rs	<module>::impl StagedTableWriter::fn push_row :: error_constructor :: ff3c8eea4df9274e0ffba7792e91547c5ec983dd9b8fa494c5ab469fb8a68585 #1	error_constructor	row	row	physical_storage	retain accurate physical/storage terminology	none	omnigraph-engine owning tests plus G2 guard	Reviewed as accurate Lance, Arrow, manifest, recovery, or physical execution terminology.
2	rust_string:crates%2Fomnigraph%2Fsrc%2Fexec%2Fmerge.rs:%3Cmodule%3E%3A%3Aimpl%20StagedTableWriter%3A%3Afn%20push_row:error_constructor:ff3c8eea4df9274e0ffba7792e91547c5ec983dd9b8fa494c5ab469fb8a68585:row:2:1	rust_string	crates/omnigraph/src/exec/merge.rs	<module>::impl StagedTableWriter::fn push_row :: error_constructor :: ff3c8eea4df9274e0ffba7792e91547c5ec983dd9b8fa494c5ab469fb8a68585 #2	error_constructor	row	row	physical_storage	retain accurate physical/storage terminology	none	omnigraph-engine owning tests plus G2 guard	Reviewed as accurate Lance, Arrow, manifest, recovery, or physical execution terminology.
2	rust_string:crates%2Fomnigraph%2Fsrc%2Fexec%2Fmerge.rs:%3Cmodule%3E%3A%3Aimpl%20StagedTableWriter%3A%3Afn%20row_batch:error_constructor:91c61be86dd13db81e547277d537103525805d51baa5e4116b0247c3f529ee81:column:1:1	rust_string	crates/omnigraph/src/exec/merge.rs	<module>::impl StagedTableWriter::fn row_batch :: error_constructor :: 91c61be86dd13db81e547277d537103525805d51baa5e4116b0247c3f529ee81 #1	error_constructor	column	column	physical_storage	retain accurate physical/storage terminology	none	omnigraph-engine owning tests plus G2 guard	Reviewed as accurate Lance, Arrow, manifest, recovery, or physical execution terminology.
2	rust_string:crates%2Fomnigraph%2Fsrc%2Fexec%2Fmutation.rs:%3Cmodule%3E%3A%3Afn%20apply_assignments:error_constructor:51936f3ea86722de325891e1dc7df9c1f9572acd032c37ff5158d3b171f58d21:column:1:1	rust_string	crates/omnigraph/src/exec/mutation.rs	<module>::fn apply_assignments :: error_constructor :: 51936f3ea86722de325891e1dc7df9c1f9572acd032c37ff5158d3b171f58d21 #1	error_constructor	column	column	physical_storage	retain accurate physical/storage terminology	none	omnigraph-engine owning tests plus G2 guard	Reviewed as accurate Lance, Arrow, manifest, recovery, or physical execution terminology.
2	rust_string:crates%2Fomnigraph%2Fsrc%2Fexec%2Fmutation.rs:%3Cmodule%3E%3A%3Afn%20apply_assignments:error_constructor:aec42993d4d0906fbcb2555f57f4c844c87d8fa87914af3ed7fbedad33c0fe23:column:1:1	rust_string	crates/omnigraph/src/exec/mutation.rs	<module>::fn apply_assignments :: error_constructor :: aec42993d4d0906fbcb2555f57f4c844c87d8fa87914af3ed7fbedad33c0fe23 #1	error_constructor	column	column	physical_storage	retain accurate physical/storage terminology	none	omnigraph-engine owning tests plus G2 guard	Reviewed as accurate Lance, Arrow, manifest, recovery, or physical execution terminology.
2	rust_string:crates%2Fomnigraph%2Fsrc%2Fexec%2Fmutation.rs:%3Cmodule%3E%3A%3Aimpl%20Omnigraph%3A%3Afn%20mutate_as_with_expected_head:rustdoc:d01a7012caabb24d25a58eb33ccf39dbdc0248a4b7870c2cfab98ab455e8c6d6:table:1:1	rust_string	crates/omnigraph/src/exec/mutation.rs	<module>::impl Omnigraph::fn mutate_as_with_expected_head :: rustdoc :: d01a7012caabb24d25a58eb33ccf39dbdc0248a4b7870c2cfab98ab455e8c6d6 #1	rustdoc	table	table	physical_storage	retain accurate physical/storage terminology	none	omnigraph-engine owning tests plus G2 guard	Reviewed as accurate Lance, Arrow, manifest, recovery, or physical execution terminology.
2	rust_string:crates%2Fomnigraph%2Fsrc%2Fexec%2Fprojection.rs:%3Cmodule%3E%3A%3Afn%20apply_ordering:error_constructor:b74ed6e223f7e8e2b77fe7604c0bbba5b9de167be20426c88d4348d38916c036:column:1:1	rust_string	crates/omnigraph/src/exec/projection.rs	<module>::fn apply_ordering :: error_constructor :: b74ed6e223f7e8e2b77fe7604c0bbba5b9de167be20426c88d4348d38916c036 #1	error_constructor	column	column	result_projection	retain query/result projection terminology	none	omnigraph-engine owning tests plus G2 guard	Rows or columns here are query/export/renderer result projections, not graph entities or properties.
2	rust_string:crates%2Fomnigraph%2Fsrc%2Fexec%2Fprojection.rs:%3Cmodule%3E%3A%3Afn%20evaluate_expr:error_constructor:b27975a74c4d6fcffad6bdd8e5e7cd035412fe27e5d83f68f645d50ec916336f:column:1:1	rust_string	crates/omnigraph/src/exec/projection.rs	<module>::fn evaluate_expr :: error_constructor :: b27975a74c4d6fcffad6bdd8e5e7cd035412fe27e5d83f68f645d50ec916336f #1	error_constructor	column	column	result_projection	retain query/result projection terminology	none	omnigraph-engine owning tests plus G2 guard	Rows or columns here are query/export/renderer result projections, not graph entities or properties.
2	rust_string:crates%2Fomnigraph%2Fsrc%2Fexec%2Fprojection.rs:%3Cmodule%3E%3A%3Afn%20evaluate_projection:error_constructor:b27975a74c4d6fcffad6bdd8e5e7cd035412fe27e5d83f68f645d50ec916336f:column:1:1	rust_string	crates/omnigraph/src/exec/projection.rs	<module>::fn evaluate_projection :: error_constructor :: b27975a74c4d6fcffad6bdd8e5e7cd035412fe27e5d83f68f645d50ec916336f #1	error_constructor	column	column	result_projection	retain query/result projection terminology	none	omnigraph-engine owning tests plus G2 guard	Rows or columns here are query/export/renderer result projections, not graph entities or properties.
2	rust_string:crates%2Fomnigraph%2Fsrc%2Fexec%2Fprojection.rs:%3Cmodule%3E%3A%3Afn%20evaluate_projection:error_constructor:b27975a74c4d6fcffad6bdd8e5e7cd035412fe27e5d83f68f645d50ec916336f:column:2:1	rust_string	crates/omnigraph/src/exec/projection.rs	<module>::fn evaluate_projection :: error_constructor :: b27975a74c4d6fcffad6bdd8e5e7cd035412fe27e5d83f68f645d50ec916336f #2	error_constructor	column	column	result_projection	retain query/result projection terminology	none	omnigraph-engine owning tests plus G2 guard	Rows or columns here are query/export/renderer result projections, not graph entities or properties.
2	rust_string:crates%2Fomnigraph%2Fsrc%2Fexec%2Fquery.rs:%3Cmodule%3E%3A%3Afn%20execute_anti_join:error_constructor:d1984b1c0ef25d8f1e06db93d52f0b46054b6d84faec21012c31c7ef9df565e7:column:1:1	rust_string	crates/omnigraph/src/exec/query.rs	<module>::fn execute_anti_join :: error_constructor :: d1984b1c0ef25d8f1e06db93d52f0b46054b6d84faec21012c31c7ef9df565e7 #1	error_constructor	column	column	physical_storage	retain accurate physical/storage terminology	none	omnigraph-engine owning tests plus G2 guard	Reviewed as accurate Lance, Arrow, manifest, recovery, or physical execution terminology.
2	rust_string:crates%2Fomnigraph%2Fsrc%2Fexec%2Fquery.rs:%3Cmodule%3E%3A%3Afn%20execute_anti_join:error_constructor:ef8ecbc8a17c62603017501ffb56caff02b86ae89f9577b5f6aed335ba054d4a:column:1:1	rust_string	crates/omnigraph/src/exec/query.rs	<module>::fn execute_anti_join :: error_constructor :: ef8ecbc8a17c62603017501ffb56caff02b86ae89f9577b5f6aed335ba054d4a #1	error_constructor	column	column	physical_storage	retain accurate physical/storage terminology	none	omnigraph-engine owning tests plus G2 guard	Reviewed as accurate Lance, Arrow, manifest, recovery, or physical execution terminology.
2	rust_string:crates%2Fomnigraph%2Fsrc%2Fexec%2Fquery.rs:%3Cmodule%3E%3A%3Afn%20execute_expand_bound:error_constructor:b311ef96bd1c02668b1c45efb011865a213c645fcba8d1ad14f26e77a915d63d:column:1:1	rust_string	crates/omnigraph/src/exec/query.rs	<module>::fn execute_expand_bound :: error_constructor :: b311ef96bd1c02668b1c45efb011865a213c645fcba8d1ad14f26e77a915d63d #1	error_constructor	column	column	physical_storage	retain accurate physical/storage terminology	none	omnigraph-engine owning tests plus G2 guard	Reviewed as accurate Lance, Arrow, manifest, recovery, or physical execution terminology.
2	rust_string:crates%2Fomnigraph%2Fsrc%2Fexec%2Fquery.rs:%3Cmodule%3E%3A%3Afn%20execute_expand_bound:error_constructor:c699e39489f943e56468c2ef47d911babff346705598ef0a9277f400b1aa8390:column:1:1	rust_string	crates/omnigraph/src/exec/query.rs	<module>::fn execute_expand_bound :: error_constructor :: c699e39489f943e56468c2ef47d911babff346705598ef0a9277f400b1aa8390 #1	error_constructor	column	column	physical_storage	retain accurate physical/storage terminology	none	omnigraph-engine owning tests plus G2 guard	Reviewed as accurate Lance, Arrow, manifest, recovery, or physical execution terminology.
2	rust_string:crates%2Fomnigraph%2Fsrc%2Fexec%2Fquery.rs:%3Cmodule%3E%3A%3Afn%20execute_expand_csr:error_constructor:b311ef96bd1c02668b1c45efb011865a213c645fcba8d1ad14f26e77a915d63d:column:1:1	rust_string	crates/omnigraph/src/exec/query.rs	<module>::fn execute_expand_csr :: error_constructor :: b311ef96bd1c02668b1c45efb011865a213c645fcba8d1ad14f26e77a915d63d #1	error_constructor	column	column	physical_storage	retain accurate physical/storage terminology	none	omnigraph-engine owning tests plus G2 guard	Reviewed as accurate Lance, Arrow, manifest, recovery, or physical execution terminology.
2	rust_string:crates%2Fomnigraph%2Fsrc%2Fexec%2Fquery.rs:%3Cmodule%3E%3A%3Afn%20execute_expand_csr:error_constructor:c699e39489f943e56468c2ef47d911babff346705598ef0a9277f400b1aa8390:column:1:1	rust_string	crates/omnigraph/src/exec/query.rs	<module>::fn execute_expand_csr :: error_constructor :: c699e39489f943e56468c2ef47d911babff346705598ef0a9277f400b1aa8390 #1	error_constructor	column	column	physical_storage	retain accurate physical/storage terminology	none	omnigraph-engine owning tests plus G2 guard	Reviewed as accurate Lance, Arrow, manifest, recovery, or physical execution terminology.
2	rust_string:crates%2Fomnigraph%2Fsrc%2Fexec%2Fquery.rs:%3Cmodule%3E%3A%3Afn%20execute_expand_indexed:error_constructor:b311ef96bd1c02668b1c45efb011865a213c645fcba8d1ad14f26e77a915d63d:column:1:1	rust_string	crates/omnigraph/src/exec/query.rs	<module>::fn execute_expand_indexed :: error_constructor :: b311ef96bd1c02668b1c45efb011865a213c645fcba8d1ad14f26e77a915d63d #1	error_constructor	column	column	physical_storage	retain accurate physical/storage terminology	none	omnigraph-engine owning tests plus G2 guard	Reviewed as accurate Lance, Arrow, manifest, recovery, or physical execution terminology.
2	rust_string:crates%2Fomnigraph%2Fsrc%2Fexec%2Fquery.rs:%3Cmodule%3E%3A%3Afn%20execute_expand_indexed:error_constructor:c699e39489f943e56468c2ef47d911babff346705598ef0a9277f400b1aa8390:column:1:1	rust_string	crates/omnigraph/src/exec/query.rs	<module>::fn execute_expand_indexed :: error_constructor :: c699e39489f943e56468c2ef47d911babff346705598ef0a9277f400b1aa8390 #1	error_constructor	column	column	physical_storage	retain accurate physical/storage terminology	none	omnigraph-engine owning tests plus G2 guard	Reviewed as accurate Lance, Arrow, manifest, recovery, or physical execution terminology.
2	rust_string:crates%2Fomnigraph%2Fsrc%2Fexec%2Fquery.rs:%3Cmodule%3E%3A%3Afn%20execute_node_scan:error_constructor:317fc8a95624a6901f5ee76d73f720208f90ef21d9b23f9f00962cb32d0fc4d2:column:1:1	rust_string	crates/omnigraph/src/exec/query.rs	<module>::fn execute_node_scan :: error_constructor :: 317fc8a95624a6901f5ee76d73f720208f90ef21d9b23f9f00962cb32d0fc4d2 #1	error_constructor	column	column	physical_storage	retain accurate physical/storage terminology	none	omnigraph-engine owning tests plus G2 guard	Reviewed as accurate Lance, Arrow, manifest, recovery, or physical execution terminology.
2	rust_string:crates%2Fomnigraph%2Fsrc%2Fexec%2Fquery.rs:%3Cmodule%3E%3A%3Afn%20expand_hydrate_and_align:error_constructor:26676429e7430406f2c657ce9adfb00806dc6a164eee256e4e2c7a9f0b7a340d:column:1:1	rust_string	crates/omnigraph/src/exec/query.rs	<module>::fn expand_hydrate_and_align :: error_constructor :: 26676429e7430406f2c657ce9adfb00806dc6a164eee256e4e2c7a9f0b7a340d #1	error_constructor	column	column	physical_storage	retain accurate physical/storage terminology	none	omnigraph-engine owning tests plus G2 guard	Reviewed as accurate Lance, Arrow, manifest, recovery, or physical execution terminology.
2	rust_string:crates%2Fomnigraph%2Fsrc%2Fexec%2Fquery.rs:%3Cmodule%3E%3A%3Afn%20expand_hydrate_and_align:error_constructor:3423d068a29a667bd49a640def0fd5a0d1e8a8f6d1de46eff395f75ebc8c931d:column:1:1	rust_string	crates/omnigraph/src/exec/query.rs	<module>::fn expand_hydrate_and_align :: error_constructor :: 3423d068a29a667bd49a640def0fd5a0d1e8a8f6d1de46eff395f75ebc8c931d #1	error_constructor	column	column	physical_storage	retain accurate physical/storage terminology	none	omnigraph-engine owning tests plus G2 guard	Reviewed as accurate Lance, Arrow, manifest, recovery, or physical execution terminology.
2	rust_string:crates%2Fomnigraph%2Fsrc%2Fexec%2Fquery.rs:%3Cmodule%3E%3A%3Afn%20extract_id_column_by_name:error_constructor:57cb0c56c3d4d2c2d0ca242c87ac632bf6a2592bf29fbfdca6378685820c7d25:column:1:1	rust_string	crates/omnigraph/src/exec/query.rs	<module>::fn extract_id_column_by_name :: error_constructor :: 57cb0c56c3d4d2c2d0ca242c87ac632bf6a2592bf29fbfdca6378685820c7d25 #1	error_constructor	column	column	physical_storage	retain accurate physical/storage terminology	none	omnigraph-engine owning tests plus G2 guard	Reviewed as accurate Lance, Arrow, manifest, recovery, or physical execution terminology.
2	rust_string:crates%2Fomnigraph%2Fsrc%2Fexec%2Fquery.rs:%3Cmodule%3E%3A%3Afn%20extract_id_column_by_name:error_constructor:c699e39489f943e56468c2ef47d911babff346705598ef0a9277f400b1aa8390:column:1:1	rust_string	crates/omnigraph/src/exec/query.rs	<module>::fn extract_id_column_by_name :: error_constructor :: c699e39489f943e56468c2ef47d911babff346705598ef0a9277f400b1aa8390 #1	error_constructor	column	column	physical_storage	retain accurate physical/storage terminology	none	omnigraph-engine owning tests plus G2 guard	Reviewed as accurate Lance, Arrow, manifest, recovery, or physical execution terminology.
2	rust_string:crates%2Fomnigraph%2Fsrc%2Fexec%2Fquery.rs:%3Cmodule%3E%3A%3Aimpl%20Omnigraph%3A%3Afn%20query_with_head:rustdoc:3716912736527ff6b13fd2efa479da5c8d430a409fff28c90d1c4db792f05cbf:row:1:1	rust_string	crates/omnigraph/src/exec/query.rs	<module>::impl Omnigraph::fn query_with_head :: rustdoc :: 3716912736527ff6b13fd2efa479da5c8d430a409fff28c90d1c4db792f05cbf #1	rustdoc	row	row	physical_storage	retain accurate physical/storage terminology	none	omnigraph-engine owning tests plus G2 guard	Reviewed as accurate Lance, Arrow, manifest, recovery, or physical execution terminology.
2	rust_string:crates%2Fomnigraph%2Fsrc%2Fexec%2Fquery.rs:%3Cmodule%3E%3A%3Aimpl%20Omnigraph%3A%3Afn%20query_with_head:rustdoc:ba8d1799d11213209cb8fd097ceb0edbc9f7a5e935f000df29fa3629f50fcc87:table:1:1	rust_string	crates/omnigraph/src/exec/query.rs	<module>::impl Omnigraph::fn query_with_head :: rustdoc :: ba8d1799d11213209cb8fd097ceb0edbc9f7a5e935f000df29fa3629f50fcc87 #1	rustdoc	table	table	physical_storage	retain accurate physical/storage terminology	none	omnigraph-engine owning tests plus G2 guard	Reviewed as accurate Lance, Arrow, manifest, recovery, or physical execution terminology.
2	rust_string:crates%2Fomnigraph%2Fsrc%2Fexec%2Fquery.rs:%3Cmodule%3E%3A%3Aimpl%20Omnigraph%3A%3Afn%20run_query_at:rustdoc:a54df2f5eb87bcc1a5968f894d420dd5f48378baaaf7b2cb15b2f1c66698f332:manifest%20version:1:1	rust_string	crates/omnigraph/src/exec/query.rs	<module>::impl Omnigraph::fn run_query_at :: rustdoc :: a54df2f5eb87bcc1a5968f894d420dd5f48378baaaf7b2cb15b2f1c66698f332 #1	rustdoc	manifest version	manifest version	physical_storage	reviewed_semantic_reclassification	presentation	omnigraph-engine owning tests plus G2 guard	Reviewed corrected wording at a stable boundary that previously contained legacy graph vocabulary.
2	rust_string:crates%2Fomnigraph%2Fsrc%2Fexec%2Fstaging.rs:%3Cmodule%3E%3A%3Afn%20dedupe_merge_batches_by_id:error_constructor:0f1d05fe4b932cf499809197f86f10293b2c64a281858df0dd6b3300413e58fc:column:1:1	rust_string	crates/omnigraph/src/exec/staging.rs	<module>::fn dedupe_merge_batches_by_id :: error_constructor :: 0f1d05fe4b932cf499809197f86f10293b2c64a281858df0dd6b3300413e58fc #1	error_constructor	column	column	physical_storage	retain accurate physical/storage terminology	none	omnigraph-engine owning tests plus G2 guard	Reviewed as accurate Lance, Arrow, manifest, recovery, or physical execution terminology.
2	rust_string:crates%2Fomnigraph%2Fsrc%2Fexec%2Fstaging.rs:%3Cmodule%3E%3A%3Afn%20dedupe_merge_batches_by_id:error_constructor:16980527b8581d1bef145b23df715cfe8bc43ee5ce8afd4005137d03f9cd9c60:rows:1:1	rust_string	crates/omnigraph/src/exec/staging.rs	<module>::fn dedupe_merge_batches_by_id :: error_constructor :: 16980527b8581d1bef145b23df715cfe8bc43ee5ce8afd4005137d03f9cd9c60 #1	error_constructor	rows	rows	physical_storage	retain accurate physical/storage terminology	none	omnigraph-engine owning tests plus G2 guard	Reviewed as accurate Lance, Arrow, manifest, recovery, or physical execution terminology.
2	rust_string:crates%2Fomnigraph%2Fsrc%2Fexec%2Fstaging.rs:%3Cmodule%3E%3A%3Afn%20dedupe_merge_batches_by_id:error_constructor:2e3aa81b09045139d58d305c4f03c689f79c93f127733dfc3b86c243a31e7efe:column:1:1	rust_string	crates/omnigraph/src/exec/staging.rs	<module>::fn dedupe_merge_batches_by_id :: error_constructor :: 2e3aa81b09045139d58d305c4f03c689f79c93f127733dfc3b86c243a31e7efe #1	error_constructor	column	column	physical_storage	retain accurate physical/storage terminology	none	omnigraph-engine owning tests plus G2 guard	Reviewed as accurate Lance, Arrow, manifest, recovery, or physical execution terminology.
2	rust_string:crates%2Fomnigraph%2Fsrc%2Fexec%2Fstaging.rs:%3Cmodule%3E%3A%3Afn%20prepare_pending_table:error_constructor:25c1746e09d7f38d0bccc4dfc0ef4a749cf5f65ad0eedf54968f70a730aa4b21:table:1:1	rust_string	crates/omnigraph/src/exec/staging.rs	<module>::fn prepare_pending_table :: error_constructor :: 25c1746e09d7f38d0bccc4dfc0ef4a749cf5f65ad0eedf54968f70a730aa4b21 #1	error_constructor	table	table	physical_storage	retain accurate physical/storage terminology	none	omnigraph-engine owning tests plus G2 guard	Reviewed as accurate Lance, Arrow, manifest, recovery, or physical execution terminology.
2	rust_string:crates%2Fomnigraph%2Fsrc%2Fexec%2Fstaging.rs:%3Cmodule%3E%3A%3Afn%20prepare_pending_table:error_constructor:5ee946fe0aefba97f078062aaa92fdeba57182de160b9cf9ed57a1581a175b7c:row:1:1	rust_string	crates/omnigraph/src/exec/staging.rs	<module>::fn prepare_pending_table :: error_constructor :: 5ee946fe0aefba97f078062aaa92fdeba57182de160b9cf9ed57a1581a175b7c #1	error_constructor	row	row	physical_storage	retain accurate physical/storage terminology	none	omnigraph-engine owning tests plus G2 guard	Reviewed as accurate Lance, Arrow, manifest, recovery, or physical execution terminology.
2	rust_string:crates%2Fomnigraph%2Fsrc%2Fexec%2Fstaging.rs:%3Cmodule%3E%3A%3Afn%20prepare_pending_table:error_constructor:cfe47f05b22b782bf0662ff9f6a37eecbadea418d1ea02d76e68cfeadf8a8248:rows:1:1	rust_string	crates/omnigraph/src/exec/staging.rs	<module>::fn prepare_pending_table :: error_constructor :: cfe47f05b22b782bf0662ff9f6a37eecbadea418d1ea02d76e68cfeadf8a8248 #1	error_constructor	rows	rows	physical_storage	retain accurate physical/storage terminology	none	omnigraph-engine owning tests plus G2 guard	Reviewed as accurate Lance, Arrow, manifest, recovery, or physical execution terminology.
2	rust_string:crates%2Fomnigraph%2Fsrc%2Fexec%2Fstaging.rs:%3Cmodule%3E%3A%3Afn%20stage_deferred_plan:error_constructor:3fa82cc44aee99b306f0709fa7f4a65ce6fe1621cfe91e10d1a058d27d62473e:row:1:1	rust_string	crates/omnigraph/src/exec/staging.rs	<module>::fn stage_deferred_plan :: error_constructor :: 3fa82cc44aee99b306f0709fa7f4a65ce6fe1621cfe91e10d1a058d27d62473e #1	error_constructor	row	row	physical_storage	retain accurate physical/storage terminology	none	omnigraph-engine owning tests plus G2 guard	Reviewed as accurate Lance, Arrow, manifest, recovery, or physical execution terminology.
2	rust_string:crates%2Fomnigraph%2Fsrc%2Fexec%2Fstaging.rs:%3Cmodule%3E%3A%3Afn%20stage_deferred_plan:error_constructor:7c45eb604748a80ef5da3d4e92a575d07d40037cd1edd97f1276f7e9e6bf78b2:row:1:1	rust_string	crates/omnigraph/src/exec/staging.rs	<module>::fn stage_deferred_plan :: error_constructor :: 7c45eb604748a80ef5da3d4e92a575d07d40037cd1edd97f1276f7e9e6bf78b2 #1	error_constructor	row	row	physical_storage	retain accurate physical/storage terminology	none	omnigraph-engine owning tests plus G2 guard	Reviewed as accurate Lance, Arrow, manifest, recovery, or physical execution terminology.
2	rust_string:crates%2Fomnigraph%2Fsrc%2Fexec%2Fstaging.rs:%3Cmodule%3E%3A%3Aimpl%20MutationStaging%3A%3Afn%20append_batch:error_constructor:2d675701790a23b6b045b4f7235ce76bea3595e4e1627cb162cf76626c386a88:table:1:1	rust_string	crates/omnigraph/src/exec/staging.rs	<module>::impl MutationStaging::fn append_batch :: error_constructor :: 2d675701790a23b6b045b4f7235ce76bea3595e4e1627cb162cf76626c386a88 #1	error_constructor	table	table	physical_storage	retain accurate physical/storage terminology	none	omnigraph-engine owning tests plus G2 guard	Reviewed as accurate Lance, Arrow, manifest, recovery, or physical execution terminology.
2	rust_string:crates%2Fomnigraph%2Fsrc%2Fexec%2Fstaging.rs:%3Cmodule%3E%3A%3Aimpl%20MutationStaging%3A%3Afn%20append_batch:error_constructor:d082fe8977455582136a04f42819c887aee8af62bbde1b272475e6a637c34348:row:1:1	rust_string	crates/omnigraph/src/exec/staging.rs	<module>::impl MutationStaging::fn append_batch :: error_constructor :: d082fe8977455582136a04f42819c887aee8af62bbde1b272475e6a637c34348 #1	error_constructor	row	row	physical_storage	retain accurate physical/storage terminology	none	omnigraph-engine owning tests plus G2 guard	Reviewed as accurate Lance, Arrow, manifest, recovery, or physical execution terminology.
2	rust_string:crates%2Fomnigraph%2Fsrc%2Fexec%2Fstaging.rs:%3Cmodule%3E%3A%3Aimpl%20MutationStaging%3A%3Afn%20append_batch:error_constructor:df78140d1bf2c8a199c3b3af70ac9658b4e6e3bc31bf1adc64e12ffdee14b58c:columns:1:1	rust_string	crates/omnigraph/src/exec/staging.rs	<module>::impl MutationStaging::fn append_batch :: error_constructor :: df78140d1bf2c8a199c3b3af70ac9658b4e6e3bc31bf1adc64e12ffdee14b58c #1	error_constructor	columns	columns	physical_storage	retain accurate physical/storage terminology	none	omnigraph-engine owning tests plus G2 guard	Reviewed as accurate Lance, Arrow, manifest, recovery, or physical execution terminology.
2	rust_string:crates%2Fomnigraph%2Fsrc%2Fexec%2Fstaging.rs:%3Cmodule%3E%3A%3Aimpl%20MutationStaging%3A%3Afn%20append_batch:error_constructor:df78140d1bf2c8a199c3b3af70ac9658b4e6e3bc31bf1adc64e12ffdee14b58c:columns:1:2	rust_string	crates/omnigraph/src/exec/staging.rs	<module>::impl MutationStaging::fn append_batch :: error_constructor :: df78140d1bf2c8a199c3b3af70ac9658b4e6e3bc31bf1adc64e12ffdee14b58c #1	error_constructor	columns	columns	physical_storage	retain accurate physical/storage terminology	none	omnigraph-engine owning tests plus G2 guard	Reviewed as accurate Lance, Arrow, manifest, recovery, or physical execution terminology.
2	rust_string:crates%2Fomnigraph%2Fsrc%2Fexec%2Fstaging.rs:%3Cmodule%3E%3A%3Aimpl%20MutationStaging%3A%3Afn%20append_batch:error_constructor:df78140d1bf2c8a199c3b3af70ac9658b4e6e3bc31bf1adc64e12ffdee14b58c:table:1:1	rust_string	crates/omnigraph/src/exec/staging.rs	<module>::impl MutationStaging::fn append_batch :: error_constructor :: df78140d1bf2c8a199c3b3af70ac9658b4e6e3bc31bf1adc64e12ffdee14b58c #1	error_constructor	table	table	physical_storage	retain accurate physical/storage terminology	none	omnigraph-engine owning tests plus G2 guard	Reviewed as accurate Lance, Arrow, manifest, recovery, or physical execution terminology.
2	rust_string:crates%2Fomnigraph%2Fsrc%2Fexec%2Fstaging.rs:%3Cmodule%3E%3A%3Aimpl%20MutationStaging%3A%3Afn%20append_batch:error_constructor:df78140d1bf2c8a199c3b3af70ac9658b4e6e3bc31bf1adc64e12ffdee14b58c:table:1:2	rust_string	crates/omnigraph/src/exec/staging.rs	<module>::impl MutationStaging::fn append_batch :: error_constructor :: df78140d1bf2c8a199c3b3af70ac9658b4e6e3bc31bf1adc64e12ffdee14b58c #1	error_constructor	table	table	physical_storage	retain accurate physical/storage terminology	none	omnigraph-engine owning tests plus G2 guard	Reviewed as accurate Lance, Arrow, manifest, recovery, or physical execution terminology.
2	rust_string:crates%2Fomnigraph%2Fsrc%2Fexec%2Fstaging.rs:%3Cmodule%3E%3A%3Aimpl%20MutationStaging%3A%3Afn%20pending_resource_usage:error_constructor:d6865942a3e91cf0ce165e98f9924f762eac55cb6dd2b66a1f8251aaefef6e2d:row:1:1	rust_string	crates/omnigraph/src/exec/staging.rs	<module>::impl MutationStaging::fn pending_resource_usage :: error_constructor :: d6865942a3e91cf0ce165e98f9924f762eac55cb6dd2b66a1f8251aaefef6e2d #1	error_constructor	row	row	physical_storage	retain accurate physical/storage terminology	none	omnigraph-engine owning tests plus G2 guard	Reviewed as accurate Lance, Arrow, manifest, recovery, or physical execution terminology.
2	rust_string:crates%2Fomnigraph%2Fsrc%2Fexec%2Fstaging.rs:%3Cmodule%3E%3A%3Aimpl%20MutationStaging%3A%3Afn%20stage_all_with_concurrency:error_constructor:2c3c16866e7671fd2b9bb2ef10c8ee07dc204b7f29bb13388b0e4c131ca5dfed:table:1:1	rust_string	crates/omnigraph/src/exec/staging.rs	<module>::impl MutationStaging::fn stage_all_with_concurrency :: error_constructor :: 2c3c16866e7671fd2b9bb2ef10c8ee07dc204b7f29bb13388b0e4c131ca5dfed #1	error_constructor	table	table	physical_storage	retain accurate physical/storage terminology	none	omnigraph-engine owning tests plus G2 guard	Reviewed as accurate Lance, Arrow, manifest, recovery, or physical execution terminology.
2	rust_string:crates%2Fomnigraph%2Fsrc%2Fexec%2Fstaging.rs:%3Cmodule%3E%3A%3Aimpl%20MutationStaging%3A%3Afn%20stage_all_with_concurrency:error_constructor:5c0f65985bbec062bf21f140ebe074f8bda7a7e70156e83af743e69cbd82e404:table:1:1	rust_string	crates/omnigraph/src/exec/staging.rs	<module>::impl MutationStaging::fn stage_all_with_concurrency :: error_constructor :: 5c0f65985bbec062bf21f140ebe074f8bda7a7e70156e83af743e69cbd82e404 #1	error_constructor	table	table	physical_storage	retain accurate physical/storage terminology	none	omnigraph-engine owning tests plus G2 guard	Reviewed as accurate Lance, Arrow, manifest, recovery, or physical execution terminology.
2	rust_string:crates%2Fomnigraph%2Fsrc%2Fexec%2Fstaging.rs:%3Cmodule%3E%3A%3Aimpl%20MutationStaging%3A%3Afn%20stage_all_with_concurrency:error_constructor:c50b91c8cdf0072fb102fb4e8ec36087efd9a8050e3d8145e83268feacecf6bd:table:1:1	rust_string	crates/omnigraph/src/exec/staging.rs	<module>::impl MutationStaging::fn stage_all_with_concurrency :: error_constructor :: c50b91c8cdf0072fb102fb4e8ec36087efd9a8050e3d8145e83268feacecf6bd #1	error_constructor	table	table	physical_storage	retain accurate physical/storage terminology	none	omnigraph-engine owning tests plus G2 guard	Reviewed as accurate Lance, Arrow, manifest, recovery, or physical execution terminology.
2	rust_string:crates%2Fomnigraph%2Fsrc%2Fexec%2Fstaging.rs:%3Cmodule%3E%3A%3Aimpl%20MutationStaging%3A%3Afn%20stage_all_with_concurrency:error_constructor:c810983c5e33406f02e1925d786e6bcb245c43767a75eaa856f22abbfcbadb27:table:1:1	rust_string	crates/omnigraph/src/exec/staging.rs	<module>::impl MutationStaging::fn stage_all_with_concurrency :: error_constructor :: c810983c5e33406f02e1925d786e6bcb245c43767a75eaa856f22abbfcbadb27 #1	error_constructor	table	table	physical_storage	retain accurate physical/storage terminology	none	omnigraph-engine owning tests plus G2 guard	Reviewed as accurate Lance, Arrow, manifest, recovery, or physical execution terminology.
2	rust_string:crates%2Fomnigraph%2Fsrc%2Fexec%2Fstaging.rs:%3Cmodule%3E%3A%3Aimpl%20StagedMutation%3A%3Afn%20commit_all:error_constructor:3208ae4ef1f24f9c860ef86308bd051456561fbc489c34fed1b62ad7dd1da326:table:1:1	rust_string	crates/omnigraph/src/exec/staging.rs	<module>::impl StagedMutation::fn commit_all :: error_constructor :: 3208ae4ef1f24f9c860ef86308bd051456561fbc489c34fed1b62ad7dd1da326 #1	error_constructor	table	table	physical_storage	retain accurate physical/storage terminology	none	omnigraph-engine owning tests plus G2 guard	Reviewed as accurate Lance, Arrow, manifest, recovery, or physical execution terminology.
2	rust_string:crates%2Fomnigraph%2Fsrc%2Fexec%2Fstaging.rs:%3Cmodule%3E%3A%3Aimpl%20StagedMutation%3A%3Afn%20commit_all:error_constructor:3304790b888e75cd2ded25bc18bcd0c061d1b7fa851f7754a9be5f1f52a23304:table:1:1	rust_string	crates/omnigraph/src/exec/staging.rs	<module>::impl StagedMutation::fn commit_all :: error_constructor :: 3304790b888e75cd2ded25bc18bcd0c061d1b7fa851f7754a9be5f1f52a23304 #1	error_constructor	table	table	physical_storage	retain accurate physical/storage terminology	none	omnigraph-engine owning tests plus G2 guard	Reviewed as accurate Lance, Arrow, manifest, recovery, or physical execution terminology.
2	rust_string:crates%2Fomnigraph%2Fsrc%2Fexec%2Fstaging.rs:%3Cmodule%3E%3A%3Aimpl%20StagedMutation%3A%3Afn%20commit_all:error_constructor:334ae49540bd4dac9737268ea351fb87f0f54324abe76107f0f521290bf71aa0:table:1:1	rust_string	crates/omnigraph/src/exec/staging.rs	<module>::impl StagedMutation::fn commit_all :: error_constructor :: 334ae49540bd4dac9737268ea351fb87f0f54324abe76107f0f521290bf71aa0 #1	error_constructor	table	table	physical_storage	retain accurate physical/storage terminology	none	omnigraph-engine owning tests plus G2 guard	Reviewed as accurate Lance, Arrow, manifest, recovery, or physical execution terminology.
2	rust_string:crates%2Fomnigraph%2Fsrc%2Fexec%2Fstaging.rs:%3Cmodule%3E%3A%3Aimpl%20StagedMutation%3A%3Afn%20commit_all:error_constructor:5df6278854fd9c1b682b4586e9020c30774272019650a2743cfed209319ca2a8:table:1:1	rust_string	crates/omnigraph/src/exec/staging.rs	<module>::impl StagedMutation::fn commit_all :: error_constructor :: 5df6278854fd9c1b682b4586e9020c30774272019650a2743cfed209319ca2a8 #1	error_constructor	table	table	physical_storage	retain accurate physical/storage terminology	none	omnigraph-engine owning tests plus G2 guard	Reviewed as accurate Lance, Arrow, manifest, recovery, or physical execution terminology.
2	rust_string:crates%2Fomnigraph%2Fsrc%2Fexec%2Fstaging.rs:%3Cmodule%3E%3A%3Aimpl%20StagedMutation%3A%3Afn%20commit_all:error_constructor:767116b1f2d7b3459707240062f2bc2d56e867293e8930dc5618c6492924ca04:table:1:1	rust_string	crates/omnigraph/src/exec/staging.rs	<module>::impl StagedMutation::fn commit_all :: error_constructor :: 767116b1f2d7b3459707240062f2bc2d56e867293e8930dc5618c6492924ca04 #1	error_constructor	table	table	physical_storage	retain accurate physical/storage terminology	none	omnigraph-engine owning tests plus G2 guard	Reviewed as accurate Lance, Arrow, manifest, recovery, or physical execution terminology.
2	rust_string:crates%2Fomnigraph%2Fsrc%2Fexec%2Fstaging.rs:%3Cmodule%3E%3A%3Aimpl%20StagedMutation%3A%3Afn%20commit_all:error_constructor:7c38fd06ba5dac4dd706ba0aef564a55021ed1f72b9187f34ec5980019aec1e4:table:1:1	rust_string	crates/omnigraph/src/exec/staging.rs	<module>::impl StagedMutation::fn commit_all :: error_constructor :: 7c38fd06ba5dac4dd706ba0aef564a55021ed1f72b9187f34ec5980019aec1e4 #1	error_constructor	table	table	physical_storage	retain accurate physical/storage terminology	none	omnigraph-engine owning tests plus G2 guard	Reviewed as accurate Lance, Arrow, manifest, recovery, or physical execution terminology.
2	rust_string:crates%2Fomnigraph%2Fsrc%2Fexec%2Fstaging.rs:%3Cmodule%3E%3A%3Aimpl%20StagedMutation%3A%3Afn%20commit_all:error_constructor:a35d464eab59426053cb5eed12da597a9eb025c5401f0c1344d752fc1237c4fc:table:1:1	rust_string	crates/omnigraph/src/exec/staging.rs	<module>::impl StagedMutation::fn commit_all :: error_constructor :: a35d464eab59426053cb5eed12da597a9eb025c5401f0c1344d752fc1237c4fc #1	error_constructor	table	table	physical_storage	retain accurate physical/storage terminology	none	omnigraph-engine owning tests plus G2 guard	Reviewed as accurate Lance, Arrow, manifest, recovery, or physical execution terminology.
2	rust_string:crates%2Fomnigraph%2Fsrc%2Fexec%2Fstaging.rs:%3Cmodule%3E%3A%3Aimpl%20StagedMutation%3A%3Afn%20commit_all:error_constructor:c93f40fee603a7c8abb81c9737735383ea4800d5f5e6f3bab6942b6f43757dce:table:1:1	rust_string	crates/omnigraph/src/exec/staging.rs	<module>::impl StagedMutation::fn commit_all :: error_constructor :: c93f40fee603a7c8abb81c9737735383ea4800d5f5e6f3bab6942b6f43757dce #1	error_constructor	table	table	physical_storage	retain accurate physical/storage terminology	none	omnigraph-engine owning tests plus G2 guard	Reviewed as accurate Lance, Arrow, manifest, recovery, or physical execution terminology.
2	rust_string:crates%2Fomnigraph%2Fsrc%2Fexec%2Fstaging.rs:%3Cmodule%3E:rustdoc:041ecef181678dc00b65106dea304409fd4457717f7eb9b05b8da13d81f26233:table:1:1	rust_string	crates/omnigraph/src/exec/staging.rs	<module> :: rustdoc :: 041ecef181678dc00b65106dea304409fd4457717f7eb9b05b8da13d81f26233 #1	rustdoc	table	table	physical_storage	retain accurate physical/storage terminology	none	omnigraph-engine owning tests plus G2 guard	Reviewed as accurate Lance, Arrow, manifest, recovery, or physical execution terminology.
2	rust_string:crates%2Fomnigraph%2Fsrc%2Fexec%2Fstaging.rs:%3Cmodule%3E:rustdoc:2628a577a323aba8d6974f1362947f3048bf180be177f342d986df5695117d90:Table:1:1	rust_string	crates/omnigraph/src/exec/staging.rs	<module> :: rustdoc :: 2628a577a323aba8d6974f1362947f3048bf180be177f342d986df5695117d90 #1	rustdoc	Table	Table	upstream_name	retain exact upstream proper/API name	none	omnigraph-engine owning tests plus G2 guard	The match is part of an exact upstream proper name, algorithm, operation, or API identifier.
2	rust_string:crates%2Fomnigraph%2Fsrc%2Fexec%2Fstaging.rs:%3Cmodule%3E:rustdoc:bc158b6d09798c3b0c8e89cc11cc101b496a970164b30c3f40378beea29b8b5b:table:1:1	rust_string	crates/omnigraph/src/exec/staging.rs	<module> :: rustdoc :: bc158b6d09798c3b0c8e89cc11cc101b496a970164b30c3f40378beea29b8b5b #1	rustdoc	table	table	physical_storage	retain accurate physical/storage terminology	none	omnigraph-engine owning tests plus G2 guard	Reviewed as accurate Lance, Arrow, manifest, recovery, or physical execution terminology.
2	rust_string:crates%2Fomnigraph%2Fsrc%2Fexec%2Fstaging.rs:%3Cmodule%3E:rustdoc:c8c6f504696e03cd11b672d425ebe9ffacbacb64832ff7ba388ae5df0833836a:Table:1:1	rust_string	crates/omnigraph/src/exec/staging.rs	<module> :: rustdoc :: c8c6f504696e03cd11b672d425ebe9ffacbacb64832ff7ba388ae5df0833836a #1	rustdoc	Table	Table	physical_storage	retain accurate physical/storage terminology	none	omnigraph-engine owning tests plus G2 guard	Reviewed as accurate Lance, Arrow, manifest, recovery, or physical execution terminology.
2	rust_string:crates%2Fomnigraph%2Fsrc%2Fexec%2Fstaging.rs:%3Cmodule%3E:rustdoc:c8c6f504696e03cd11b672d425ebe9ffacbacb64832ff7ba388ae5df0833836a:table:1:1	rust_string	crates/omnigraph/src/exec/staging.rs	<module> :: rustdoc :: c8c6f504696e03cd11b672d425ebe9ffacbacb64832ff7ba388ae5df0833836a #1	rustdoc	table	table	physical_storage	retain accurate physical/storage terminology	none	omnigraph-engine owning tests plus G2 guard	Reviewed as accurate Lance, Arrow, manifest, recovery, or physical execution terminology.
2	rust_string:crates%2Fomnigraph%2Fsrc%2Ffailpoints.rs:%3Cmodule%3E%3A%3Amod%20names%3A%3Aconst%20BLOB_READ_POST_CAPTURE:rustdoc:335d3557481cae27d45066f89d332e8f5e215f4a261ed13353814b8d0cd47f3d:table:1:1	rust_string	crates/omnigraph/src/failpoints.rs	<module>::mod names::const BLOB_READ_POST_CAPTURE :: rustdoc :: 335d3557481cae27d45066f89d332e8f5e215f4a261ed13353814b8d0cd47f3d #1	rustdoc	table	table	physical_storage	retain accurate physical/storage terminology	none	omnigraph-engine owning tests plus G2 guard	Reviewed as accurate Lance, Arrow, manifest, recovery, or physical execution terminology.
2	rust_string:crates%2Fomnigraph%2Fsrc%2Ffailpoints.rs:%3Cmodule%3E%3A%3Amod%20names%3A%3Aconst%20BLOB_READ_POST_CAPTURE:rustdoc:8e5c540cf3b65a7bc57e83d8357122e35a673d0cd78c1749f3e55adbe46e985c:table:1:1	rust_string	crates/omnigraph/src/failpoints.rs	<module>::mod names::const BLOB_READ_POST_CAPTURE :: rustdoc :: 8e5c540cf3b65a7bc57e83d8357122e35a673d0cd78c1749f3e55adbe46e985c #1	rustdoc	table	table	physical_storage	retain accurate physical/storage terminology	none	omnigraph-engine owning tests plus G2 guard	Reviewed as accurate Lance, Arrow, manifest, recovery, or physical execution terminology.
2	rust_string:crates%2Fomnigraph%2Fsrc%2Ffailpoints.rs:%3Cmodule%3E%3A%3Amod%20names%3A%3Aconst%20BRANCH_CONTROL_POST_RECOVERY_BARRIER:rustdoc:3963329c809b21869ac207848231568576269d079a20255e1f3b96f5fd202226:table:1:1	rust_string	crates/omnigraph/src/failpoints.rs	<module>::mod names::const BRANCH_CONTROL_POST_RECOVERY_BARRIER :: rustdoc :: 3963329c809b21869ac207848231568576269d079a20255e1f3b96f5fd202226 #1	rustdoc	table	table	physical_storage	retain accurate physical/storage terminology	none	omnigraph-engine owning tests plus G2 guard	Reviewed as accurate Lance, Arrow, manifest, recovery, or physical execution terminology.
2	rust_string:crates%2Fomnigraph%2Fsrc%2Ffailpoints.rs:%3Cmodule%3E%3A%3Amod%20names%3A%3Aconst%20BRANCH_DELETE_POST_TABLE_GATES:rustdoc:c267b0eff804758d78e3ee66f42d0f29711db71596dc7e24ff2c29460a859018:table:1:1	rust_string	crates/omnigraph/src/failpoints.rs	<module>::mod names::const BRANCH_DELETE_POST_TABLE_GATES :: rustdoc :: c267b0eff804758d78e3ee66f42d0f29711db71596dc7e24ff2c29460a859018 #1	rustdoc	table	table	physical_storage	retain accurate physical/storage terminology	none	omnigraph-engine owning tests plus G2 guard	Reviewed as accurate Lance, Arrow, manifest, recovery, or physical execution terminology.
2	rust_string:crates%2Fomnigraph%2Fsrc%2Ffailpoints.rs:%3Cmodule%3E%3A%3Amod%20names%3A%3Aconst%20BRANCH_MERGE_POST_AUTHORITY_CAPTURE:rustdoc:cf5a4fca1a6f37212a836df7d80786509831ff1992a11ba1ca28945931898408:table:1:1	rust_string	crates/omnigraph/src/failpoints.rs	<module>::mod names::const BRANCH_MERGE_POST_AUTHORITY_CAPTURE :: rustdoc :: cf5a4fca1a6f37212a836df7d80786509831ff1992a11ba1ca28945931898408 #1	rustdoc	table	table	physical_storage	retain accurate physical/storage terminology	none	omnigraph-engine owning tests plus G2 guard	Reviewed as accurate Lance, Arrow, manifest, recovery, or physical execution terminology.
2	rust_string:crates%2Fomnigraph%2Fsrc%2Ffailpoints.rs:%3Cmodule%3E%3A%3Amod%20names%3A%3Aconst%20BRANCH_MERGE_POST_CANDIDATE_VALIDATION:rustdoc:8c6bc4b0250cbccf413410814b2a41aa19a319058eff8ef3deea9189ea8373e7:rows:1:1	rust_string	crates/omnigraph/src/failpoints.rs	<module>::mod names::const BRANCH_MERGE_POST_CANDIDATE_VALIDATION :: rustdoc :: 8c6bc4b0250cbccf413410814b2a41aa19a319058eff8ef3deea9189ea8373e7 #1	rustdoc	rows	rows	physical_storage	retain accurate physical/storage terminology	none	omnigraph-engine owning tests plus G2 guard	Reviewed as accurate Lance, Arrow, manifest, recovery, or physical execution terminology.
2	rust_string:crates%2Fomnigraph%2Fsrc%2Ffailpoints.rs:%3Cmodule%3E%3A%3Amod%20names%3A%3Aconst%20BRANCH_MERGE_POST_CANDIDATE_VALIDATION:rustdoc:9f4f30e25a8d8599492137d610a6cf8c5602f799b9c00ca24f1f2e9d97efc78e:table:1:1	rust_string	crates/omnigraph/src/failpoints.rs	<module>::mod names::const BRANCH_MERGE_POST_CANDIDATE_VALIDATION :: rustdoc :: 9f4f30e25a8d8599492137d610a6cf8c5602f799b9c00ca24f1f2e9d97efc78e #1	rustdoc	table	table	physical_storage	retain accurate physical/storage terminology	none	omnigraph-engine owning tests plus G2 guard	Reviewed as accurate Lance, Arrow, manifest, recovery, or physical execution terminology.
2	rust_string:crates%2Fomnigraph%2Fsrc%2Ffailpoints.rs:%3Cmodule%3E%3A%3Amod%20names%3A%3Aconst%20BRANCH_MERGE_POST_CANDIDATE_VALIDATION:rustdoc:f97d5c56ee69748fff0774fe78142a165c93bcf9a4334412d6bd768fba10818f:table:1:1	rust_string	crates/omnigraph/src/failpoints.rs	<module>::mod names::const BRANCH_MERGE_POST_CANDIDATE_VALIDATION :: rustdoc :: f97d5c56ee69748fff0774fe78142a165c93bcf9a4334412d6bd768fba10818f #1	rustdoc	table	table	physical_storage	retain accurate physical/storage terminology	none	omnigraph-engine owning tests plus G2 guard	Reviewed as accurate Lance, Arrow, manifest, recovery, or physical execution terminology.
2	rust_string:crates%2Fomnigraph%2Fsrc%2Ffailpoints.rs:%3Cmodule%3E%3A%3Amod%20names%3A%3Aconst%20BRANCH_MERGE_POST_EFFECTS_PRE_CONFIRM:rustdoc:947b8ce04151c931713b12409ce0d0080d8f07f145650b2fa38178b3a4292c73:sidecar:1:1	rust_string	crates/omnigraph/src/failpoints.rs	<module>::mod names::const BRANCH_MERGE_POST_EFFECTS_PRE_CONFIRM :: rustdoc :: 947b8ce04151c931713b12409ce0d0080d8f07f145650b2fa38178b3a4292c73 #1	rustdoc	sidecar	sidecar	physical_storage	retain accurate physical/storage terminology	none	omnigraph-engine owning tests plus G2 guard	Reviewed as accurate Lance, Arrow, manifest, recovery, or physical execution terminology.
2	rust_string:crates%2Fomnigraph%2Fsrc%2Ffailpoints.rs:%3Cmodule%3E%3A%3Amod%20names%3A%3Aconst%20BRANCH_MERGE_POST_EFFECTS_PRE_CONFIRM:rustdoc:947b8ce04151c931713b12409ce0d0080d8f07f145650b2fa38178b3a4292c73:table:1:1	rust_string	crates/omnigraph/src/failpoints.rs	<module>::mod names::const BRANCH_MERGE_POST_EFFECTS_PRE_CONFIRM :: rustdoc :: 947b8ce04151c931713b12409ce0d0080d8f07f145650b2fa38178b3a4292c73 #1	rustdoc	table	table	physical_storage	retain accurate physical/storage terminology	none	omnigraph-engine owning tests plus G2 guard	Reviewed as accurate Lance, Arrow, manifest, recovery, or physical execution terminology.
2	rust_string:crates%2Fomnigraph%2Fsrc%2Ffailpoints.rs:%3Cmodule%3E%3A%3Amod%20names%3A%3Aconst%20BRANCH_MERGE_POST_SIDECAR_PRE_FORK:rustdoc:fdbd6bdbcbf4f4e509a90d56597034f7c9d87f3173c578cc5daf7041b75eed82:table:1:1	rust_string	crates/omnigraph/src/failpoints.rs	<module>::mod names::const BRANCH_MERGE_POST_SIDECAR_PRE_FORK :: rustdoc :: fdbd6bdbcbf4f4e509a90d56597034f7c9d87f3173c578cc5daf7041b75eed82 #1	rustdoc	table	table	physical_storage	retain accurate physical/storage terminology	none	omnigraph-engine owning tests plus G2 guard	Reviewed as accurate Lance, Arrow, manifest, recovery, or physical execution terminology.
2	rust_string:crates%2Fomnigraph%2Fsrc%2Ffailpoints.rs:%3Cmodule%3E%3A%3Amod%20names%3A%3Aconst%20CHANGE_FEED_POST_CAPTURE:rustdoc:b21bf5cacdae822096b2487879b116bd3a698098994922f8ddfd3db8e9b49b8e:rows:1:1	rust_string	crates/omnigraph/src/failpoints.rs	<module>::mod names::const CHANGE_FEED_POST_CAPTURE :: rustdoc :: b21bf5cacdae822096b2487879b116bd3a698098994922f8ddfd3db8e9b49b8e #1	rustdoc	rows	rows	physical_storage	retain accurate physical/storage terminology	none	omnigraph-engine owning tests plus G2 guard	Reviewed as accurate Lance, Arrow, manifest, recovery, or physical execution terminology.
2	rust_string:crates%2Fomnigraph%2Fsrc%2Ffailpoints.rs:%3Cmodule%3E%3A%3Amod%20names%3A%3Aconst%20CHANGE_FEED_PRE_TABLE_OPEN:rustdoc:420ca215bab1746760a21000048e198516327ade435d85d27ef3c709337bc576:rows:1:1	rust_string	crates/omnigraph/src/failpoints.rs	<module>::mod names::const CHANGE_FEED_PRE_TABLE_OPEN :: rustdoc :: 420ca215bab1746760a21000048e198516327ade435d85d27ef3c709337bc576 #1	rustdoc	rows	rows	physical_storage	retain accurate physical/storage terminology	none	omnigraph-engine owning tests plus G2 guard	Reviewed as accurate Lance, Arrow, manifest, recovery, or physical execution terminology.
2	rust_string:crates%2Fomnigraph%2Fsrc%2Ffailpoints.rs:%3Cmodule%3E%3A%3Amod%20names%3A%3Aconst%20CHANGE_FEED_PRE_TABLE_OPEN:rustdoc:6ea455377c5e42d7cce550da6bf1032ebeb2e60eaf46f541a04622f3153eddab:table:1:1	rust_string	crates/omnigraph/src/failpoints.rs	<module>::mod names::const CHANGE_FEED_PRE_TABLE_OPEN :: rustdoc :: 6ea455377c5e42d7cce550da6bf1032ebeb2e60eaf46f541a04622f3153eddab #1	rustdoc	table	table	physical_storage	retain accurate physical/storage terminology	none	omnigraph-engine owning tests plus G2 guard	Reviewed as accurate Lance, Arrow, manifest, recovery, or physical execution terminology.
2	rust_string:crates%2Fomnigraph%2Fsrc%2Ffailpoints.rs:%3Cmodule%3E%3A%3Amod%20names%3A%3Aconst%20CHANGE_FEED_PRE_TABLE_OPEN:rustdoc:91622eed2b1d09881b89afcb086b39bd37607d354258b5621cb3e877b2b03326:table:1:1	rust_string	crates/omnigraph/src/failpoints.rs	<module>::mod names::const CHANGE_FEED_PRE_TABLE_OPEN :: rustdoc :: 91622eed2b1d09881b89afcb086b39bd37607d354258b5621cb3e877b2b03326 #1	rustdoc	table	table	physical_storage	retain accurate physical/storage terminology	none	omnigraph-engine owning tests plus G2 guard	Reviewed as accurate Lance, Arrow, manifest, recovery, or physical execution terminology.
2	rust_string:crates%2Fomnigraph%2Fsrc%2Ffailpoints.rs:%3Cmodule%3E%3A%3Amod%20names%3A%3Aconst%20CHANGE_FEED_SKIP_ETAG_WITNESS:rustdoc:b934adb47ccf3f7986425b67270006df99875dcc417115685cb502da1b0c6612:TABLE:1:1	rust_string	crates/omnigraph/src/failpoints.rs	<module>::mod names::const CHANGE_FEED_SKIP_ETAG_WITNESS :: rustdoc :: b934adb47ccf3f7986425b67270006df99875dcc417115685cb502da1b0c6612 #1	rustdoc	TABLE	TABLE	physical_storage	retain accurate physical/storage terminology	none	omnigraph-engine owning tests plus G2 guard	Reviewed as accurate Lance, Arrow, manifest, recovery, or physical execution terminology.
2	rust_string:crates%2Fomnigraph%2Fsrc%2Ffailpoints.rs:%3Cmodule%3E%3A%3Amod%20names%3A%3Aconst%20CHANGE_FEED_SKIP_ETAG_WITNESS:rustdoc:be6e134ce7dcfc12c6db919b0c012aa8460ffa003f00c4aed748a6f38bb174c3:table:1:1	rust_string	crates/omnigraph/src/failpoints.rs	<module>::mod names::const CHANGE_FEED_SKIP_ETAG_WITNESS :: rustdoc :: be6e134ce7dcfc12c6db919b0c012aa8460ffa003f00c4aed748a6f38bb174c3 #1	rustdoc	table	table	physical_storage	retain accurate physical/storage terminology	none	omnigraph-engine owning tests plus G2 guard	Reviewed as accurate Lance, Arrow, manifest, recovery, or physical execution terminology.
2	rust_string:crates%2Fomnigraph%2Fsrc%2Ffailpoints.rs:%3Cmodule%3E%3A%3Amod%20names%3A%3Aconst%20CLEANUP_POST_RECOVERY_CHECK_PRE_GATES:rustdoc:38f103ec366a6a56669d1b831d9b9f306153ef1d88e78190052ac12d65061f9b:table:1:1	rust_string	crates/omnigraph/src/failpoints.rs	<module>::mod names::const CLEANUP_POST_RECOVERY_CHECK_PRE_GATES :: rustdoc :: 38f103ec366a6a56669d1b831d9b9f306153ef1d88e78190052ac12d65061f9b #1	rustdoc	table	table	physical_storage	retain accurate physical/storage terminology	none	omnigraph-engine owning tests plus G2 guard	Reviewed as accurate Lance, Arrow, manifest, recovery, or physical execution terminology.
2	rust_string:crates%2Fomnigraph%2Fsrc%2Ffailpoints.rs:%3Cmodule%3E%3A%3Amod%20names%3A%3Aconst%20CLEANUP_POST_RECOVERY_CHECK_PRE_GATES:rustdoc:5c4f547a05bb34f16d0f4c4b0d10335541b941b0838b02fe7b25dff2346f78ee:sidecar:1:1	rust_string	crates/omnigraph/src/failpoints.rs	<module>::mod names::const CLEANUP_POST_RECOVERY_CHECK_PRE_GATES :: rustdoc :: 5c4f547a05bb34f16d0f4c4b0d10335541b941b0838b02fe7b25dff2346f78ee #1	rustdoc	sidecar	sidecar	physical_storage	retain accurate physical/storage terminology	none	omnigraph-engine owning tests plus G2 guard	Reviewed as accurate Lance, Arrow, manifest, recovery, or physical execution terminology.
2	rust_string:crates%2Fomnigraph%2Fsrc%2Ffailpoints.rs:%3Cmodule%3E%3A%3Amod%20names%3A%3Aconst%20ENSURE_INDICES_POST_EFFECTS_PRE_CONFIRM:rustdoc:7a25cb4f871a58f273149cabf9b6a3508fd44ed3abf722491f941299abe23dec:sidecar:1:1	rust_string	crates/omnigraph/src/failpoints.rs	<module>::mod names::const ENSURE_INDICES_POST_EFFECTS_PRE_CONFIRM :: rustdoc :: 7a25cb4f871a58f273149cabf9b6a3508fd44ed3abf722491f941299abe23dec #1	rustdoc	sidecar	sidecar	physical_storage	retain accurate physical/storage terminology	none	omnigraph-engine owning tests plus G2 guard	Reviewed as accurate Lance, Arrow, manifest, recovery, or physical execution terminology.
2	rust_string:crates%2Fomnigraph%2Fsrc%2Ffailpoints.rs:%3Cmodule%3E%3A%3Amod%20names%3A%3Aconst%20FORK_POST_CREATE_PRE_OPEN:rustdoc:549cb89f82e573a24b0920d57ca213e2cc2750ae4484467d744ec50b849fe7e6:table:1:1	rust_string	crates/omnigraph/src/failpoints.rs	<module>::mod names::const FORK_POST_CREATE_PRE_OPEN :: rustdoc :: 549cb89f82e573a24b0920d57ca213e2cc2750ae4484467d744ec50b849fe7e6 #1	rustdoc	table	table	physical_storage	retain accurate physical/storage terminology	none	omnigraph-engine owning tests plus G2 guard	Reviewed as accurate Lance, Arrow, manifest, recovery, or physical execution terminology.
2	rust_string:crates%2Fomnigraph%2Fsrc%2Ffailpoints.rs:%3Cmodule%3E%3A%3Amod%20names%3A%3Aconst%20FORK_POST_CREATE_PRE_OPEN:rustdoc:e7756942c30a51769cbb5a26a0a32f6807b30623af541f840f44cb41fc148588:sidecar:1:1	rust_string	crates/omnigraph/src/failpoints.rs	<module>::mod names::const FORK_POST_CREATE_PRE_OPEN :: rustdoc :: e7756942c30a51769cbb5a26a0a32f6807b30623af541f840f44cb41fc148588 #1	rustdoc	sidecar	sidecar	physical_storage	retain accurate physical/storage terminology	none	omnigraph-engine owning tests plus G2 guard	Reviewed as accurate Lance, Arrow, manifest, recovery, or physical execution terminology.
2	rust_string:crates%2Fomnigraph%2Fsrc%2Ffailpoints.rs:%3Cmodule%3E%3A%3Amod%20names%3A%3Aconst%20INIT_TABLE_CREATE_ACK_LOST:rustdoc:ec0a8465a01446c4e00a411552ecf94d0ecaf11b77a059259bd8bad68f5d92a3:table:1:1	rust_string	crates/omnigraph/src/failpoints.rs	<module>::mod names::const INIT_TABLE_CREATE_ACK_LOST :: rustdoc :: ec0a8465a01446c4e00a411552ecf94d0ecaf11b77a059259bd8bad68f5d92a3 #1	rustdoc	table	table	physical_storage	retain accurate physical/storage terminology	none	omnigraph-engine owning tests plus G2 guard	Reviewed as accurate Lance, Arrow, manifest, recovery, or physical execution terminology.
2	rust_string:crates%2Fomnigraph%2Fsrc%2Ffailpoints.rs:%3Cmodule%3E%3A%3Amod%20names%3A%3Aconst%20MUTATION_POST_FORK_PRE_COMMIT:rustdoc:204b5241d28ab701397c052b12b8079506ed54b85936d6de5a355f45a716bc15:table:1:1	rust_string	crates/omnigraph/src/failpoints.rs	<module>::mod names::const MUTATION_POST_FORK_PRE_COMMIT :: rustdoc :: 204b5241d28ab701397c052b12b8079506ed54b85936d6de5a355f45a716bc15 #1	rustdoc	table	table	physical_storage	retain accurate physical/storage terminology	none	omnigraph-engine owning tests plus G2 guard	Reviewed as accurate Lance, Arrow, manifest, recovery, or physical execution terminology.
2	rust_string:crates%2Fomnigraph%2Fsrc%2Ffailpoints.rs:%3Cmodule%3E%3A%3Amod%20names%3A%3Aconst%20MUTATION_POST_FORK_PRE_COMMIT:rustdoc:9f084837c6d56c6aa14af62e096f4ce9fa9d77fb47d3d41129444ffefc6aceb7:sidecar:1:1	rust_string	crates/omnigraph/src/failpoints.rs	<module>::mod names::const MUTATION_POST_FORK_PRE_COMMIT :: rustdoc :: 9f084837c6d56c6aa14af62e096f4ce9fa9d77fb47d3d41129444ffefc6aceb7 #1	rustdoc	sidecar	sidecar	physical_storage	retain accurate physical/storage terminology	none	omnigraph-engine owning tests plus G2 guard	Reviewed as accurate Lance, Arrow, manifest, recovery, or physical execution terminology.
2	rust_string:crates%2Fomnigraph%2Fsrc%2Ffailpoints.rs:%3Cmodule%3E%3A%3Amod%20names%3A%3Aconst%20MUTATION_POST_SIDECAR_PRE_FORK:rustdoc:387646abca2cbe1720a4afca87ba3956d92a55bd69bfa8a8d181db122c0205ba:table:1:1	rust_string	crates/omnigraph/src/failpoints.rs	<module>::mod names::const MUTATION_POST_SIDECAR_PRE_FORK :: rustdoc :: 387646abca2cbe1720a4afca87ba3956d92a55bd69bfa8a8d181db122c0205ba #1	rustdoc	table	table	physical_storage	retain accurate physical/storage terminology	none	omnigraph-engine owning tests plus G2 guard	Reviewed as accurate Lance, Arrow, manifest, recovery, or physical execution terminology.
2	rust_string:crates%2Fomnigraph%2Fsrc%2Ffailpoints.rs:%3Cmodule%3E%3A%3Amod%20names%3A%3Aconst%20MUTATION_POST_SIDECAR_PRE_FORK:rustdoc:eafb6c19cc48c99176f468e999230ddabfd59baaac8f6ec0a3eb1684f2fc39d7:sidecar:1:1	rust_string	crates/omnigraph/src/failpoints.rs	<module>::mod names::const MUTATION_POST_SIDECAR_PRE_FORK :: rustdoc :: eafb6c19cc48c99176f468e999230ddabfd59baaac8f6ec0a3eb1684f2fc39d7 #1	rustdoc	sidecar	sidecar	physical_storage	retain accurate physical/storage terminology	none	omnigraph-engine owning tests plus G2 guard	Reviewed as accurate Lance, Arrow, manifest, recovery, or physical execution terminology.
2	rust_string:crates%2Fomnigraph%2Fsrc%2Ffailpoints.rs:%3Cmodule%3E%3A%3Amod%20names%3A%3Aconst%20MUTATION_POST_TABLE_COMMIT:rustdoc:c0236b3d69ccc04cf4ae0118a74aa621f1840a3cc39875fdf4cec833f744b361:table:1:1	rust_string	crates/omnigraph/src/failpoints.rs	<module>::mod names::const MUTATION_POST_TABLE_COMMIT :: rustdoc :: c0236b3d69ccc04cf4ae0118a74aa621f1840a3cc39875fdf4cec833f744b361 #1	rustdoc	table	table	physical_storage	retain accurate physical/storage terminology	none	omnigraph-engine owning tests plus G2 guard	Reviewed as accurate Lance, Arrow, manifest, recovery, or physical execution terminology.
2	rust_string:crates%2Fomnigraph%2Fsrc%2Ffailpoints.rs:%3Cmodule%3E%3A%3Amod%20names%3A%3Aconst%20MUTATION_POST_TABLE_COMMIT:rustdoc:c21646bbe4c6435968fa7b6d8b659d6de5c501432e0656294edab44aa2bb2022:table:1:1	rust_string	crates/omnigraph/src/failpoints.rs	<module>::mod names::const MUTATION_POST_TABLE_COMMIT :: rustdoc :: c21646bbe4c6435968fa7b6d8b659d6de5c501432e0656294edab44aa2bb2022 #1	rustdoc	table	table	physical_storage	retain accurate physical/storage terminology	none	omnigraph-engine owning tests plus G2 guard	Reviewed as accurate Lance, Arrow, manifest, recovery, or physical execution terminology.
2	rust_string:crates%2Fomnigraph%2Fsrc%2Ffailpoints.rs:%3Cmodule%3E%3A%3Amod%20names%3A%3Aconst%20MUTATION_POST_TABLE_COMMIT:rustdoc:cf9c42e9c805bfb4f8c552cc9adc021df327c896c19d9b29c9c6af269ad50139:table:1:1	rust_string	crates/omnigraph/src/failpoints.rs	<module>::mod names::const MUTATION_POST_TABLE_COMMIT :: rustdoc :: cf9c42e9c805bfb4f8c552cc9adc021df327c896c19d9b29c9c6af269ad50139 #1	rustdoc	table	table	physical_storage	retain accurate physical/storage terminology	none	omnigraph-engine owning tests plus G2 guard	Reviewed as accurate Lance, Arrow, manifest, recovery, or physical execution terminology.
2	rust_string:crates%2Fomnigraph%2Fsrc%2Ffailpoints.rs:%3Cmodule%3E%3A%3Amod%20names%3A%3Aconst%20OPTIMIZE_POST_AUTHORITY_CAPTURE_PRE_GATES:rustdoc:71adc53693e14399d743322cffd83c7e4701690c87f4669ba403b1faef145264:table:1:1	rust_string	crates/omnigraph/src/failpoints.rs	<module>::mod names::const OPTIMIZE_POST_AUTHORITY_CAPTURE_PRE_GATES :: rustdoc :: 71adc53693e14399d743322cffd83c7e4701690c87f4669ba403b1faef145264 #1	rustdoc	table	table	physical_storage	retain accurate physical/storage terminology	none	omnigraph-engine owning tests plus G2 guard	Reviewed as accurate Lance, Arrow, manifest, recovery, or physical execution terminology.
2	rust_string:crates%2Fomnigraph%2Fsrc%2Ffailpoints.rs:%3Cmodule%3E%3A%3Amod%20names%3A%3Aconst%20PUBLISH_LOAD_STATE_RETRYABLE_CONTENTION:rustdoc:0c3e5f4a6a2a945fc691c6d04c8772e3098c0332d9d2db4ba08b35010009cd04:Row:1:1	rust_string	crates/omnigraph/src/failpoints.rs	<module>::mod names::const PUBLISH_LOAD_STATE_RETRYABLE_CONTENTION :: rustdoc :: 0c3e5f4a6a2a945fc691c6d04c8772e3098c0332d9d2db4ba08b35010009cd04 #1	rustdoc	Row	Row	upstream_name	retain exact upstream proper/API name	none	omnigraph-engine owning tests plus G2 guard	The match is part of an exact upstream proper name, algorithm, operation, or API identifier.
2	rust_string:crates%2Fomnigraph%2Fsrc%2Ffailpoints.rs:%3Cmodule%3E%3A%3Amod%20names%3A%3Aconst%20READ_REFRESH_POST_STATE_PRE_LINEAGE:rustdoc:ecf24af0c8d601f1113c8d655755d89b18fac87bd2a5ceffbcb4b4a824007691:row:1:1	rust_string	crates/omnigraph/src/failpoints.rs	<module>::mod names::const READ_REFRESH_POST_STATE_PRE_LINEAGE :: rustdoc :: ecf24af0c8d601f1113c8d655755d89b18fac87bd2a5ceffbcb4b4a824007691 #1	rustdoc	row	row	physical_storage	retain accurate physical/storage terminology	none	omnigraph-engine owning tests plus G2 guard	Reviewed as accurate Lance, Arrow, manifest, recovery, or physical execution terminology.
2	rust_string:crates%2Fomnigraph%2Fsrc%2Ffailpoints.rs:%3Cmodule%3E%3A%3Amod%20names%3A%3Aconst%20RECOVERY_POST_LIST_PRE_GATES:rustdoc:961aa538e0d5f8ee5a8d0d89835eb11a91558897aa2dca666b3b8d09ef13d1ba:sidecar:1:1	rust_string	crates/omnigraph/src/failpoints.rs	<module>::mod names::const RECOVERY_POST_LIST_PRE_GATES :: rustdoc :: 961aa538e0d5f8ee5a8d0d89835eb11a91558897aa2dca666b3b8d09ef13d1ba #1	rustdoc	sidecar	sidecar	physical_storage	retain accurate physical/storage terminology	none	omnigraph-engine owning tests plus G2 guard	Reviewed as accurate Lance, Arrow, manifest, recovery, or physical execution terminology.
2	rust_string:crates%2Fomnigraph%2Fsrc%2Ffailpoints.rs:%3Cmodule%3E%3A%3Amod%20names%3A%3Aconst%20RECOVERY_POST_ROLLBACK_PUBLISH_PRE_AUDIT:rustdoc:cdf49a50ea8539e36dc7ba8812cf6b7e51285ed78265064cfda6c20112eaa115:table:1:1	rust_string	crates/omnigraph/src/failpoints.rs	<module>::mod names::const RECOVERY_POST_ROLLBACK_PUBLISH_PRE_AUDIT :: rustdoc :: cdf49a50ea8539e36dc7ba8812cf6b7e51285ed78265064cfda6c20112eaa115 #1	rustdoc	table	table	physical_storage	retain accurate physical/storage terminology	none	omnigraph-engine owning tests plus G2 guard	Reviewed as accurate Lance, Arrow, manifest, recovery, or physical execution terminology.
2	rust_string:crates%2Fomnigraph%2Fsrc%2Ffailpoints.rs:%3Cmodule%3E%3A%3Amod%20names%3A%3Aconst%20RECOVERY_POST_ROLLBACK_PUBLISH_PRE_AUDIT:rustdoc:f1ed050bf82f7c84f2fe4c0ae7353a8e4cb63864e53bc5bad4b8854bd19078cd:row:1:1	rust_string	crates/omnigraph/src/failpoints.rs	<module>::mod names::const RECOVERY_POST_ROLLBACK_PUBLISH_PRE_AUDIT :: rustdoc :: f1ed050bf82f7c84f2fe4c0ae7353a8e4cb63864e53bc5bad4b8854bd19078cd #1	rustdoc	row	row	physical_storage	retain accurate physical/storage terminology	none	omnigraph-engine owning tests plus G2 guard	Reviewed as accurate Lance, Arrow, manifest, recovery, or physical execution terminology.
2	rust_string:crates%2Fomnigraph%2Fsrc%2Ffailpoints.rs:%3Cmodule%3E%3A%3Amod%20names%3A%3Aconst%20RECOVERY_POST_SIDECAR_LIST_PRE_READ:rustdoc:99d0e8c4a2d95b39e5350c061d128ef8d27cdb301368ddccb8544f9b8c6fe7d2:sidecar:1:1	rust_string	crates/omnigraph/src/failpoints.rs	<module>::mod names::const RECOVERY_POST_SIDECAR_LIST_PRE_READ :: rustdoc :: 99d0e8c4a2d95b39e5350c061d128ef8d27cdb301368ddccb8544f9b8c6fe7d2 #1	rustdoc	sidecar	sidecar	physical_storage	retain accurate physical/storage terminology	none	omnigraph-engine owning tests plus G2 guard	Reviewed as accurate Lance, Arrow, manifest, recovery, or physical execution terminology.
2	rust_string:crates%2Fomnigraph%2Fsrc%2Ffailpoints.rs:%3Cmodule%3E%3A%3Amod%20names%3A%3Aconst%20RECOVERY_POST_SIDECAR_LIST_PRE_READ:rustdoc:b39442193a5a138c6ee704d06a6390ecd02180205db547473548fb37c9b7fa8f:sidecar:1:1	rust_string	crates/omnigraph/src/failpoints.rs	<module>::mod names::const RECOVERY_POST_SIDECAR_LIST_PRE_READ :: rustdoc :: b39442193a5a138c6ee704d06a6390ecd02180205db547473548fb37c9b7fa8f #1	rustdoc	sidecar	sidecar	physical_storage	retain accurate physical/storage terminology	none	omnigraph-engine owning tests plus G2 guard	Reviewed as accurate Lance, Arrow, manifest, recovery, or physical execution terminology.
2	rust_string:crates%2Fomnigraph%2Fsrc%2Ffailpoints.rs:%3Cmodule%3E%3A%3Amod%20names%3A%3Aconst%20RECOVERY_POST_TABLE_RESTORE_PRE_PUBLISH:rustdoc:188a04e7dabf2c4b5c59889e8151d8f62cfa8bc356ca847f57ace7c998385d5b:table:1:1	rust_string	crates/omnigraph/src/failpoints.rs	<module>::mod names::const RECOVERY_POST_TABLE_RESTORE_PRE_PUBLISH :: rustdoc :: 188a04e7dabf2c4b5c59889e8151d8f62cfa8bc356ca847f57ace7c998385d5b #1	rustdoc	table	table	physical_storage	retain accurate physical/storage terminology	none	omnigraph-engine owning tests plus G2 guard	Reviewed as accurate Lance, Arrow, manifest, recovery, or physical execution terminology.
2	rust_string:crates%2Fomnigraph%2Fsrc%2Ffailpoints.rs:%3Cmodule%3E%3A%3Amod%20names%3A%3Aconst%20RECOVERY_POST_TABLE_RESTORE_PRE_PUBLISH:rustdoc:8c728b585bdbed7600b33dc2c2fe28e6f0cdc440a4b354d4ffc8b77fb2dd8c95:sidecar:1:1	rust_string	crates/omnigraph/src/failpoints.rs	<module>::mod names::const RECOVERY_POST_TABLE_RESTORE_PRE_PUBLISH :: rustdoc :: 8c728b585bdbed7600b33dc2c2fe28e6f0cdc440a4b354d4ffc8b77fb2dd8c95 #1	rustdoc	sidecar	sidecar	physical_storage	retain accurate physical/storage terminology	none	omnigraph-engine owning tests plus G2 guard	Reviewed as accurate Lance, Arrow, manifest, recovery, or physical execution terminology.
2	rust_string:crates%2Fomnigraph%2Fsrc%2Ffailpoints.rs:%3Cmodule%3E%3A%3Amod%20names%3A%3Aconst%20SCHEMA_APPLY_POST_SIDECAR_PRE_EFFECT:rustdoc:fe80915fd1c3e40238bfd4c09aa6eaeff2f6fb5be677f1d06be5e0f30ce018b1:sidecar:1:1	rust_string	crates/omnigraph/src/failpoints.rs	<module>::mod names::const SCHEMA_APPLY_POST_SIDECAR_PRE_EFFECT :: rustdoc :: fe80915fd1c3e40238bfd4c09aa6eaeff2f6fb5be677f1d06be5e0f30ce018b1 #1	rustdoc	sidecar	sidecar	physical_storage	retain accurate physical/storage terminology	none	omnigraph-engine owning tests plus G2 guard	Reviewed as accurate Lance, Arrow, manifest, recovery, or physical execution terminology.
2	rust_string:crates%2Fomnigraph%2Fsrc%2Ffailpoints.rs:%3Cmodule%3E%3A%3Amod%20names%3A%3Aconst%20SCHEMA_APPLY_POST_SIDECAR_PRE_EFFECT:rustdoc:fe80915fd1c3e40238bfd4c09aa6eaeff2f6fb5be677f1d06be5e0f30ce018b1:table:1:1	rust_string	crates/omnigraph/src/failpoints.rs	<module>::mod names::const SCHEMA_APPLY_POST_SIDECAR_PRE_EFFECT :: rustdoc :: fe80915fd1c3e40238bfd4c09aa6eaeff2f6fb5be677f1d06be5e0f30ce018b1 #1	rustdoc	table	table	physical_storage	retain accurate physical/storage terminology	none	omnigraph-engine owning tests plus G2 guard	Reviewed as accurate Lance, Arrow, manifest, recovery, or physical execution terminology.
2	rust_string:crates%2Fomnigraph%2Fsrc%2Ffailpoints.rs:%3Cmodule%3E%3A%3Amod%20names%3A%3Aconst%20SCHEMA_APPLY_POST_TABLE_COMMIT:rustdoc:2cbbb90cdf1e4fff0d08708dd04199c977def968c0c03e4aef5d83e2b41aeb9b:table:1:1	rust_string	crates/omnigraph/src/failpoints.rs	<module>::mod names::const SCHEMA_APPLY_POST_TABLE_COMMIT :: rustdoc :: 2cbbb90cdf1e4fff0d08708dd04199c977def968c0c03e4aef5d83e2b41aeb9b #1	rustdoc	table	table	physical_storage	retain accurate physical/storage terminology	none	omnigraph-engine owning tests plus G2 guard	Reviewed as accurate Lance, Arrow, manifest, recovery, or physical execution terminology.
2	rust_string:crates%2Fomnigraph%2Fsrc%2Ffailpoints.rs:%3Cmodule%3E%3A%3Amod%20names%3A%3Aconst%20SCHEMA_APPLY_POST_TABLE_COMMIT:rustdoc:adde0a59e1854eb2dae236b5683054d89ae45ee43da02ec3c69df6573463d413:table:1:1	rust_string	crates/omnigraph/src/failpoints.rs	<module>::mod names::const SCHEMA_APPLY_POST_TABLE_COMMIT :: rustdoc :: adde0a59e1854eb2dae236b5683054d89ae45ee43da02ec3c69df6573463d413 #1	rustdoc	table	table	physical_storage	retain accurate physical/storage terminology	none	omnigraph-engine owning tests plus G2 guard	Reviewed as accurate Lance, Arrow, manifest, recovery, or physical execution terminology.
2	rust_string:crates%2Fomnigraph%2Fsrc%2Fgraph_index%2Fmod.rs:%3Cmodule%3E%3A%3Afn%20string_column:error_constructor:0d54456df8a5012266140ee0c19bcee33d69f251fb7370f663d2306846842b62:column:1:1	rust_string	crates/omnigraph/src/graph_index/mod.rs	<module>::fn string_column :: error_constructor :: 0d54456df8a5012266140ee0c19bcee33d69f251fb7370f663d2306846842b62 #1	error_constructor	column	column	physical_storage	retain accurate physical/storage terminology	none	omnigraph-engine owning tests plus G2 guard	Reviewed as accurate Lance, Arrow, manifest, recovery, or physical execution terminology.
2	rust_string:crates%2Fomnigraph%2Fsrc%2Fgraph_index%2Fmod.rs:%3Cmodule%3E%3A%3Afn%20string_column:error_constructor:da6465784f89f878f29101973ef8ad5b36b8e8af604780afda43f007ef7b95b3:column:1:1	rust_string	crates/omnigraph/src/graph_index/mod.rs	<module>::fn string_column :: error_constructor :: da6465784f89f878f29101973ef8ad5b36b8e8af604780afda43f007ef7b95b3 #1	error_constructor	column	column	physical_storage	retain accurate physical/storage terminology	none	omnigraph-engine owning tests plus G2 guard	Reviewed as accurate Lance, Arrow, manifest, recovery, or physical execution terminology.
2	rust_string:crates%2Fomnigraph%2Fsrc%2Fgraph_index%2Fmod.rs:%3Cmodule%3E%3A%3Aimpl%20GraphIndex%3A%3Afn%20build:rustdoc:5ef78f0a93394822aeaf9cbd6b8a68513460c067486ec25eb807f67acf93ea2a:tables:1:1	rust_string	crates/omnigraph/src/graph_index/mod.rs	<module>::impl GraphIndex::fn build :: rustdoc :: 5ef78f0a93394822aeaf9cbd6b8a68513460c067486ec25eb807f67acf93ea2a #1	rustdoc	tables	tables	physical_storage	retain accurate physical/storage terminology	none	omnigraph-engine owning tests plus G2 guard	Reviewed as accurate Lance, Arrow, manifest, recovery, or physical execution terminology.
2	rust_string:crates%2Fomnigraph%2Fsrc%2Fgraph_index%2Fmod.rs:%3Cmodule%3E%3A%3Astruct%20CsrIndex:rustdoc:5e45d67f83b9334a461d36b1e8575ebdb4a4d708893f1494bb16c98b28b83871:Row:1:1	rust_string	crates/omnigraph/src/graph_index/mod.rs	<module>::struct CsrIndex :: rustdoc :: 5e45d67f83b9334a461d36b1e8575ebdb4a4d708893f1494bb16c98b28b83871 #1	rustdoc	Row	Row	upstream_name	retain exact upstream proper/API name	none	omnigraph-engine owning tests plus G2 guard	The match is part of an exact upstream proper name, algorithm, operation, or API identifier.
2	rust_string:crates%2Fomnigraph%2Fsrc%2Finstrumentation.rs:%3Cmodule%3E%3A%3Astruct%20MergeWriteProbes%3A%3Afield%20blob_payload_read_calls:rustdoc:e7a55152e02032e9ff47a38e68f414fc50de24b8e9b464fea31876ba4ee9b3a1:rows:1:1	rust_string	crates/omnigraph/src/instrumentation.rs	<module>::struct MergeWriteProbes::field blob_payload_read_calls :: rustdoc :: e7a55152e02032e9ff47a38e68f414fc50de24b8e9b464fea31876ba4ee9b3a1 #1	rustdoc	rows	rows	physical_storage	retain accurate physical/storage terminology	none	omnigraph-engine owning tests plus G2 guard	Reviewed as accurate Lance, Arrow, manifest, recovery, or physical execution terminology.
2	rust_string:crates%2Fomnigraph%2Fsrc%2Finstrumentation.rs:%3Cmodule%3E%3A%3Astruct%20MergeWriteProbes%3A%3Afield%20external_blob_probe_inputs:rustdoc:0fb91421ad6d9490d6e558c46bb3e9e0d1cb037e1b164db84dafadd87039a20e:row:1:1	rust_string	crates/omnigraph/src/instrumentation.rs	<module>::struct MergeWriteProbes::field external_blob_probe_inputs :: rustdoc :: 0fb91421ad6d9490d6e558c46bb3e9e0d1cb037e1b164db84dafadd87039a20e #1	rustdoc	row	row	physical_storage	retain accurate physical/storage terminology	none	omnigraph-engine owning tests plus G2 guard	Reviewed as accurate Lance, Arrow, manifest, recovery, or physical execution terminology.
2	rust_string:crates%2Fomnigraph%2Fsrc%2Finstrumentation.rs:%3Cmodule%3E%3A%3Astruct%20MergeWriteProbes%3A%3Afield%20ordered_cursor_scan_calls:rustdoc:1e304cab8b39050587ef676c82622285ac75381920075b31c0cb2182a9e2bf13:row:1:1	rust_string	crates/omnigraph/src/instrumentation.rs	<module>::struct MergeWriteProbes::field ordered_cursor_scan_calls :: rustdoc :: 1e304cab8b39050587ef676c82622285ac75381920075b31c0cb2182a9e2bf13 #1	rustdoc	row	row	physical_storage	retain accurate physical/storage terminology	none	omnigraph-engine owning tests plus G2 guard	Reviewed as accurate Lance, Arrow, manifest, recovery, or physical execution terminology.
2	rust_string:crates%2Fomnigraph%2Fsrc%2Finstrumentation.rs:%3Cmodule%3E%3A%3Astruct%20MergeWriteProbes%3A%3Afield%20stage_fenced_insert_calls:rustdoc:903fdbae9ad67e63d2838692f07524b553fdae7f40c9b359e922cefb74db9644:row:1:1	rust_string	crates/omnigraph/src/instrumentation.rs	<module>::struct MergeWriteProbes::field stage_fenced_insert_calls :: rustdoc :: 903fdbae9ad67e63d2838692f07524b553fdae7f40c9b359e922cefb74db9644 #1	rustdoc	row	row	physical_storage	retain accurate physical/storage terminology	none	omnigraph-engine owning tests plus G2 guard	Reviewed as accurate Lance, Arrow, manifest, recovery, or physical execution terminology.
2	rust_string:crates%2Fomnigraph%2Fsrc%2Finstrumentation.rs:%3Cmodule%3E%3A%3Astruct%20MergeWriteProbes%3A%3Afield%20stage_vector_index_calls:rustdoc:d3f8c4f48c21aa4d38b455a5cdad48338fb008932c61ffcef28f8fe9624ff117:table:1:1	rust_string	crates/omnigraph/src/instrumentation.rs	<module>::struct MergeWriteProbes::field stage_vector_index_calls :: rustdoc :: d3f8c4f48c21aa4d38b455a5cdad48338fb008932c61ffcef28f8fe9624ff117 #1	rustdoc	table	table	physical_storage	retain accurate physical/storage terminology	none	omnigraph-engine owning tests plus G2 guard	Reviewed as accurate Lance, Arrow, manifest, recovery, or physical execution terminology.
2	rust_string:crates%2Fomnigraph%2Fsrc%2Finstrumentation.rs:%3Cmodule%3E%3A%3Astruct%20QueryIoProbes%3A%3Afield%20candidate_rows_examined:rustdoc:7ec685c85552106f46ad4621dfd5710899e70575854b5b7b9d1a8cafe2d969c4:row:1:1	rust_string	crates/omnigraph/src/instrumentation.rs	<module>::struct QueryIoProbes::field candidate_rows_examined :: rustdoc :: 7ec685c85552106f46ad4621dfd5710899e70575854b5b7b9d1a8cafe2d969c4 #1	rustdoc	row	row	physical_storage	retain accurate physical/storage terminology	none	omnigraph-engine owning tests plus G2 guard	Reviewed as accurate Lance, Arrow, manifest, recovery, or physical execution terminology.
2	rust_string:crates%2Fomnigraph%2Fsrc%2Finstrumentation.rs:%3Cmodule%3E%3A%3Astruct%20QueryIoProbes%3A%3Afield%20candidate_rows_examined:rustdoc:7ec685c85552106f46ad4621dfd5710899e70575854b5b7b9d1a8cafe2d969c4:rows:1:1	rust_string	crates/omnigraph/src/instrumentation.rs	<module>::struct QueryIoProbes::field candidate_rows_examined :: rustdoc :: 7ec685c85552106f46ad4621dfd5710899e70575854b5b7b9d1a8cafe2d969c4 #1	rustdoc	rows	rows	physical_storage	retain accurate physical/storage terminology	none	omnigraph-engine owning tests plus G2 guard	Reviewed as accurate Lance, Arrow, manifest, recovery, or physical execution terminology.
2	rust_string:crates%2Fomnigraph%2Fsrc%2Finstrumentation.rs:%3Cmodule%3E%3A%3Astruct%20QueryIoProbes%3A%3Afield%20candidate_rows_examined:rustdoc:915b63cbcf93389cbf193b861c33c3f76707b6cdd9c52721f0bc7978e948c0fd:rows:1:1	rust_string	crates/omnigraph/src/instrumentation.rs	<module>::struct QueryIoProbes::field candidate_rows_examined :: rustdoc :: 915b63cbcf93389cbf193b861c33c3f76707b6cdd9c52721f0bc7978e948c0fd #1	rustdoc	rows	rows	physical_storage	retain accurate physical/storage terminology	none	omnigraph-engine owning tests plus G2 guard	Reviewed as accurate Lance, Arrow, manifest, recovery, or physical execution terminology.
2	rust_string:crates%2Fomnigraph%2Fsrc%2Finstrumentation.rs:%3Cmodule%3E%3A%3Astruct%20QueryIoProbes%3A%3Afield%20candidate_scan_target_rows_peak:rustdoc:f65133c9a12e8083640690a790b5e75db16971e991d0c6b5bc87f194a00b40da:row:1:1	rust_string	crates/omnigraph/src/instrumentation.rs	<module>::struct QueryIoProbes::field candidate_scan_target_rows_peak :: rustdoc :: f65133c9a12e8083640690a790b5e75db16971e991d0c6b5bc87f194a00b40da #1	rustdoc	row	row	physical_storage	retain accurate physical/storage terminology	none	omnigraph-engine owning tests plus G2 guard	Reviewed as accurate Lance, Arrow, manifest, recovery, or physical execution terminology.
2	rust_string:crates%2Fomnigraph%2Fsrc%2Finstrumentation.rs:%3Cmodule%3E%3A%3Astruct%20QueryIoProbes%3A%3Afield%20data_open_count:rustdoc:1198ff770d6982ea46d3312f03b28d8337ac9bb601d274b8565123d7abb057cf:tables:1:1	rust_string	crates/omnigraph/src/instrumentation.rs	<module>::struct QueryIoProbes::field data_open_count :: rustdoc :: 1198ff770d6982ea46d3312f03b28d8337ac9bb601d274b8565123d7abb057cf #1	rustdoc	tables	tables	physical_storage	retain accurate physical/storage terminology	none	omnigraph-engine owning tests plus G2 guard	Reviewed as accurate Lance, Arrow, manifest, recovery, or physical execution terminology.
2	rust_string:crates%2Fomnigraph%2Fsrc%2Finstrumentation.rs:%3Cmodule%3E%3A%3Astruct%20QueryIoProbes%3A%3Afield%20data_open_count:rustdoc:1352673c40f9d64f8a784e4cbdb25af693fec573125a629ef8674f3135c07c3f:table:1:1	rust_string	crates/omnigraph/src/instrumentation.rs	<module>::struct QueryIoProbes::field data_open_count :: rustdoc :: 1352673c40f9d64f8a784e4cbdb25af693fec573125a629ef8674f3135c07c3f #1	rustdoc	table	table	physical_storage	retain accurate physical/storage terminology	none	omnigraph-engine owning tests plus G2 guard	Reviewed as accurate Lance, Arrow, manifest, recovery, or physical execution terminology.
2	rust_string:crates%2Fomnigraph%2Fsrc%2Finstrumentation.rs:%3Cmodule%3E%3A%3Astruct%20QueryIoProbes%3A%3Afield%20data_open_count:rustdoc:4033d9f8054f02f762e07a3b2b5907d38ea1c8c27e737d9e72bd1b137a520991:tables:1:1	rust_string	crates/omnigraph/src/instrumentation.rs	<module>::struct QueryIoProbes::field data_open_count :: rustdoc :: 4033d9f8054f02f762e07a3b2b5907d38ea1c8c27e737d9e72bd1b137a520991 #1	rustdoc	tables	tables	physical_storage	retain accurate physical/storage terminology	none	omnigraph-engine owning tests plus G2 guard	Reviewed as accurate Lance, Arrow, manifest, recovery, or physical execution terminology.
2	rust_string:crates%2Fomnigraph%2Fsrc%2Finstrumentation.rs:%3Cmodule%3E%3A%3Astruct%20QueryIoProbes%3A%3Afield%20data_open_count:rustdoc:aa73844ab7395773d73f77612b8c698764c82ee177c57f5e3ed267c509cb863c:table:1:1	rust_string	crates/omnigraph/src/instrumentation.rs	<module>::struct QueryIoProbes::field data_open_count :: rustdoc :: aa73844ab7395773d73f77612b8c698764c82ee177c57f5e3ed267c509cb863c #1	rustdoc	table	table	physical_storage	retain accurate physical/storage terminology	none	omnigraph-engine owning tests plus G2 guard	Reviewed as accurate Lance, Arrow, manifest, recovery, or physical execution terminology.
2	rust_string:crates%2Fomnigraph%2Fsrc%2Finstrumentation.rs:%3Cmodule%3E%3A%3Astruct%20QueryIoProbes%3A%3Afield%20graph_build_count:rustdoc:957a686d95cb1091ddbcd5d70a955f271971bfe52e48031fc636f41524545d6d:tables:1:1	rust_string	crates/omnigraph/src/instrumentation.rs	<module>::struct QueryIoProbes::field graph_build_count :: rustdoc :: 957a686d95cb1091ddbcd5d70a955f271971bfe52e48031fc636f41524545d6d #1	rustdoc	tables	tables	physical_storage	retain accurate physical/storage terminology	none	omnigraph-engine owning tests plus G2 guard	Reviewed as accurate Lance, Arrow, manifest, recovery, or physical execution terminology.
2	rust_string:crates%2Fomnigraph%2Fsrc%2Finstrumentation.rs:%3Cmodule%3E%3A%3Astruct%20QueryIoProbes%3A%3Afield%20graph_edges_built:rustdoc:2326636198fa934b60255a3a3bc7eafbbfabc8f28c24f780c26516a2dc1edd24:tables:1:1	rust_string	crates/omnigraph/src/instrumentation.rs	<module>::struct QueryIoProbes::field graph_edges_built :: rustdoc :: 2326636198fa934b60255a3a3bc7eafbbfabc8f28c24f780c26516a2dc1edd24 #1	rustdoc	tables	tables	physical_storage	retain accurate physical/storage terminology	none	omnigraph-engine owning tests plus G2 guard	Reviewed as accurate Lance, Arrow, manifest, recovery, or physical execution terminology.
2	rust_string:crates%2Fomnigraph%2Fsrc%2Finstrumentation.rs:%3Cmodule%3E%3A%3Astruct%20QueryIoProbes%3A%3Afield%20internal_open_count:rustdoc:5d0a7a1e1f162fc30b9d77929b16ee37d4a4ac441ae1ef608bb6566f56373a47:table:1:1	rust_string	crates/omnigraph/src/instrumentation.rs	<module>::struct QueryIoProbes::field internal_open_count :: rustdoc :: 5d0a7a1e1f162fc30b9d77929b16ee37d4a4ac441ae1ef608bb6566f56373a47 #1	rustdoc	table	table	physical_storage	retain accurate physical/storage terminology	none	omnigraph-engine owning tests plus G2 guard	Reviewed as accurate Lance, Arrow, manifest, recovery, or physical execution terminology.
2	rust_string:crates%2Fomnigraph%2Fsrc%2Finstrumentation.rs:%3Cmodule%3E%3A%3Astruct%20QueryIoProbes%3A%3Afield%20manifest_scan_count:rustdoc:32829804921a78906387cfa7bc8ad85b58c0c81276aa607612002dec22861df1:row:1:1	rust_string	crates/omnigraph/src/instrumentation.rs	<module>::struct QueryIoProbes::field manifest_scan_count :: rustdoc :: 32829804921a78906387cfa7bc8ad85b58c0c81276aa607612002dec22861df1 #1	rustdoc	row	row	physical_storage	retain accurate physical/storage terminology	none	omnigraph-engine owning tests plus G2 guard	Reviewed as accurate Lance, Arrow, manifest, recovery, or physical execution terminology.
2	rust_string:crates%2Fomnigraph%2Fsrc%2Finstrumentation.rs:%3Cmodule%3E%3A%3Astruct%20QueryIoProbes%3A%3Afield%20table_wrapper:rustdoc:4f306a84fab906f8e8b8e5b8767805bc125297a1633cab2a4617d284614fb2d6:tables:1:1	rust_string	crates/omnigraph/src/instrumentation.rs	<module>::struct QueryIoProbes::field table_wrapper :: rustdoc :: 4f306a84fab906f8e8b8e5b8767805bc125297a1633cab2a4617d284614fb2d6 #1	rustdoc	tables	retain	physical_storage	retain accurate physical/storage terminology	none	omnigraph-engine owning tests plus G2 guard	Reviewed as accurate Lance, Arrow, manifest, recovery, or physical execution terminology.
2	rust_string:crates%2Fomnigraph%2Fsrc%2Finstrumentation.rs:%3Cmodule%3E%3A%3Astruct%20QueryIoProbes%3A%3Afield%20table_wrapper:rustdoc:949454937cc58184db0f9ade8fc3eaa1673133e1acd50ac28535587c4a2d14ff:table:1:1	rust_string	crates/omnigraph/src/instrumentation.rs	<module>::struct QueryIoProbes::field table_wrapper :: rustdoc :: 949454937cc58184db0f9ade8fc3eaa1673133e1acd50ac28535587c4a2d14ff #1	rustdoc	table	table	physical_storage	retain accurate physical/storage terminology	none	omnigraph-engine owning tests plus G2 guard	Reviewed as accurate Lance, Arrow, manifest, recovery, or physical execution terminology.
2	rust_string:crates%2Fomnigraph%2Fsrc%2Floader%2Fmod.rs:%3Cmodule%3E%3A%3Afn%20canonical_scalar_key:error_constructor:a441366e4f1ae4962d15a47af1d3d3e3d59bf28fd798a265b30c5cfced012100:column:1:1	rust_string	crates/omnigraph/src/loader/mod.rs	<module>::fn canonical_scalar_key :: error_constructor :: a441366e4f1ae4962d15a47af1d3d3e3d59bf28fd798a265b30c5cfced012100 #1	error_constructor	column	column	physical_storage	retain accurate physical/storage terminology	none	omnigraph-engine owning tests plus G2 guard	Reviewed corrected wording at a stable boundary that previously contained legacy graph vocabulary.
2	rust_string:crates%2Fomnigraph%2Fsrc%2Floader%2Fmod.rs:%3Cmodule%3E%3A%3Afn%20explicit_id_matches_scalar_key:error_constructor:8d2a3602c24554e52185c0c67bc65671fd0193bb87c6d71668fbb39c0df5c674:column:1:1	rust_string	crates/omnigraph/src/loader/mod.rs	<module>::fn explicit_id_matches_scalar_key :: error_constructor :: 8d2a3602c24554e52185c0c67bc65671fd0193bb87c6d71668fbb39c0df5c674 #1	error_constructor	column	column	physical_storage	retain accurate physical/storage terminology	none	omnigraph-engine owning tests plus G2 guard	Reviewed as accurate Lance, Arrow, manifest, recovery, or physical execution terminology.
2	rust_string:crates%2Fomnigraph%2Fsrc%2Floader%2Fmod.rs:%3Cmodule%3E%3A%3Afn%20normalize_strict_json_rows:error_constructor:5fe48c2775ac188cf0af4235c1afb717c57906ed54060f83140e38fe1d6b6c39:table:1:1	rust_string	crates/omnigraph/src/loader/mod.rs	<module>::fn normalize_strict_json_rows :: error_constructor :: 5fe48c2775ac188cf0af4235c1afb717c57906ed54060f83140e38fe1d6b6c39 #1	error_constructor	table	table	physical_storage	retain accurate physical/storage terminology	none	omnigraph-engine owning tests plus G2 guard	Reviewed corrected wording at a stable boundary that previously contained legacy graph vocabulary.
2	rust_string:crates%2Fomnigraph%2Fsrc%2Floader%2Fmod.rs:%3Cmodule%3E%3A%3Afn%20projected_strict_column_bytes:error_constructor:df287a4d5ef9c2a6c8a58672edf7c1ab8e4f0d4e2944a639333348ddbf751fb4:row:1:1	rust_string	crates/omnigraph/src/loader/mod.rs	<module>::fn projected_strict_column_bytes :: error_constructor :: df287a4d5ef9c2a6c8a58672edf7c1ab8e4f0d4e2944a639333348ddbf751fb4 #1	error_constructor	row	row	physical_storage	retain accurate physical/storage terminology	none	omnigraph-engine owning tests plus G2 guard	Reviewed as accurate Lance, Arrow, manifest, recovery, or physical execution terminology.
2	rust_string:crates%2Fomnigraph%2Fsrc%2Fruntime_cache.rs:%3Cmodule%3E%3A%3Astruct%20ReadCaches:rustdoc:ab620877fda2c70919a3fdc0dc7db2b2a894ca84fe4bac4b14930e0982a45d85:table:1:1	rust_string	crates/omnigraph/src/runtime_cache.rs	<module>::struct ReadCaches :: rustdoc :: ab620877fda2c70919a3fdc0dc7db2b2a894ca84fe4bac4b14930e0982a45d85 #1	rustdoc	table	table	physical_storage	retain accurate physical/storage terminology	none	omnigraph-engine owning tests plus G2 guard	Reviewed as accurate Lance, Arrow, manifest, recovery, or physical execution terminology.
2	rust_string:crates%2Fomnigraph%2Fsrc%2Fruntime_cache.rs:%3Cmodule%3E%3A%3Astruct%20TableHandleCache:rustdoc:4c2b2b11fe71ff1ada5dcac1f884b99acaf3c473e12c6cb19356167f8aa66aad:table:1:1	rust_string	crates/omnigraph/src/runtime_cache.rs	<module>::struct TableHandleCache :: rustdoc :: 4c2b2b11fe71ff1ada5dcac1f884b99acaf3c473e12c6cb19356167f8aa66aad #1	rustdoc	table	table	physical_storage	retain accurate physical/storage terminology	none	omnigraph-engine owning tests plus G2 guard	Reviewed as accurate Lance, Arrow, manifest, recovery, or physical execution terminology.
2	rust_string:crates%2Fomnigraph%2Fsrc%2Fruntime_cache.rs:%3Cmodule%3E%3A%3Astruct%20TableHandleCache:rustdoc:8fb3ac5ebfd4af7412fbad25fe02b450f545ae366e45da6d916ba94a9a58361c:table:1:1	rust_string	crates/omnigraph/src/runtime_cache.rs	<module>::struct TableHandleCache :: rustdoc :: 8fb3ac5ebfd4af7412fbad25fe02b450f545ae366e45da6d916ba94a9a58361c #1	rustdoc	table	table	physical_storage	retain accurate physical/storage terminology	none	omnigraph-engine owning tests plus G2 guard	Reviewed as accurate Lance, Arrow, manifest, recovery, or physical execution terminology.
2	rust_string:crates%2Fomnigraph%2Fsrc%2Fruntime_cache.rs:%3Cmodule%3E%3A%3Astruct%20TableHandleCache:rustdoc:c37f84f17928dfeac9b3cb64d21a68fc369cbbb4551c9370739b3bea5c481645:table:1:1	rust_string	crates/omnigraph/src/runtime_cache.rs	<module>::struct TableHandleCache :: rustdoc :: c37f84f17928dfeac9b3cb64d21a68fc369cbbb4551c9370739b3bea5c481645 #1	rustdoc	table	table	physical_storage	retain accurate physical/storage terminology	none	omnigraph-engine owning tests plus G2 guard	Reviewed as accurate Lance, Arrow, manifest, recovery, or physical execution terminology.
2	rust_string:crates%2Fomnigraph%2Fsrc%2Fstorage_layer.rs:%3Cmodule%3E%3A%3Aenum%20ForkOutcome:rustdoc:924b88332853ba033a1ae588860f853dc73e2c142ce08750fc0aa106d7aee9de:table:1:1	rust_string	crates/omnigraph/src/storage_layer.rs	<module>::enum ForkOutcome :: rustdoc :: 924b88332853ba033a1ae588860f853dc73e2c142ce08750fc0aa106d7aee9de #1	rustdoc	table	table	physical_storage	retain accurate physical/storage terminology	none	omnigraph-engine owning tests plus G2 guard	Reviewed as accurate Lance, Arrow, manifest, recovery, or physical execution terminology.
2	rust_string:crates%2Fomnigraph%2Fsrc%2Fstorage_layer.rs:%3Cmodule%3E%3A%3Aenum%20ForkOutcome:rustdoc:be4c32586aa235322813b30dc23733353e8ecd3f44304da4179bdd485de94e25:table:1:1	rust_string	crates/omnigraph/src/storage_layer.rs	<module>::enum ForkOutcome :: rustdoc :: be4c32586aa235322813b30dc23733353e8ecd3f44304da4179bdd485de94e25 #1	rustdoc	table	table	physical_storage	retain accurate physical/storage terminology	none	omnigraph-engine owning tests plus G2 guard	Reviewed as accurate Lance, Arrow, manifest, recovery, or physical execution terminology.
2	rust_string:crates%2Fomnigraph%2Fsrc%2Fstorage_layer.rs:%3Cmodule%3E%3A%3Aenum%20ForkOutcome:rustdoc:f95faa604c246dbb8f0a4b6f5a7b63e311cf0d09a55202273bf81112e2b50c6c:table:1:1	rust_string	crates/omnigraph/src/storage_layer.rs	<module>::enum ForkOutcome :: rustdoc :: f95faa604c246dbb8f0a4b6f5a7b63e311cf0d09a55202273bf81112e2b50c6c #1	rustdoc	table	table	physical_storage	retain accurate physical/storage terminology	none	omnigraph-engine owning tests plus G2 guard	Reviewed as accurate Lance, Arrow, manifest, recovery, or physical execution terminology.
2	rust_string:crates%2Fomnigraph%2Fsrc%2Fstorage_layer.rs:%3Cmodule%3E%3A%3Aenum%20IndexBuildSpec%3A%3Avariant%20BTree:rustdoc:052418e43d0367fb41da5e7e5cd1cb42ed52b93684339c190de6480c8efa8938:column:1:1	rust_string	crates/omnigraph/src/storage_layer.rs	<module>::enum IndexBuildSpec::variant BTree :: rustdoc :: 052418e43d0367fb41da5e7e5cd1cb42ed52b93684339c190de6480c8efa8938 #1	rustdoc	column	column	physical_storage	retain accurate physical/storage terminology	none	omnigraph-engine owning tests plus G2 guard	Reviewed as accurate Lance, Arrow, manifest, recovery, or physical execution terminology.
2	rust_string:crates%2Fomnigraph%2Fsrc%2Fstorage_layer.rs:%3Cmodule%3E%3A%3Aenum%20IndexBuildSpec%3A%3Avariant%20BTree:rustdoc:277a90a2afd0d646fb2b6f975086f29a4747e1a26b36df9e5713cff5706ec516:column:1:1	rust_string	crates/omnigraph/src/storage_layer.rs	<module>::enum IndexBuildSpec::variant BTree :: rustdoc :: 277a90a2afd0d646fb2b6f975086f29a4747e1a26b36df9e5713cff5706ec516 #1	rustdoc	column	column	physical_storage	retain accurate physical/storage terminology	none	omnigraph-engine owning tests plus G2 guard	Reviewed as accurate Lance, Arrow, manifest, recovery, or physical execution terminology.
2	rust_string:crates%2Fomnigraph%2Fsrc%2Fstorage_layer.rs:%3Cmodule%3E%3A%3Aenum%20IndexBuildSpec%3A%3Avariant%20BTree:rustdoc:d116b0ed8365bea002447976d25c0551a091d1afb866f1a675ff2ea6a60b3160:column:1:1	rust_string	crates/omnigraph/src/storage_layer.rs	<module>::enum IndexBuildSpec::variant BTree :: rustdoc :: d116b0ed8365bea002447976d25c0551a091d1afb866f1a675ff2ea6a60b3160 #1	rustdoc	column	column	physical_storage	retain accurate physical/storage terminology	none	omnigraph-engine owning tests plus G2 guard	Reviewed as accurate Lance, Arrow, manifest, recovery, or physical execution terminology.
2	rust_string:crates%2Fomnigraph%2Fsrc%2Fstorage_layer.rs:%3Cmodule%3E%3A%3Aenum%20IndexBuildSpec:rustdoc:1a302cabaa33c10350cbae74f52a1f24b38b736ae798c39be8f26d89c5ffb45c:table:1:1	rust_string	crates/omnigraph/src/storage_layer.rs	<module>::enum IndexBuildSpec :: rustdoc :: 1a302cabaa33c10350cbae74f52a1f24b38b736ae798c39be8f26d89c5ffb45c #1	rustdoc	table	table	physical_storage	retain accurate physical/storage terminology	none	omnigraph-engine owning tests plus G2 guard	Reviewed as accurate Lance, Arrow, manifest, recovery, or physical execution terminology.
2	rust_string:crates%2Fomnigraph%2Fsrc%2Fstorage_layer.rs:%3Cmodule%3E%3A%3Aenum%20IndexBuildSpec:rustdoc:8a83fc206f3a9113355dadc89b557545c7be30a80bf9758c49eff129a0e59710:Table:1:1	rust_string	crates/omnigraph/src/storage_layer.rs	<module>::enum IndexBuildSpec :: rustdoc :: 8a83fc206f3a9113355dadc89b557545c7be30a80bf9758c49eff129a0e59710 #1	rustdoc	Table	Table	physical_storage	retain accurate physical/storage terminology	none	omnigraph-engine owning tests plus G2 guard	Reviewed as accurate Lance, Arrow, manifest, recovery, or physical execution terminology.
2	rust_string:crates%2Fomnigraph%2Fsrc%2Fstorage_layer.rs:%3Cmodule%3E%3A%3Aenum%20IndexBuildSpec:rustdoc:ee9f3d4b7f64e9c4a87a641d4b5fdd8646e380d51ba9f1141a201626e4fb022a:table:1:1	rust_string	crates/omnigraph/src/storage_layer.rs	<module>::enum IndexBuildSpec :: rustdoc :: ee9f3d4b7f64e9c4a87a641d4b5fdd8646e380d51ba9f1141a201626e4fb022a #1	rustdoc	table	table	physical_storage	retain accurate physical/storage terminology	none	omnigraph-engine owning tests plus G2 guard	Reviewed as accurate Lance, Arrow, manifest, recovery, or physical execution terminology.
2	rust_string:crates%2Fomnigraph%2Fsrc%2Fstorage_layer.rs:%3Cmodule%3E%3A%3Aenum%20KeyedWriteSemantics%3A%3Avariant%20KnownPresentUpdate:rustdoc:6f8d1ec96ebd0310de00a0d10923b921b66763411a4237edef88ffbde7f65979:rows:1:1	rust_string	crates/omnigraph/src/storage_layer.rs	<module>::enum KeyedWriteSemantics::variant KnownPresentUpdate :: rustdoc :: 6f8d1ec96ebd0310de00a0d10923b921b66763411a4237edef88ffbde7f65979 #1	rustdoc	rows	rows	physical_storage	retain accurate physical/storage terminology	none	omnigraph-engine owning tests plus G2 guard	Reviewed as accurate Lance, Arrow, manifest, recovery, or physical execution terminology.
2	rust_string:crates%2Fomnigraph%2Fsrc%2Fstorage_layer.rs:%3Cmodule%3E%3A%3Aenum%20KeyedWriteSemantics%3A%3Avariant%20StrictInsert:rustdoc:03458838647024499890c64c4f75fd67a56ba79ce767247bc7185bf54899dcb7:row:1:1	rust_string	crates/omnigraph/src/storage_layer.rs	<module>::enum KeyedWriteSemantics::variant StrictInsert :: rustdoc :: 03458838647024499890c64c4f75fd67a56ba79ce767247bc7185bf54899dcb7 #1	rustdoc	row	row	physical_storage	retain accurate physical/storage terminology	none	omnigraph-engine owning tests plus G2 guard	Reviewed as accurate Lance, Arrow, manifest, recovery, or physical execution terminology.
2	rust_string:crates%2Fomnigraph%2Fsrc%2Fstorage_layer.rs:%3Cmodule%3E%3A%3Aenum%20KeyedWriteSemantics%3A%3Avariant%20Upsert:rustdoc:ba6f3d9013245a225ea91e0bb65e9165aa1f5b1721c00da1fbe755b8e3ffd630:row:1:1	rust_string	crates/omnigraph/src/storage_layer.rs	<module>::enum KeyedWriteSemantics::variant Upsert :: rustdoc :: ba6f3d9013245a225ea91e0bb65e9165aa1f5b1721c00da1fbe755b8e3ffd630 #1	rustdoc	row	row	physical_storage	retain accurate physical/storage terminology	none	omnigraph-engine owning tests plus G2 guard	Reviewed as accurate Lance, Arrow, manifest, recovery, or physical execution terminology.
2	rust_string:crates%2Fomnigraph%2Fsrc%2Fstorage_layer.rs:%3Cmodule%3E%3A%3Aimpl%20SnapshotHandle%3A%3Afn%20uses_stable_row_ids:rustdoc:540d0f107dbf37233a6a0417b52e60dbef9a9615fd1b5d5acbce4137891d4fc4:row:1:1	rust_string	crates/omnigraph/src/storage_layer.rs	<module>::impl SnapshotHandle::fn uses_stable_row_ids :: rustdoc :: 540d0f107dbf37233a6a0417b52e60dbef9a9615fd1b5d5acbce4137891d4fc4 #1	rustdoc	row	row	physical_storage	retain accurate physical/storage terminology	none	omnigraph-engine owning tests plus G2 guard	Reviewed as accurate Lance, Arrow, manifest, recovery, or physical execution terminology.
2	rust_string:crates%2Fomnigraph%2Fsrc%2Fstorage_layer.rs:%3Cmodule%3E%3A%3Aimpl%20SnapshotHandle%3A%3Afn%20version:rustdoc:598309492db2a3391ce03a8144b136b3e458576eaee87a537d64f4cd9ebfea77:manifest%20version:1:1	rust_string	crates/omnigraph/src/storage_layer.rs	<module>::impl SnapshotHandle::fn version :: rustdoc :: 598309492db2a3391ce03a8144b136b3e458576eaee87a537d64f4cd9ebfea77 #1	rustdoc	manifest version	manifest version	physical_storage	retain accurate physical/storage terminology	none	omnigraph-engine owning tests plus G2 guard	Reviewed as accurate Lance, Arrow, manifest, recovery, or physical execution terminology.
2	rust_string:crates%2Fomnigraph%2Fsrc%2Fstorage_layer.rs:%3Cmodule%3E%3A%3Amod%20sealed%3A%3Atrait%20Sealed:rustdoc:c69cdd84aa393e444b2ceb7828329de2ca40a7f2f2822b9f8e14a7b4a690ad04:Table:1:1	rust_string	crates/omnigraph/src/storage_layer.rs	<module>::mod sealed::trait Sealed :: rustdoc :: c69cdd84aa393e444b2ceb7828329de2ca40a7f2f2822b9f8e14a7b4a690ad04 #1	rustdoc	Table	Table	physical_storage	retain accurate physical/storage terminology	none	omnigraph-engine owning tests plus G2 guard	Reviewed as accurate Lance, Arrow, manifest, recovery, or physical execution terminology.
2	rust_string:crates%2Fomnigraph%2Fsrc%2Fstorage_layer.rs:%3Cmodule%3E%3A%3Astruct%20ExactCommitOutcome:rustdoc:a5aa54e126478e4ae5e6f42f10fae4c11079a707825320cbedae00855641ea7a:sidecar:1:1	rust_string	crates/omnigraph/src/storage_layer.rs	<module>::struct ExactCommitOutcome :: rustdoc :: a5aa54e126478e4ae5e6f42f10fae4c11079a707825320cbedae00855641ea7a #1	rustdoc	sidecar	sidecar	physical_storage	retain accurate physical/storage terminology	none	omnigraph-engine owning tests plus G2 guard	Reviewed as accurate Lance, Arrow, manifest, recovery, or physical execution terminology.
2	rust_string:crates%2Fomnigraph%2Fsrc%2Fstorage_layer.rs:%3Cmodule%3E%3A%3Astruct%20ExactCommitOutcome:rustdoc:f6bd1e74afad3be44f8d293edf43863c6117a21a9409e5fc843540b512fba238:table:1:1	rust_string	crates/omnigraph/src/storage_layer.rs	<module>::struct ExactCommitOutcome :: rustdoc :: f6bd1e74afad3be44f8d293edf43863c6117a21a9409e5fc843540b512fba238 #1	rustdoc	table	table	physical_storage	retain accurate physical/storage terminology	none	omnigraph-engine owning tests plus G2 guard	Reviewed as accurate Lance, Arrow, manifest, recovery, or physical execution terminology.
2	rust_string:crates%2Fomnigraph%2Fsrc%2Fstorage_layer.rs:%3Cmodule%3E%3A%3Astruct%20ProvenInsertChunk:rustdoc:e66f8bf9cfe3891f1178c2db2ed17f3ceced2fefbe69f163d8f55e07c1c807ac:table:1:1	rust_string	crates/omnigraph/src/storage_layer.rs	<module>::struct ProvenInsertChunk :: rustdoc :: e66f8bf9cfe3891f1178c2db2ed17f3ceced2fefbe69f163d8f55e07c1c807ac #1	rustdoc	table	table	physical_storage	retain accurate physical/storage terminology	none	omnigraph-engine owning tests plus G2 guard	Reviewed as accurate Lance, Arrow, manifest, recovery, or physical execution terminology.
2	rust_string:crates%2Fomnigraph%2Fsrc%2Fstorage_layer.rs:%3Cmodule%3E%3A%3Astruct%20SnapshotHandle:rustdoc:39372f064a99e3c76da49fe5edd3ffe897da660d9560b00056a36c7b190ac5da:table:1:1	rust_string	crates/omnigraph/src/storage_layer.rs	<module>::struct SnapshotHandle :: rustdoc :: 39372f064a99e3c76da49fe5edd3ffe897da660d9560b00056a36c7b190ac5da #1	rustdoc	table	table	physical_storage	retain accurate physical/storage terminology	none	omnigraph-engine owning tests plus G2 guard	Reviewed as accurate Lance, Arrow, manifest, recovery, or physical execution terminology.
2	rust_string:crates%2Fomnigraph%2Fsrc%2Fstorage_layer.rs:%3Cmodule%3E%3A%3Astruct%20SnapshotHandle:rustdoc:b19ea350c5642bb167271482bd9a4dce55739ac4568c37bad86e11c19377ef51:Table:1:1	rust_string	crates/omnigraph/src/storage_layer.rs	<module>::struct SnapshotHandle :: rustdoc :: b19ea350c5642bb167271482bd9a4dce55739ac4568c37bad86e11c19377ef51 #1	rustdoc	Table	Table	physical_storage	retain accurate physical/storage terminology	none	omnigraph-engine owning tests plus G2 guard	Reviewed as accurate Lance, Arrow, manifest, recovery, or physical execution terminology.
2	rust_string:crates%2Fomnigraph%2Fsrc%2Fstorage_layer.rs:%3Cmodule%3E%3A%3Astruct%20StagedHandle:rustdoc:5905a499a98c44337a4d2e90c8837ed509edaf83829e3e9488ad6e87eee1c1c6:Table:1:1	rust_string	crates/omnigraph/src/storage_layer.rs	<module>::struct StagedHandle :: rustdoc :: 5905a499a98c44337a4d2e90c8837ed509edaf83829e3e9488ad6e87eee1c1c6 #1	rustdoc	Table	Table	physical_storage	retain accurate physical/storage terminology	none	omnigraph-engine owning tests plus G2 guard	Reviewed as accurate Lance, Arrow, manifest, recovery, or physical execution terminology.
2	rust_string:crates%2Fomnigraph%2Fsrc%2Fstorage_layer.rs:%3Cmodule%3E%3A%3Astruct%20StagedHandle:rustdoc:c4cd37cb4e7fd654e071e27392f905086774ea5e3b19a407a407e065dff173be:Table:1:1	rust_string	crates/omnigraph/src/storage_layer.rs	<module>::struct StagedHandle :: rustdoc :: c4cd37cb4e7fd654e071e27392f905086774ea5e3b19a407a407e065dff173be #1	rustdoc	Table	Table	physical_storage	retain accurate physical/storage terminology	none	omnigraph-engine owning tests plus G2 guard	Reviewed as accurate Lance, Arrow, manifest, recovery, or physical execution terminology.
2	rust_string:crates%2Fomnigraph%2Fsrc%2Fstorage_layer.rs:%3Cmodule%3E%3A%3Atrait%20TableStorage%3A%3Afn%20first_existing_id:rustdoc:39177dd22772bc215804221c039564adc36a41d2a4e5a7e2fece584b5ca4cde2:table:1:1	rust_string	crates/omnigraph/src/storage_layer.rs	<module>::trait TableStorage::fn first_existing_id :: rustdoc :: 39177dd22772bc215804221c039564adc36a41d2a4e5a7e2fece584b5ca4cde2 #1	rustdoc	table	table	physical_storage	retain accurate physical/storage terminology	none	omnigraph-engine owning tests plus G2 guard	Reviewed as accurate Lance, Arrow, manifest, recovery, or physical execution terminology.
2	rust_string:crates%2Fomnigraph%2Fsrc%2Fstorage_layer.rs:%3Cmodule%3E%3A%3Atrait%20TableStorage%3A%3Afn%20force_delete_branch:rustdoc:ccb028850d1b371def90a3fbf7a05da9be1ec207c32f48994a5eeb90a033c915:tables:1:1	rust_string	crates/omnigraph/src/storage_layer.rs	<module>::trait TableStorage::fn force_delete_branch :: rustdoc :: ccb028850d1b371def90a3fbf7a05da9be1ec207c32f48994a5eeb90a033c915 #1	rustdoc	tables	tables	physical_storage	retain accurate physical/storage terminology	none	omnigraph-engine owning tests plus G2 guard	Reviewed as accurate Lance, Arrow, manifest, recovery, or physical execution terminology.
2	rust_string:crates%2Fomnigraph%2Fsrc%2Fstorage_layer.rs:%3Cmodule%3E%3A%3Atrait%20TableStorage%3A%3Afn%20list_native_branches:rustdoc:12a9a98c9926c53a31b8143a892a05de1efca50ffa576dc67a987fe7365cad7e:table:1:1	rust_string	crates/omnigraph/src/storage_layer.rs	<module>::trait TableStorage::fn list_native_branches :: rustdoc :: 12a9a98c9926c53a31b8143a892a05de1efca50ffa576dc67a987fe7365cad7e #1	rustdoc	table	table	physical_storage	retain accurate physical/storage terminology	none	omnigraph-engine owning tests plus G2 guard	Reviewed as accurate Lance, Arrow, manifest, recovery, or physical execution terminology.
2	rust_string:crates%2Fomnigraph%2Fsrc%2Fstorage_layer.rs:%3Cmodule%3E%3A%3Atrait%20TableStorage%3A%3Afn%20scan_proven_insert_delta_bounded:rustdoc:98a38764b01981367d1799a530c9550943d608eda45f33f43de78ccc38dd3b80:row:1:1	rust_string	crates/omnigraph/src/storage_layer.rs	<module>::trait TableStorage::fn scan_proven_insert_delta_bounded :: rustdoc :: 98a38764b01981367d1799a530c9550943d608eda45f33f43de78ccc38dd3b80 #1	rustdoc	row	row	physical_storage	retain accurate physical/storage terminology	none	omnigraph-engine owning tests plus G2 guard	Reviewed as accurate Lance, Arrow, manifest, recovery, or physical execution terminology.
2	rust_string:crates%2Fomnigraph%2Fsrc%2Fstorage_layer.rs:%3Cmodule%3E%3A%3Atrait%20TableStorage%3A%3Afn%20scan_proven_insert_delta_bounded:rustdoc:c2410cadffa423edcbfa932f313a13854ce1a8908bfdff569153c98ec6405cf6:row:1:1	rust_string	crates/omnigraph/src/storage_layer.rs	<module>::trait TableStorage::fn scan_proven_insert_delta_bounded :: rustdoc :: c2410cadffa423edcbfa932f313a13854ce1a8908bfdff569153c98ec6405cf6 #1	rustdoc	row	row	physical_storage	retain accurate physical/storage terminology	none	omnigraph-engine owning tests plus G2 guard	Reviewed as accurate Lance, Arrow, manifest, recovery, or physical execution terminology.
2	rust_string:crates%2Fomnigraph%2Fsrc%2Fstorage_layer.rs:%3Cmodule%3E%3A%3Atrait%20TableStorage%3A%3Afn%20scan_proven_insert_delta_bounded:rustdoc:d2e10bada7f2f201e8f2b5e237a68db9b5a85f2944ecf078ac8bcfc8e7f56937:row:1:1	rust_string	crates/omnigraph/src/storage_layer.rs	<module>::trait TableStorage::fn scan_proven_insert_delta_bounded :: rustdoc :: d2e10bada7f2f201e8f2b5e237a68db9b5a85f2944ecf078ac8bcfc8e7f56937 #1	rustdoc	row	row	physical_storage	retain accurate physical/storage terminology	none	omnigraph-engine owning tests plus G2 guard	Reviewed as accurate Lance, Arrow, manifest, recovery, or physical execution terminology.
2	rust_string:crates%2Fomnigraph%2Fsrc%2Fstorage_layer.rs:%3Cmodule%3E%3A%3Atrait%20TableStorage%3A%3Afn%20scan_proven_insert_delta_bounded:rustdoc:fdb44421d5d181472745ce4e208d3a7432fce659256180dee25f012efd5544a6:rows:1:1	rust_string	crates/omnigraph/src/storage_layer.rs	<module>::trait TableStorage::fn scan_proven_insert_delta_bounded :: rustdoc :: fdb44421d5d181472745ce4e208d3a7432fce659256180dee25f012efd5544a6 #1	rustdoc	rows	rows	physical_storage	retain accurate physical/storage terminology	none	omnigraph-engine owning tests plus G2 guard	Reviewed as accurate Lance, Arrow, manifest, recovery, or physical execution terminology.
2	rust_string:crates%2Fomnigraph%2Fsrc%2Fstorage_layer.rs:%3Cmodule%3E%3A%3Atrait%20TableStorage%3A%3Afn%20scan_stream_bounded:rustdoc:04dd47b50f9c1acdaa42a160823ad4f5246081baedeebcb979925dbbc36b25ed:row:1:1	rust_string	crates/omnigraph/src/storage_layer.rs	<module>::trait TableStorage::fn scan_stream_bounded :: rustdoc :: 04dd47b50f9c1acdaa42a160823ad4f5246081baedeebcb979925dbbc36b25ed #1	rustdoc	row	row	physical_storage	retain accurate physical/storage terminology	none	omnigraph-engine owning tests plus G2 guard	Reviewed as accurate Lance, Arrow, manifest, recovery, or physical execution terminology.
2	rust_string:crates%2Fomnigraph%2Fsrc%2Fstorage_layer.rs:%3Cmodule%3E%3A%3Atrait%20TableStorage%3A%3Afn%20scan_stream_bounded:rustdoc:8a5b3eeb6959ed4a7ba8957e2ee3a1db886c18342565acd498efb7971bb96dcd:row:1:1	rust_string	crates/omnigraph/src/storage_layer.rs	<module>::trait TableStorage::fn scan_stream_bounded :: rustdoc :: 8a5b3eeb6959ed4a7ba8957e2ee3a1db886c18342565acd498efb7971bb96dcd #1	rustdoc	row	row	physical_storage	retain accurate physical/storage terminology	none	omnigraph-engine owning tests plus G2 guard	Reviewed as accurate Lance, Arrow, manifest, recovery, or physical execution terminology.
2	rust_string:crates%2Fomnigraph%2Fsrc%2Fstorage_layer.rs:%3Cmodule%3E%3A%3Atrait%20TableStorage%3A%3Afn%20scan_stream_for_rewrite_bounded:rustdoc:d438524409c9004549cb5d2c88a3508d4c07889cf981dd4b13d0927a27290164:row:1:1	rust_string	crates/omnigraph/src/storage_layer.rs	<module>::trait TableStorage::fn scan_stream_for_rewrite_bounded :: rustdoc :: d438524409c9004549cb5d2c88a3508d4c07889cf981dd4b13d0927a27290164 #1	rustdoc	row	row	physical_storage	retain accurate physical/storage terminology	none	omnigraph-engine owning tests plus G2 guard	Reviewed as accurate Lance, Arrow, manifest, recovery, or physical execution terminology.
2	rust_string:crates%2Fomnigraph%2Fsrc%2Fstorage_layer.rs:%3Cmodule%3E%3A%3Atrait%20TableStorage%3A%3Afn%20scan_with_pending_materialized_blobs:rustdoc:29c9f643df44fb427d0769253adab5efb0a1973913658c6ce69db00c45536c91:rows:1:1	rust_string	crates/omnigraph/src/storage_layer.rs	<module>::trait TableStorage::fn scan_with_pending_materialized_blobs :: rustdoc :: 29c9f643df44fb427d0769253adab5efb0a1973913658c6ce69db00c45536c91 #1	rustdoc	rows	rows	physical_storage	retain accurate physical/storage terminology	none	omnigraph-engine owning tests plus G2 guard	Reviewed as accurate Lance, Arrow, manifest, recovery, or physical execution terminology.
2	rust_string:crates%2Fomnigraph%2Fsrc%2Fstorage_layer.rs:%3Cmodule%3E%3A%3Atrait%20TableStorage%3A%3Afn%20scan_with_pending_materialized_blobs:rustdoc:ed5917a336ef9cb75d5a578882aa80d705898f51483495486f77e5c34dffabd2:row:1:1	rust_string	crates/omnigraph/src/storage_layer.rs	<module>::trait TableStorage::fn scan_with_pending_materialized_blobs :: rustdoc :: ed5917a336ef9cb75d5a578882aa80d705898f51483495486f77e5c34dffabd2 #1	rustdoc	row	row	physical_storage	retain accurate physical/storage terminology	none	omnigraph-engine owning tests plus G2 guard	Reviewed as accurate Lance, Arrow, manifest, recovery, or physical execution terminology.
2	rust_string:crates%2Fomnigraph%2Fsrc%2Fstorage_layer.rs:%3Cmodule%3E%3A%3Atrait%20TableStorage%3A%3Afn%20stage_append_stream:rustdoc:15700dbe1ebac20827821e696cf2bca18c8a255ef0231f3cfd5bcadd213866a9:rows:1:1	rust_string	crates/omnigraph/src/storage_layer.rs	<module>::trait TableStorage::fn stage_append_stream :: rustdoc :: 15700dbe1ebac20827821e696cf2bca18c8a255ef0231f3cfd5bcadd213866a9 #1	rustdoc	rows	rows	physical_storage	retain accurate physical/storage terminology	none	omnigraph-engine owning tests plus G2 guard	Reviewed as accurate Lance, Arrow, manifest, recovery, or physical execution terminology.
2	rust_string:crates%2Fomnigraph%2Fsrc%2Fstorage_layer.rs:%3Cmodule%3E%3A%3Atrait%20TableStorage%3A%3Afn%20stage_append_stream:rustdoc:15700dbe1ebac20827821e696cf2bca18c8a255ef0231f3cfd5bcadd213866a9:table:1:1	rust_string	crates/omnigraph/src/storage_layer.rs	<module>::trait TableStorage::fn stage_append_stream :: rustdoc :: 15700dbe1ebac20827821e696cf2bca18c8a255ef0231f3cfd5bcadd213866a9 #1	rustdoc	table	table	physical_storage	retain accurate physical/storage terminology	none	omnigraph-engine owning tests plus G2 guard	Reviewed as accurate Lance, Arrow, manifest, recovery, or physical execution terminology.
2	rust_string:crates%2Fomnigraph%2Fsrc%2Fstorage_layer.rs:%3Cmodule%3E%3A%3Atrait%20TableStorage%3A%3Afn%20stage_append_stream:rustdoc:a9594c5074fd392923846a23ef2eceb9bdbc0043b2e96344b9b13fbaf043cf95:Table:1:1	rust_string	crates/omnigraph/src/storage_layer.rs	<module>::trait TableStorage::fn stage_append_stream :: rustdoc :: a9594c5074fd392923846a23ef2eceb9bdbc0043b2e96344b9b13fbaf043cf95 #1	rustdoc	Table	Table	physical_storage	retain accurate physical/storage terminology	none	omnigraph-engine owning tests plus G2 guard	Reviewed as accurate Lance, Arrow, manifest, recovery, or physical execution terminology.
2	rust_string:crates%2Fomnigraph%2Fsrc%2Fstorage_layer.rs:%3Cmodule%3E%3A%3Atrait%20TableStorage%3A%3Afn%20stage_append_stream:rustdoc:a9594c5074fd392923846a23ef2eceb9bdbc0043b2e96344b9b13fbaf043cf95:row:1:1	rust_string	crates/omnigraph/src/storage_layer.rs	<module>::trait TableStorage::fn stage_append_stream :: rustdoc :: a9594c5074fd392923846a23ef2eceb9bdbc0043b2e96344b9b13fbaf043cf95 #1	rustdoc	row	row	physical_storage	retain accurate physical/storage terminology	none	omnigraph-engine owning tests plus G2 guard	Reviewed as accurate Lance, Arrow, manifest, recovery, or physical execution terminology.
2	rust_string:crates%2Fomnigraph%2Fsrc%2Fstorage_layer.rs:%3Cmodule%3E%3A%3Atrait%20TableStorage%3A%3Afn%20stage_create:rustdoc:7b6662dc2eae2773b0020d215d0739477a49a074e287ab6b42f05d2014de4617:manifest%2FHEAD:1:1	rust_string	crates/omnigraph/src/storage_layer.rs	<module>::trait TableStorage::fn stage_create :: rustdoc :: 7b6662dc2eae2773b0020d215d0739477a49a074e287ab6b42f05d2014de4617 #1	rustdoc	manifest/HEAD	manifest/HEAD	physical_storage	retain accurate physical/storage terminology	none	omnigraph-engine owning tests plus G2 guard	Reviewed as accurate Lance, Arrow, manifest, recovery, or physical execution terminology.
2	rust_string:crates%2Fomnigraph%2Fsrc%2Fstorage_layer.rs:%3Cmodule%3E%3A%3Atrait%20TableStorage%3A%3Afn%20stage_create_indices:rustdoc:a163b4dbd810e062904dc10ec986ee23f39e4a77b47d3303e1d804ce309ffd76:table:1:1	rust_string	crates/omnigraph/src/storage_layer.rs	<module>::trait TableStorage::fn stage_create_indices :: rustdoc :: a163b4dbd810e062904dc10ec986ee23f39e4a77b47d3303e1d804ce309ffd76 #1	rustdoc	table	table	physical_storage	retain accurate physical/storage terminology	none	omnigraph-engine owning tests plus G2 guard	Reviewed as accurate Lance, Arrow, manifest, recovery, or physical execution terminology.
2	rust_string:crates%2Fomnigraph%2Fsrc%2Fstorage_layer.rs:%3Cmodule%3E%3A%3Atrait%20TableStorage%3A%3Afn%20stage_delete:rustdoc:0ce7cbf96b495367fdea77a38d265dbcc6259b701066ea72ea12d06309a9c642:table:1:1	rust_string	crates/omnigraph/src/storage_layer.rs	<module>::trait TableStorage::fn stage_delete :: rustdoc :: 0ce7cbf96b495367fdea77a38d265dbcc6259b701066ea72ea12d06309a9c642 #1	rustdoc	table	table	physical_storage	retain accurate physical/storage terminology	none	omnigraph-engine owning tests plus G2 guard	Reviewed as accurate Lance, Arrow, manifest, recovery, or physical execution terminology.
2	rust_string:crates%2Fomnigraph%2Fsrc%2Fstorage_layer.rs:%3Cmodule%3E%3A%3Atrait%20TableStorage%3A%3Afn%20stage_delete:rustdoc:74d0d08c26fecefbfa5452a32a3d7fc137cb1d0e4ff9a20d46b391b5c3c36bff:rows:1:1	rust_string	crates/omnigraph/src/storage_layer.rs	<module>::trait TableStorage::fn stage_delete :: rustdoc :: 74d0d08c26fecefbfa5452a32a3d7fc137cb1d0e4ff9a20d46b391b5c3c36bff #1	rustdoc	rows	rows	physical_storage	retain accurate physical/storage terminology	none	omnigraph-engine owning tests plus G2 guard	Reviewed as accurate Lance, Arrow, manifest, recovery, or physical execution terminology.
2	rust_string:crates%2Fomnigraph%2Fsrc%2Fstorage_layer.rs:%3Cmodule%3E%3A%3Atrait%20TableStorage%3A%3Afn%20stage_delete:rustdoc:86eaa68c0f8de8402a675238173d4e393614be209489dd2a9de4003d02343488:Table:1:1	rust_string	crates/omnigraph/src/storage_layer.rs	<module>::trait TableStorage::fn stage_delete :: rustdoc :: 86eaa68c0f8de8402a675238173d4e393614be209489dd2a9de4003d02343488 #1	rustdoc	Table	Table	physical_storage	retain accurate physical/storage terminology	none	omnigraph-engine owning tests plus G2 guard	Reviewed as accurate Lance, Arrow, manifest, recovery, or physical execution terminology.
2	rust_string:crates%2Fomnigraph%2Fsrc%2Fstorage_layer.rs:%3Cmodule%3E%3A%3Atrait%20TableStorage%3A%3Afn%20stage_keyed_write_stream:rustdoc:2916469c35a397210d37350fd2224e8680f17ed433c7c7c82b9811b4257baa59:rows:1:1	rust_string	crates/omnigraph/src/storage_layer.rs	<module>::trait TableStorage::fn stage_keyed_write_stream :: rustdoc :: 2916469c35a397210d37350fd2224e8680f17ed433c7c7c82b9811b4257baa59 #1	rustdoc	rows	rows	physical_storage	retain accurate physical/storage terminology	none	omnigraph-engine owning tests plus G2 guard	Reviewed as accurate Lance, Arrow, manifest, recovery, or physical execution terminology.
2	rust_string:crates%2Fomnigraph%2Fsrc%2Fstorage_layer.rs:%3Cmodule%3E%3A%3Atrait%20TableStorage%3A%3Afn%20stage_proven_strict_insert:rustdoc:0f6ca2e68734d1cb5d3cfc54709afda23f4e749175cee3454582f3bcb3bd5148:row:1:1	rust_string	crates/omnigraph/src/storage_layer.rs	<module>::trait TableStorage::fn stage_proven_strict_insert :: rustdoc :: 0f6ca2e68734d1cb5d3cfc54709afda23f4e749175cee3454582f3bcb3bd5148 #1	rustdoc	row	row	physical_storage	retain accurate physical/storage terminology	none	omnigraph-engine owning tests plus G2 guard	Reviewed as accurate Lance, Arrow, manifest, recovery, or physical execution terminology.
2	rust_string:crates%2Fomnigraph%2Fsrc%2Fstorage_layer.rs:%3Cmodule%3E%3A%3Atrait%20TableStorage%3A%3Afn%20validate_keyed_write_batch:rustdoc:1d5e75ed2fdd58b7581f99ae54cb25567ea89c69517014ba9d64ed3d50f50ed3:table:1:1	rust_string	crates/omnigraph/src/storage_layer.rs	<module>::trait TableStorage::fn validate_keyed_write_batch :: rustdoc :: 1d5e75ed2fdd58b7581f99ae54cb25567ea89c69517014ba9d64ed3d50f50ed3 #1	rustdoc	table	table	physical_storage	retain accurate physical/storage terminology	none	omnigraph-engine owning tests plus G2 guard	Reviewed as accurate Lance, Arrow, manifest, recovery, or physical execution terminology.
2	rust_string:crates%2Fomnigraph%2Fsrc%2Fstorage_layer.rs:%3Cmodule%3E%3A%3Atrait%20TableStorage:rustdoc:88cd41f161077caded4439b3ea53addb474afc9553b11ceb5135d0706d1c55e4:Table:1:1	rust_string	crates/omnigraph/src/storage_layer.rs	<module>::trait TableStorage :: rustdoc :: 88cd41f161077caded4439b3ea53addb474afc9553b11ceb5135d0706d1c55e4 #1	rustdoc	Table	Table	physical_storage	retain accurate physical/storage terminology	none	omnigraph-engine owning tests plus G2 guard	Reviewed as accurate Lance, Arrow, manifest, recovery, or physical execution terminology.
2	rust_string:crates%2Fomnigraph%2Fsrc%2Fstorage_layer.rs:%3Cmodule%3E:rustdoc:01352b5a37b8a7b0c7d9e0990550e3f7acd13e48e652af11621d34fb1f4cdbc9:table:1:1	rust_string	crates/omnigraph/src/storage_layer.rs	<module> :: rustdoc :: 01352b5a37b8a7b0c7d9e0990550e3f7acd13e48e652af11621d34fb1f4cdbc9 #1	rustdoc	table	table	physical_storage	retain accurate physical/storage terminology	none	omnigraph-engine owning tests plus G2 guard	Reviewed as accurate Lance, Arrow, manifest, recovery, or physical execution terminology.
2	rust_string:crates%2Fomnigraph%2Fsrc%2Fstorage_layer.rs:%3Cmodule%3E:rustdoc:40cbeb5725436f18fc21c826100410b759d0ef996a72ecc1c9cab600f02f4a75:Table:1:1	rust_string	crates/omnigraph/src/storage_layer.rs	<module> :: rustdoc :: 40cbeb5725436f18fc21c826100410b759d0ef996a72ecc1c9cab600f02f4a75 #1	rustdoc	Table	Table	physical_storage	retain accurate physical/storage terminology	none	omnigraph-engine owning tests plus G2 guard	Reviewed as accurate Lance, Arrow, manifest, recovery, or physical execution terminology.
2	rust_string:crates%2Fomnigraph%2Fsrc%2Fstorage_layer.rs:%3Cmodule%3E:rustdoc:6fdd91ff9b2546cd2ef5797a83126f0020395aca953d9d43564e028f3afe8783:table:1:1	rust_string	crates/omnigraph/src/storage_layer.rs	<module> :: rustdoc :: 6fdd91ff9b2546cd2ef5797a83126f0020395aca953d9d43564e028f3afe8783 #1	rustdoc	table	table	physical_storage	retain accurate physical/storage terminology	none	omnigraph-engine owning tests plus G2 guard	Reviewed as accurate Lance, Arrow, manifest, recovery, or physical execution terminology.
2	rust_string:crates%2Fomnigraph%2Fsrc%2Fstorage_layer.rs:%3Cmodule%3E:rustdoc:b6829fb8f20bc34103264c9be33336e0aafdc015fc92df3d4306ac057bc9be4c:Table:1:1	rust_string	crates/omnigraph/src/storage_layer.rs	<module> :: rustdoc :: b6829fb8f20bc34103264c9be33336e0aafdc015fc92df3d4306ac057bc9be4c #1	rustdoc	Table	Table	physical_storage	retain accurate physical/storage terminology	none	omnigraph-engine owning tests plus G2 guard	Reviewed as accurate Lance, Arrow, manifest, recovery, or physical execution terminology.
2	rust_string:crates%2Fomnigraph%2Fsrc%2Fstorage_layer.rs:%3Cmodule%3E:rustdoc:b74b7e6b03b6121eeb84c9689eec36cf0b5b04af0589eff742d408cb5dec2bd9:Table:1:1	rust_string	crates/omnigraph/src/storage_layer.rs	<module> :: rustdoc :: b74b7e6b03b6121eeb84c9689eec36cf0b5b04af0589eff742d408cb5dec2bd9 #1	rustdoc	Table	Table	physical_storage	retain accurate physical/storage terminology	none	omnigraph-engine owning tests plus G2 guard	Reviewed as accurate Lance, Arrow, manifest, recovery, or physical execution terminology.
2	rust_string:crates%2Fomnigraph%2Fsrc%2Ftable_store.rs:%3Cmodule%3E%3A%3Aenum%20IndexCoverage%3A%3Avariant%20Indexed:rustdoc:68dc80d1f6bc275871f38642fcc288f228c83b1efdf1d057c8ec53b2b3d684b1:column:1:1	rust_string	crates/omnigraph/src/table_store.rs	<module>::enum IndexCoverage::variant Indexed :: rustdoc :: 68dc80d1f6bc275871f38642fcc288f228c83b1efdf1d057c8ec53b2b3d684b1 #1	rustdoc	column	column	physical_storage	retain accurate physical/storage terminology	none	omnigraph-engine owning tests plus G2 guard	Reviewed as accurate Lance, Arrow, manifest, recovery, or physical execution terminology.
2	rust_string:crates%2Fomnigraph%2Fsrc%2Ftable_store.rs:%3Cmodule%3E%3A%3Aenum%20IndexCoverage%3A%3Avariant%20Indexed:rustdoc:68dc80d1f6bc275871f38642fcc288f228c83b1efdf1d057c8ec53b2b3d684b1:rows:1:1	rust_string	crates/omnigraph/src/table_store.rs	<module>::enum IndexCoverage::variant Indexed :: rustdoc :: 68dc80d1f6bc275871f38642fcc288f228c83b1efdf1d057c8ec53b2b3d684b1 #1	rustdoc	rows	rows	physical_storage	retain accurate physical/storage terminology	none	omnigraph-engine owning tests plus G2 guard	Reviewed as accurate Lance, Arrow, manifest, recovery, or physical execution terminology.
2	rust_string:crates%2Fomnigraph%2Fsrc%2Ftable_store.rs:%3Cmodule%3E%3A%3Aenum%20IndexCoverage:rustdoc:c01b05fbf5ad1e24fda9dfd28f1427ee7e4a47b2a0ef7ae8d23ea3988a415c3d:rows:1:1	rust_string	crates/omnigraph/src/table_store.rs	<module>::enum IndexCoverage :: rustdoc :: c01b05fbf5ad1e24fda9dfd28f1427ee7e4a47b2a0ef7ae8d23ea3988a415c3d #1	rustdoc	rows	rows	physical_storage	retain accurate physical/storage terminology	none	omnigraph-engine owning tests plus G2 guard	Reviewed as accurate Lance, Arrow, manifest, recovery, or physical execution terminology.
2	rust_string:crates%2Fomnigraph%2Fsrc%2Ftable_store.rs:%3Cmodule%3E%3A%3Afn%20assign_row_id_meta:error_constructor:b36524519e56606feabe1e2b13263f3fd85c2884e479bd4c5d70c7058208894d:rows:1:1	rust_string	crates/omnigraph/src/table_store.rs	<module>::fn assign_row_id_meta :: error_constructor :: b36524519e56606feabe1e2b13263f3fd85c2884e479bd4c5d70c7058208894d #1	error_constructor	rows	rows	physical_storage	retain accurate physical/storage terminology	none	omnigraph-engine owning tests plus G2 guard	Reviewed as accurate Lance, Arrow, manifest, recovery, or physical execution terminology.
2	rust_string:crates%2Fomnigraph%2Fsrc%2Ftable_store.rs:%3Cmodule%3E%3A%3Afn%20certify_insert_absence:error_constructor:344e8402c22a705e5722bd088de26e3e6b9f1b127ef78a4bdf58e622477cdf00:rows:1:1	rust_string	crates/omnigraph/src/table_store.rs	<module>::fn certify_insert_absence :: error_constructor :: 344e8402c22a705e5722bd088de26e3e6b9f1b127ef78a4bdf58e622477cdf00 #1	error_constructor	rows	rows	physical_storage	retain accurate physical/storage terminology	none	omnigraph-engine owning tests plus G2 guard	Reviewed as accurate Lance, Arrow, manifest, recovery, or physical execution terminology.
2	rust_string:crates%2Fomnigraph%2Fsrc%2Ftable_store.rs:%3Cmodule%3E%3A%3Afn%20certify_insert_absence:error_constructor:4d177dd0fd8762a4487435557aaa23573b1c8323011c566ddd5358c874e6d187:row:1:1	rust_string	crates/omnigraph/src/table_store.rs	<module>::fn certify_insert_absence :: error_constructor :: 4d177dd0fd8762a4487435557aaa23573b1c8323011c566ddd5358c874e6d187 #1	error_constructor	row	row	physical_storage	retain accurate physical/storage terminology	none	omnigraph-engine owning tests plus G2 guard	Reviewed as accurate Lance, Arrow, manifest, recovery, or physical execution terminology.
2	rust_string:crates%2Fomnigraph%2Fsrc%2Ftable_store.rs:%3Cmodule%3E%3A%3Afn%20certify_insert_absence:error_constructor:f12e2fb0b9357ae90e3ec29624734afa9e6dc592ecf1ea1b2afe02d73981c43a:rows:1:1	rust_string	crates/omnigraph/src/table_store.rs	<module>::fn certify_insert_absence :: error_constructor :: f12e2fb0b9357ae90e3ec29624734afa9e6dc592ecf1ea1b2afe02d73981c43a #1	error_constructor	rows	rows	physical_storage	retain accurate physical/storage terminology	none	omnigraph-engine owning tests plus G2 guard	Reviewed as accurate Lance, Arrow, manifest, recovery, or physical execution terminology.
2	rust_string:crates%2Fomnigraph%2Fsrc%2Ftable_store.rs:%3Cmodule%3E%3A%3Afn%20check_batch_unique_by_keys:error_constructor:5dda2dd50e198ed5a95f992555035b173e78c8236397466422b9d0002497d335:column:1:1	rust_string	crates/omnigraph/src/table_store.rs	<module>::fn check_batch_unique_by_keys :: error_constructor :: 5dda2dd50e198ed5a95f992555035b173e78c8236397466422b9d0002497d335 #1	error_constructor	column	column	physical_storage	retain accurate physical/storage terminology	none	omnigraph-engine owning tests plus G2 guard	Reviewed as accurate Lance, Arrow, manifest, recovery, or physical execution terminology.
2	rust_string:crates%2Fomnigraph%2Fsrc%2Ftable_store.rs:%3Cmodule%3E%3A%3Afn%20check_batch_unique_by_keys:error_constructor:6113792d3134995e8809977648f1e00cf1ea4b7d737118f77fa57e6cc0505b34:column:1:1	rust_string	crates/omnigraph/src/table_store.rs	<module>::fn check_batch_unique_by_keys :: error_constructor :: 6113792d3134995e8809977648f1e00cf1ea4b7d737118f77fa57e6cc0505b34 #1	error_constructor	column	column	physical_storage	retain accurate physical/storage terminology	none	omnigraph-engine owning tests plus G2 guard	Reviewed as accurate Lance, Arrow, manifest, recovery, or physical execution terminology.
2	rust_string:crates%2Fomnigraph%2Fsrc%2Ftable_store.rs:%3Cmodule%3E%3A%3Afn%20check_batch_unique_by_keys:error_constructor:b4c55088d165c0baef37e9ba087bda6353ce4798245bf875778bc7278662c0ba:column:1:1	rust_string	crates/omnigraph/src/table_store.rs	<module>::fn check_batch_unique_by_keys :: error_constructor :: b4c55088d165c0baef37e9ba087bda6353ce4798245bf875778bc7278662c0ba #1	error_constructor	column	column	physical_storage	retain accurate physical/storage terminology	none	omnigraph-engine owning tests plus G2 guard	Reviewed as accurate Lance, Arrow, manifest, recovery, or physical execution terminology.
2	rust_string:crates%2Fomnigraph%2Fsrc%2Ftable_store.rs:%3Cmodule%3E%3A%3Afn%20check_batch_unique_by_keys:error_constructor:cf3545419e6ba35134b17b6d84a25afb732b43eeb78fd42d40e853bd421d4d8f:column:1:1	rust_string	crates/omnigraph/src/table_store.rs	<module>::fn check_batch_unique_by_keys :: error_constructor :: cf3545419e6ba35134b17b6d84a25afb732b43eeb78fd42d40e853bd421d4d8f #1	error_constructor	column	column	physical_storage	retain accurate physical/storage terminology	none	omnigraph-engine owning tests plus G2 guard	Reviewed as accurate Lance, Arrow, manifest, recovery, or physical execution terminology.
2	rust_string:crates%2Fomnigraph%2Fsrc%2Ftable_store.rs:%3Cmodule%3E%3A%3Afn%20check_batch_unique_by_keys:error_constructor:cf3545419e6ba35134b17b6d84a25afb732b43eeb78fd42d40e853bd421d4d8f:columns:1:1	rust_string	crates/omnigraph/src/table_store.rs	<module>::fn check_batch_unique_by_keys :: error_constructor :: cf3545419e6ba35134b17b6d84a25afb732b43eeb78fd42d40e853bd421d4d8f #1	error_constructor	columns	columns	physical_storage	retain accurate physical/storage terminology	none	omnigraph-engine owning tests plus G2 guard	Reviewed as accurate Lance, Arrow, manifest, recovery, or physical execution terminology.
2	rust_string:crates%2Fomnigraph%2Fsrc%2Ftable_store.rs:%3Cmodule%3E%3A%3Afn%20check_batch_unique_by_keys:error_constructor:cf3545419e6ba35134b17b6d84a25afb732b43eeb78fd42d40e853bd421d4d8f:row:1:1	rust_string	crates/omnigraph/src/table_store.rs	<module>::fn check_batch_unique_by_keys :: error_constructor :: cf3545419e6ba35134b17b6d84a25afb732b43eeb78fd42d40e853bd421d4d8f #1	error_constructor	row	row	physical_storage	retain accurate physical/storage terminology	none	omnigraph-engine owning tests plus G2 guard	Reviewed as accurate Lance, Arrow, manifest, recovery, or physical execution terminology.
2	rust_string:crates%2Fomnigraph%2Fsrc%2Ftable_store.rs:%3Cmodule%3E%3A%3Afn%20collect_string_column_values:error_constructor:765820ed8fd47d20fa70cb4e64158ec34671a96d425ddeae1256affec704265a:column:1:1	rust_string	crates/omnigraph/src/table_store.rs	<module>::fn collect_string_column_values :: error_constructor :: 765820ed8fd47d20fa70cb4e64158ec34671a96d425ddeae1256affec704265a #1	error_constructor	column	column	physical_storage	retain accurate physical/storage terminology	none	omnigraph-engine owning tests plus G2 guard	Reviewed as accurate Lance, Arrow, manifest, recovery, or physical execution terminology.
2	rust_string:crates%2Fomnigraph%2Fsrc%2Ftable_store.rs:%3Cmodule%3E%3A%3Afn%20collect_string_column_values:error_constructor:b446b7e33766a3aab34b805ef344380c920e28286a4c70c88b99ae6bd08a4d09:column:1:1	rust_string	crates/omnigraph/src/table_store.rs	<module>::fn collect_string_column_values :: error_constructor :: b446b7e33766a3aab34b805ef344380c920e28286a4c70c88b99ae6bd08a4d09 #1	error_constructor	column	column	physical_storage	retain accurate physical/storage terminology	none	omnigraph-engine owning tests plus G2 guard	Reviewed as accurate Lance, Arrow, manifest, recovery, or physical execution terminology.
2	rust_string:crates%2Fomnigraph%2Fsrc%2Ftable_store.rs:%3Cmodule%3E%3A%3Afn%20ensure_proven_insert_blobs_are_materialized:error_constructor:2e576e5bcd8adf16bb971f1d0cd2b64de10e33dec488c724bfba131cb5259276:row:1:1	rust_string	crates/omnigraph/src/table_store.rs	<module>::fn ensure_proven_insert_blobs_are_materialized :: error_constructor :: 2e576e5bcd8adf16bb971f1d0cd2b64de10e33dec488c724bfba131cb5259276 #1	error_constructor	row	row	physical_storage	retain accurate physical/storage terminology	none	omnigraph-engine owning tests plus G2 guard	Reviewed as accurate Lance, Arrow, manifest, recovery, or physical execution terminology.
2	rust_string:crates%2Fomnigraph%2Fsrc%2Ftable_store.rs:%3Cmodule%3E%3A%3Afn%20ensure_proven_insert_blobs_are_materialized:error_constructor:6231fde3ca0095c59796eccfd28149830f81d0fcc80341f613d84c2d3228357c:row:1:1	rust_string	crates/omnigraph/src/table_store.rs	<module>::fn ensure_proven_insert_blobs_are_materialized :: error_constructor :: 6231fde3ca0095c59796eccfd28149830f81d0fcc80341f613d84c2d3228357c #1	error_constructor	row	row	physical_storage	retain accurate physical/storage terminology	none	omnigraph-engine owning tests plus G2 guard	Reviewed as accurate Lance, Arrow, manifest, recovery, or physical execution terminology.
2	rust_string:crates%2Fomnigraph%2Fsrc%2Ftable_store.rs:%3Cmodule%3E%3A%3Afn%20filter_out_rows_where_string_in:error_constructor:8a6aa0beb244b3910859b85eb54abe37979c8c73b77fdaa0b752043bb24c244b:column:1:1	rust_string	crates/omnigraph/src/table_store.rs	<module>::fn filter_out_rows_where_string_in :: error_constructor :: 8a6aa0beb244b3910859b85eb54abe37979c8c73b77fdaa0b752043bb24c244b #1	error_constructor	column	column	physical_storage	retain accurate physical/storage terminology	none	omnigraph-engine owning tests plus G2 guard	Reviewed as accurate Lance, Arrow, manifest, recovery, or physical execution terminology.
2	rust_string:crates%2Fomnigraph%2Fsrc%2Ftable_store.rs:%3Cmodule%3E%3A%3Afn%20filter_out_rows_where_string_in:error_constructor:9852890616777d65636de2982fdd7a5ddf1985667ff366d240168de3aa3db000:column:1:1	rust_string	crates/omnigraph/src/table_store.rs	<module>::fn filter_out_rows_where_string_in :: error_constructor :: 9852890616777d65636de2982fdd7a5ddf1985667ff366d240168de3aa3db000 #1	error_constructor	column	column	physical_storage	retain accurate physical/storage terminology	none	omnigraph-engine owning tests plus G2 guard	Reviewed as accurate Lance, Arrow, manifest, recovery, or physical execution terminology.
2	rust_string:crates%2Fomnigraph%2Fsrc%2Ftable_store.rs:%3Cmodule%3E%3A%3Afn%20next_proven_insert_batch:error_constructor:f7b8a11067dd146cab57772d23ffe1c7a52fb2148438ea0a3dedd75b10fb9f0f:rows:1:1	rust_string	crates/omnigraph/src/table_store.rs	<module>::fn next_proven_insert_batch :: error_constructor :: f7b8a11067dd146cab57772d23ffe1c7a52fb2148438ea0a3dedd75b10fb9f0f #1	error_constructor	rows	rows	physical_storage	retain accurate physical/storage terminology	none	omnigraph-engine owning tests plus G2 guard	Reviewed as accurate Lance, Arrow, manifest, recovery, or physical execution terminology.
2	rust_string:crates%2Fomnigraph%2Fsrc%2Ftable_store.rs:%3Cmodule%3E%3A%3Afn%20non_blob_column_bytes:error_constructor:91c61be86dd13db81e547277d537103525805d51baa5e4116b0247c3f529ee81:column:1:1	rust_string	crates/omnigraph/src/table_store.rs	<module>::fn non_blob_column_bytes :: error_constructor :: 91c61be86dd13db81e547277d537103525805d51baa5e4116b0247c3f529ee81 #1	error_constructor	column	column	physical_storage	retain accurate physical/storage terminology	none	omnigraph-engine owning tests plus G2 guard	Reviewed as accurate Lance, Arrow, manifest, recovery, or physical execution terminology.
2	rust_string:crates%2Fomnigraph%2Fsrc%2Ftable_store.rs:%3Cmodule%3E%3A%3Afn%20prior_stages_row_count:error_constructor:bbd0432e81338a81deced46c8e8a41ccf5536b919debff2ca7972241cfe112f5:row:1:1	rust_string	crates/omnigraph/src/table_store.rs	<module>::fn prior_stages_row_count :: error_constructor :: bbd0432e81338a81deced46c8e8a41ccf5536b919debff2ca7972241cfe112f5 #1	error_constructor	row	row	physical_storage	retain accurate physical/storage terminology	none	omnigraph-engine owning tests plus G2 guard	Reviewed as accurate Lance, Arrow, manifest, recovery, or physical execution terminology.
2	rust_string:crates%2Fomnigraph%2Fsrc%2Ftable_store.rs:%3Cmodule%3E%3A%3Afn%20prior_stages_row_count:error_constructor:bbd0432e81338a81deced46c8e8a41ccf5536b919debff2ca7972241cfe112f5:rows:1:1	rust_string	crates/omnigraph/src/table_store.rs	<module>::fn prior_stages_row_count :: error_constructor :: bbd0432e81338a81deced46c8e8a41ccf5536b919debff2ca7972241cfe112f5 #1	error_constructor	rows	rows	physical_storage	retain accurate physical/storage terminology	none	omnigraph-engine owning tests plus G2 guard	Reviewed as accurate Lance, Arrow, manifest, recovery, or physical execution terminology.
2	rust_string:crates%2Fomnigraph%2Fsrc%2Ftable_store.rs:%3Cmodule%3E%3A%3Afn%20string_id_column:error_constructor:33392877ac3012516b6a4cea2ab8cf755e068bae72ce1ea285b372ba894a1f33:column:1:1	rust_string	crates/omnigraph/src/table_store.rs	<module>::fn string_id_column :: error_constructor :: 33392877ac3012516b6a4cea2ab8cf755e068bae72ce1ea285b372ba894a1f33 #1	error_constructor	column	column	physical_storage	retain accurate physical/storage terminology	none	omnigraph-engine owning tests plus G2 guard	Reviewed as accurate Lance, Arrow, manifest, recovery, or physical execution terminology.
2	rust_string:crates%2Fomnigraph%2Fsrc%2Ftable_store.rs:%3Cmodule%3E%3A%3Afn%20string_id_column:error_constructor:d666fc19ff7ce19b9a20c82718aaaeed8650ba6de1e0b7895ded86346e79883c:column:1:1	rust_string	crates/omnigraph/src/table_store.rs	<module>::fn string_id_column :: error_constructor :: d666fc19ff7ce19b9a20c82718aaaeed8650ba6de1e0b7895ded86346e79883c #1	error_constructor	column	column	physical_storage	retain accurate physical/storage terminology	none	omnigraph-engine owning tests plus G2 guard	Reviewed as accurate Lance, Arrow, manifest, recovery, or physical execution terminology.
2	rust_string:crates%2Fomnigraph%2Fsrc%2Ftable_store.rs:%3Cmodule%3E%3A%3Afn%20transaction_exact_id_filter:error_constructor:f7e5931729a325c8ffa4fa368da1262663b5a6de18558f6e426b76aa40803f67:row:1:1	rust_string	crates/omnigraph/src/table_store.rs	<module>::fn transaction_exact_id_filter :: error_constructor :: f7e5931729a325c8ffa4fa368da1262663b5a6de18558f6e426b76aa40803f67 #1	error_constructor	row	row	physical_storage	retain accurate physical/storage terminology	none	omnigraph-engine owning tests plus G2 guard	Reviewed as accurate Lance, Arrow, manifest, recovery, or physical execution terminology.
2	rust_string:crates%2Fomnigraph%2Fsrc%2Ftable_store.rs:%3Cmodule%3E%3A%3Afn%20validate_exact_id_filter:error_constructor:4344128642d6d7273e5addb5ea083e05fe13e63f47ecee055f3652d6d7f31f0e:row:1:1	rust_string	crates/omnigraph/src/table_store.rs	<module>::fn validate_exact_id_filter :: error_constructor :: 4344128642d6d7273e5addb5ea083e05fe13e63f47ecee055f3652d6d7f31f0e #1	error_constructor	row	row	physical_storage	retain accurate physical/storage terminology	none	omnigraph-engine owning tests plus G2 guard	Reviewed as accurate Lance, Arrow, manifest, recovery, or physical execution terminology.
2	rust_string:crates%2Fomnigraph%2Fsrc%2Ftable_store.rs:%3Cmodule%3E%3A%3Afn%20validate_keyed_write_batch_ids:error_constructor:06e811e9576aff17cf7d0a8281cabebf5801ce5089e9d6689bbb6e3e3d58caf1:row:1:1	rust_string	crates/omnigraph/src/table_store.rs	<module>::fn validate_keyed_write_batch_ids :: error_constructor :: 06e811e9576aff17cf7d0a8281cabebf5801ce5089e9d6689bbb6e3e3d58caf1 #1	error_constructor	row	row	physical_storage	retain accurate physical/storage terminology	none	omnigraph-engine owning tests plus G2 guard	Reviewed as accurate Lance, Arrow, manifest, recovery, or physical execution terminology.
2	rust_string:crates%2Fomnigraph%2Fsrc%2Ftable_store.rs:%3Cmodule%3E%3A%3Afn%20validate_known_present_update:error_constructor:3a4f0d59d2ebf27bcebef8f1be67e2ba45f87a9e9ee79340c4844c5a4a36c158:Rows:1:1	rust_string	crates/omnigraph/src/table_store.rs	<module>::fn validate_known_present_update :: error_constructor :: 3a4f0d59d2ebf27bcebef8f1be67e2ba45f87a9e9ee79340c4844c5a4a36c158 #1	error_constructor	Rows	Rows	upstream_name	retain exact upstream proper/API name	none	omnigraph-engine owning tests plus G2 guard	The match is part of an exact upstream proper name, algorithm, operation, or API identifier.
2	rust_string:crates%2Fomnigraph%2Fsrc%2Ftable_store.rs:%3Cmodule%3E%3A%3Afn%20validate_known_present_update:error_constructor:5b278174d241d79c142ce56421971eb72c33a3c6f3c9aa2db4dbd0fa61855b2d:row:1:1	rust_string	crates/omnigraph/src/table_store.rs	<module>::fn validate_known_present_update :: error_constructor :: 5b278174d241d79c142ce56421971eb72c33a3c6f3c9aa2db4dbd0fa61855b2d #1	error_constructor	row	row	physical_storage	retain accurate physical/storage terminology	none	omnigraph-engine owning tests plus G2 guard	Reviewed as accurate Lance, Arrow, manifest, recovery, or physical execution terminology.
2	rust_string:crates%2Fomnigraph%2Fsrc%2Ftable_store.rs:%3Cmodule%3E%3A%3Afn%20validate_known_present_update:error_constructor:96383a5e020a6b2325aab014f765070b9951a385a8733af7953ead462ce1cc70:row:1:1	rust_string	crates/omnigraph/src/table_store.rs	<module>::fn validate_known_present_update :: error_constructor :: 96383a5e020a6b2325aab014f765070b9951a385a8733af7953ead462ce1cc70 #1	error_constructor	row	row	physical_storage	retain accurate physical/storage terminology	none	omnigraph-engine owning tests plus G2 guard	Reviewed as accurate Lance, Arrow, manifest, recovery, or physical execution terminology.
2	rust_string:crates%2Fomnigraph%2Fsrc%2Ftable_store.rs:%3Cmodule%3E%3A%3Afn%20visit_external_blob_uris:error_constructor:a7e949f93df5ba9c02aca71a582e9405bf0ddc218171ab96fda96347ece2384d:row:1:1	rust_string	crates/omnigraph/src/table_store.rs	<module>::fn visit_external_blob_uris :: error_constructor :: a7e949f93df5ba9c02aca71a582e9405bf0ddc218171ab96fda96347ece2384d #1	error_constructor	row	row	physical_storage	retain accurate physical/storage terminology	none	omnigraph-engine owning tests plus G2 guard	Reviewed as accurate Lance, Arrow, manifest, recovery, or physical execution terminology.
2	rust_string:crates%2Fomnigraph%2Fsrc%2Ftable_store.rs:%3Cmodule%3E%3A%3Afn%20visit_external_blob_uris:error_constructor:b16dcf9b0b8e01074b1404be9f8c9b359b6ce0d17e9a8b697b2d64eb25233080:row:1:1	rust_string	crates/omnigraph/src/table_store.rs	<module>::fn visit_external_blob_uris :: error_constructor :: b16dcf9b0b8e01074b1404be9f8c9b359b6ce0d17e9a8b697b2d64eb25233080 #1	error_constructor	row	row	physical_storage	retain accurate physical/storage terminology	none	omnigraph-engine owning tests plus G2 guard	Reviewed as accurate Lance, Arrow, manifest, recovery, or physical execution terminology.
2	rust_string:crates%2Fomnigraph%2Fsrc%2Ftable_store.rs:%3Cmodule%3E%3A%3Aimpl%20PendingScanAccount%3A%3Afn%20add_batch:error_constructor:4eea0021cf614f8fc3545eb221bbd0c4f2fa6788ffd3d0602851934b7f96ea2b:row:1:1	rust_string	crates/omnigraph/src/table_store.rs	<module>::impl PendingScanAccount::fn add_batch :: error_constructor :: 4eea0021cf614f8fc3545eb221bbd0c4f2fa6788ffd3d0602851934b7f96ea2b #1	error_constructor	row	row	physical_storage	retain accurate physical/storage terminology	none	omnigraph-engine owning tests plus G2 guard	Reviewed as accurate Lance, Arrow, manifest, recovery, or physical execution terminology.
2	rust_string:crates%2Fomnigraph%2Fsrc%2Ftable_store.rs:%3Cmodule%3E%3A%3Aimpl%20PendingScanAccount%3A%3Afn%20add_usage:error_constructor:79aa73e4e8ac3003c6eb2c5645f7400a3ac662f97bfa434dec0ac55e28f34d7d:row:1:1	rust_string	crates/omnigraph/src/table_store.rs	<module>::impl PendingScanAccount::fn add_usage :: error_constructor :: 79aa73e4e8ac3003c6eb2c5645f7400a3ac662f97bfa434dec0ac55e28f34d7d #1	error_constructor	row	row	physical_storage	retain accurate physical/storage terminology	none	omnigraph-engine owning tests plus G2 guard	Reviewed as accurate Lance, Arrow, manifest, recovery, or physical execution terminology.
2	rust_string:crates%2Fomnigraph%2Fsrc%2Ftable_store.rs:%3Cmodule%3E%3A%3Aimpl%20PendingScanAccount%3A%3Afn%20ensure_additional_rows:error_constructor:4eea0021cf614f8fc3545eb221bbd0c4f2fa6788ffd3d0602851934b7f96ea2b:row:1:1	rust_string	crates/omnigraph/src/table_store.rs	<module>::impl PendingScanAccount::fn ensure_additional_rows :: error_constructor :: 4eea0021cf614f8fc3545eb221bbd0c4f2fa6788ffd3d0602851934b7f96ea2b #1	error_constructor	row	row	physical_storage	retain accurate physical/storage terminology	none	omnigraph-engine owning tests plus G2 guard	Reviewed as accurate Lance, Arrow, manifest, recovery, or physical execution terminology.
2	rust_string:crates%2Fomnigraph%2Fsrc%2Ftable_store.rs:%3Cmodule%3E%3A%3Aimpl%20PendingScanAccount%3A%3Afn%20ensure_additional_rows:error_constructor:79aa73e4e8ac3003c6eb2c5645f7400a3ac662f97bfa434dec0ac55e28f34d7d:row:1:1	rust_string	crates/omnigraph/src/table_store.rs	<module>::impl PendingScanAccount::fn ensure_additional_rows :: error_constructor :: 79aa73e4e8ac3003c6eb2c5645f7400a3ac662f97bfa434dec0ac55e28f34d7d #1	error_constructor	row	row	physical_storage	retain accurate physical/storage terminology	none	omnigraph-engine owning tests plus G2 guard	Reviewed as accurate Lance, Arrow, manifest, recovery, or physical execution terminology.
2	rust_string:crates%2Fomnigraph%2Fsrc%2Ftable_store.rs:%3Cmodule%3E%3A%3Aimpl%20TableStore%3A%3Afn%20commit_staged:rustdoc:bccd6a41ab0261cfb98935d5a660b1ddec73ea307243315ebf89d58f5cc6de2a:rows:1:1	rust_string	crates/omnigraph/src/table_store.rs	<module>::impl TableStore::fn commit_staged :: rustdoc :: bccd6a41ab0261cfb98935d5a660b1ddec73ea307243315ebf89d58f5cc6de2a #1	rustdoc	rows	rows	physical_storage	retain accurate physical/storage terminology	none	omnigraph-engine owning tests plus G2 guard	Reviewed as accurate Lance, Arrow, manifest, recovery, or physical execution terminology.
2	rust_string:crates%2Fomnigraph%2Fsrc%2Ftable_store.rs:%3Cmodule%3E%3A%3Aimpl%20TableStore%3A%3Afn%20commit_staged_create_exact:error_constructor:6ea6aa975de14012651394f7d4747e338326b4a8cdb9642de5819f596dde0c47:row:1:1	rust_string	crates/omnigraph/src/table_store.rs	<module>::impl TableStore::fn commit_staged_create_exact :: error_constructor :: 6ea6aa975de14012651394f7d4747e338326b4a8cdb9642de5819f596dde0c47 #1	error_constructor	row	row	physical_storage	retain accurate physical/storage terminology	none	omnigraph-engine owning tests plus G2 guard	Reviewed as accurate Lance, Arrow, manifest, recovery, or physical execution terminology.
2	rust_string:crates%2Fomnigraph%2Fsrc%2Ftable_store.rs:%3Cmodule%3E%3A%3Aimpl%20TableStore%3A%3Afn%20count_rows_with_staged:rustdoc:fcec1c573a9f03f2ac773f6a557417c3c75ae24168289dd0de9e4ed2cb7bc9f4:rows:1:1	rust_string	crates/omnigraph/src/table_store.rs	<module>::impl TableStore::fn count_rows_with_staged :: rustdoc :: fcec1c573a9f03f2ac773f6a557417c3c75ae24168289dd0de9e4ed2cb7bc9f4 #1	rustdoc	rows	rows	physical_storage	retain accurate physical/storage terminology	none	omnigraph-engine owning tests plus G2 guard	Reviewed as accurate Lance, Arrow, manifest, recovery, or physical execution terminology.
2	rust_string:crates%2Fomnigraph%2Fsrc%2Ftable_store.rs:%3Cmodule%3E%3A%3Aimpl%20TableStore%3A%3Afn%20first_existing_id:rustdoc:5126d5a8af0b053869a2fea790469169e5cfcd4ad903275da77ac3f495b9e522:table:1:1	rust_string	crates/omnigraph/src/table_store.rs	<module>::impl TableStore::fn first_existing_id :: rustdoc :: 5126d5a8af0b053869a2fea790469169e5cfcd4ad903275da77ac3f495b9e522 #1	rustdoc	table	table	physical_storage	retain accurate physical/storage terminology	none	omnigraph-engine owning tests plus G2 guard	Reviewed as accurate Lance, Arrow, manifest, recovery, or physical execution terminology.
2	rust_string:crates%2Fomnigraph%2Fsrc%2Ftable_store.rs:%3Cmodule%3E%3A%3Aimpl%20TableStore%3A%3Afn%20force_delete_branch:rustdoc:e59b61a81389a40c436c1c41d5e54f2781e77dd47fecf374c80a24127bd69ec5:tables:1:1	rust_string	crates/omnigraph/src/table_store.rs	<module>::impl TableStore::fn force_delete_branch :: rustdoc :: e59b61a81389a40c436c1c41d5e54f2781e77dd47fecf374c80a24127bd69ec5 #1	rustdoc	tables	tables	physical_storage	retain accurate physical/storage terminology	none	omnigraph-engine owning tests plus G2 guard	Reviewed as accurate Lance, Arrow, manifest, recovery, or physical execution terminology.
2	rust_string:crates%2Fomnigraph%2Fsrc%2Ftable_store.rs:%3Cmodule%3E%3A%3Aimpl%20TableStore%3A%3Afn%20has_unindexed_fragments:rustdoc:2e261c8a784dd0daeab7705a56381cfdcfc6d29b6ba41e2f2a32668763235b90:column:1:1	rust_string	crates/omnigraph/src/table_store.rs	<module>::impl TableStore::fn has_unindexed_fragments :: rustdoc :: 2e261c8a784dd0daeab7705a56381cfdcfc6d29b6ba41e2f2a32668763235b90 #1	rustdoc	column	column	physical_storage	retain accurate physical/storage terminology	none	omnigraph-engine owning tests plus G2 guard	Reviewed as accurate Lance, Arrow, manifest, recovery, or physical execution terminology.
2	rust_string:crates%2Fomnigraph%2Fsrc%2Ftable_store.rs:%3Cmodule%3E%3A%3Aimpl%20TableStore%3A%3Afn%20has_unindexed_fragments:rustdoc:65533deb9467bb4d60125dd35f04a5010e19b4d778e182780098650b566ef836:rows:1:1	rust_string	crates/omnigraph/src/table_store.rs	<module>::impl TableStore::fn has_unindexed_fragments :: rustdoc :: 65533deb9467bb4d60125dd35f04a5010e19b4d778e182780098650b566ef836 #1	rustdoc	rows	rows	physical_storage	retain accurate physical/storage terminology	none	omnigraph-engine owning tests plus G2 guard	Reviewed as accurate Lance, Arrow, manifest, recovery, or physical execution terminology.
2	rust_string:crates%2Fomnigraph%2Fsrc%2Ftable_store.rs:%3Cmodule%3E%3A%3Aimpl%20TableStore%3A%3Afn%20has_unindexed_fragments:rustdoc:8820bd6fea4de45d60315a3c792a064e840db4608258d2e991561e6eaafe708a:table:1:1	rust_string	crates/omnigraph/src/table_store.rs	<module>::impl TableStore::fn has_unindexed_fragments :: rustdoc :: 8820bd6fea4de45d60315a3c792a064e840db4608258d2e991561e6eaafe708a #1	rustdoc	table	table	physical_storage	retain accurate physical/storage terminology	none	omnigraph-engine owning tests plus G2 guard	Reviewed as accurate Lance, Arrow, manifest, recovery, or physical execution terminology.
2	rust_string:crates%2Fomnigraph%2Fsrc%2Ftable_store.rs:%3Cmodule%3E%3A%3Aimpl%20TableStore%3A%3Afn%20has_unindexed_fragments:rustdoc:f378a66a1333cd36476e05e58e9ddfd40809b4acc0afa99e8aa5d35d1797655a:table:1:1	rust_string	crates/omnigraph/src/table_store.rs	<module>::impl TableStore::fn has_unindexed_fragments :: rustdoc :: f378a66a1333cd36476e05e58e9ddfd40809b4acc0afa99e8aa5d35d1797655a #1	rustdoc	table	table	physical_storage	retain accurate physical/storage terminology	none	omnigraph-engine owning tests plus G2 guard	Reviewed as accurate Lance, Arrow, manifest, recovery, or physical execution terminology.
2	rust_string:crates%2Fomnigraph%2Fsrc%2Ftable_store.rs:%3Cmodule%3E%3A%3Aimpl%20TableStore%3A%3Afn%20include_proven_insert_blob_selection:error_constructor:4977e9266d05c5dbc5ac526451759529fecd2e7d148a04f41e8ff49149198ee2:row:1:1	rust_string	crates/omnigraph/src/table_store.rs	<module>::impl TableStore::fn include_proven_insert_blob_selection :: error_constructor :: 4977e9266d05c5dbc5ac526451759529fecd2e7d148a04f41e8ff49149198ee2 #1	error_constructor	row	row	physical_storage	retain accurate physical/storage terminology	none	omnigraph-engine owning tests plus G2 guard	Reviewed as accurate Lance, Arrow, manifest, recovery, or physical execution terminology.
2	rust_string:crates%2Fomnigraph%2Fsrc%2Ftable_store.rs:%3Cmodule%3E%3A%3Aimpl%20TableStore%3A%3Afn%20include_proven_insert_blob_selection:error_constructor:9802ac56186f87d135537713d7f7e218dfdc88c4cf0662a37d31459b010855be:rows:1:1	rust_string	crates/omnigraph/src/table_store.rs	<module>::impl TableStore::fn include_proven_insert_blob_selection :: error_constructor :: 9802ac56186f87d135537713d7f7e218dfdc88c4cf0662a37d31459b010855be #1	error_constructor	rows	rows	physical_storage	retain accurate physical/storage terminology	none	omnigraph-engine owning tests plus G2 guard	Reviewed as accurate Lance, Arrow, manifest, recovery, or physical execution terminology.
2	rust_string:crates%2Fomnigraph%2Fsrc%2Ftable_store.rs:%3Cmodule%3E%3A%3Aimpl%20TableStore%3A%3Afn%20key_column_index_coverage:message_field:6b102bbd996f13387412d898715b65a9a078e960b9891784654954d8f16410e3:column:1:1	rust_string	crates/omnigraph/src/table_store.rs	<module>::impl TableStore::fn key_column_index_coverage :: message_field :: 6b102bbd996f13387412d898715b65a9a078e960b9891784654954d8f16410e3 #1	message_field	column	column	physical_storage	retain accurate physical/storage terminology	none	omnigraph-engine owning tests plus G2 guard	Reviewed as accurate Lance, Arrow, manifest, recovery, or physical execution terminology.
2	rust_string:crates%2Fomnigraph%2Fsrc%2Ftable_store.rs:%3Cmodule%3E%3A%3Aimpl%20TableStore%3A%3Afn%20key_column_index_coverage:message_field:ce20f17da0a73581de973d58cc360c27a7337cac69ac4bc543502699c643e58b:rows:1:1	rust_string	crates/omnigraph/src/table_store.rs	<module>::impl TableStore::fn key_column_index_coverage :: message_field :: ce20f17da0a73581de973d58cc360c27a7337cac69ac4bc543502699c643e58b #1	message_field	rows	rows	physical_storage	retain accurate physical/storage terminology	none	omnigraph-engine owning tests plus G2 guard	Reviewed as accurate Lance, Arrow, manifest, recovery, or physical execution terminology.
2	rust_string:crates%2Fomnigraph%2Fsrc%2Ftable_store.rs:%3Cmodule%3E%3A%3Aimpl%20TableStore%3A%3Afn%20key_column_index_coverage:rustdoc:65044aad02c6afa8655626c0a449a5e2ab8d20e45ed089e71a522f77f82f70bd:column:1:1	rust_string	crates/omnigraph/src/table_store.rs	<module>::impl TableStore::fn key_column_index_coverage :: rustdoc :: 65044aad02c6afa8655626c0a449a5e2ab8d20e45ed089e71a522f77f82f70bd #1	rustdoc	column	column	physical_storage	retain accurate physical/storage terminology	none	omnigraph-engine owning tests plus G2 guard	Reviewed as accurate Lance, Arrow, manifest, recovery, or physical execution terminology.
2	rust_string:crates%2Fomnigraph%2Fsrc%2Ftable_store.rs:%3Cmodule%3E%3A%3Aimpl%20TableStore%3A%3Afn%20key_column_index_coverage:rustdoc:65044aad02c6afa8655626c0a449a5e2ab8d20e45ed089e71a522f77f82f70bd:rows:1:1	rust_string	crates/omnigraph/src/table_store.rs	<module>::impl TableStore::fn key_column_index_coverage :: rustdoc :: 65044aad02c6afa8655626c0a449a5e2ab8d20e45ed089e71a522f77f82f70bd #1	rustdoc	rows	rows	physical_storage	retain accurate physical/storage terminology	none	omnigraph-engine owning tests plus G2 guard	Reviewed as accurate Lance, Arrow, manifest, recovery, or physical execution terminology.
2	rust_string:crates%2Fomnigraph%2Fsrc%2Ftable_store.rs:%3Cmodule%3E%3A%3Aimpl%20TableStore%3A%3Afn%20key_column_index_coverage:rustdoc:a472f01f6baac11d5deacf3d02a97ae7b6c2379a57de6d6ed2418966a5122a0b:column:1:1	rust_string	crates/omnigraph/src/table_store.rs	<module>::impl TableStore::fn key_column_index_coverage :: rustdoc :: a472f01f6baac11d5deacf3d02a97ae7b6c2379a57de6d6ed2418966a5122a0b #1	rustdoc	column	column	physical_storage	retain accurate physical/storage terminology	none	omnigraph-engine owning tests plus G2 guard	Reviewed as accurate Lance, Arrow, manifest, recovery, or physical execution terminology.
2	rust_string:crates%2Fomnigraph%2Fsrc%2Ftable_store.rs:%3Cmodule%3E%3A%3Aimpl%20TableStore%3A%3Afn%20key_column_index_coverage:rustdoc:cfd94748e770cff519dee079d93aca9a02da6f17956826e1fe01aff1171c7314:rows:1:1	rust_string	crates/omnigraph/src/table_store.rs	<module>::impl TableStore::fn key_column_index_coverage :: rustdoc :: cfd94748e770cff519dee079d93aca9a02da6f17956826e1fe01aff1171c7314 #1	rustdoc	rows	rows	physical_storage	retain accurate physical/storage terminology	none	omnigraph-engine owning tests plus G2 guard	Reviewed as accurate Lance, Arrow, manifest, recovery, or physical execution terminology.
2	rust_string:crates%2Fomnigraph%2Fsrc%2Ftable_store.rs:%3Cmodule%3E%3A%3Aimpl%20TableStore%3A%3Afn%20list_native_branches:rustdoc:8a3b39194517f4a465bfd72d3998339b1c95dad537b793764d1fcb2b386e9031:manifest%20branch:1:1	rust_string	crates/omnigraph/src/table_store.rs	<module>::impl TableStore::fn list_native_branches :: rustdoc :: 8a3b39194517f4a465bfd72d3998339b1c95dad537b793764d1fcb2b386e9031 #1	rustdoc	manifest branch	manifest branch	physical_storage	retain accurate physical/storage terminology	none	omnigraph-engine owning tests plus G2 guard	Reviewed as accurate Lance, Arrow, manifest, recovery, or physical execution terminology.
2	rust_string:crates%2Fomnigraph%2Fsrc%2Ftable_store.rs:%3Cmodule%3E%3A%3Aimpl%20TableStore%3A%3Afn%20list_native_branches:rustdoc:b0d8dd36a921dc4e216d76f04d934a8658db66449f7d54f734c2bc1f5f605990:table:1:1	rust_string	crates/omnigraph/src/table_store.rs	<module>::impl TableStore::fn list_native_branches :: rustdoc :: b0d8dd36a921dc4e216d76f04d934a8658db66449f7d54f734c2bc1f5f605990 #1	rustdoc	table	table	physical_storage	retain accurate physical/storage terminology	none	omnigraph-engine owning tests plus G2 guard	Reviewed as accurate Lance, Arrow, manifest, recovery, or physical execution terminology.
2	rust_string:crates%2Fomnigraph%2Fsrc%2Ftable_store.rs:%3Cmodule%3E%3A%3Aimpl%20TableStore%3A%3Afn%20materialize_blob_batch_bounded_with_preflight_cache:error_constructor:d67081c1459f10a540b8eee12d0042fc1680604c38ffad53035b448757fde696:column:1:1	rust_string	crates/omnigraph/src/table_store.rs	<module>::impl TableStore::fn materialize_blob_batch_bounded_with_preflight_cache :: error_constructor :: d67081c1459f10a540b8eee12d0042fc1680604c38ffad53035b448757fde696 #1	error_constructor	column	column	physical_storage	retain accurate physical/storage terminology	none	omnigraph-engine owning tests plus G2 guard	Reviewed as accurate Lance, Arrow, manifest, recovery, or physical execution terminology.
2	rust_string:crates%2Fomnigraph%2Fsrc%2Ftable_store.rs:%3Cmodule%3E%3A%3Aimpl%20TableStore%3A%3Afn%20materialize_blob_batch_with_limit:error_constructor:54b0cdc5f84fa120cd7b2bbc14a11a231dbf4057cf9b877485ec347eee24a15a:column:1:1	rust_string	crates/omnigraph/src/table_store.rs	<module>::impl TableStore::fn materialize_blob_batch_with_limit :: error_constructor :: 54b0cdc5f84fa120cd7b2bbc14a11a231dbf4057cf9b877485ec347eee24a15a #1	error_constructor	column	column	physical_storage	retain accurate physical/storage terminology	none	omnigraph-engine owning tests plus G2 guard	Reviewed as accurate Lance, Arrow, manifest, recovery, or physical execution terminology.
2	rust_string:crates%2Fomnigraph%2Fsrc%2Ftable_store.rs:%3Cmodule%3E%3A%3Aimpl%20TableStore%3A%3Afn%20materialize_blob_batch_with_row_ids:error_constructor:77230598ca9c3002fba587ee2627b6becbdfffd80aea1bc7f8a72144d5d4cb25:row:1:1	rust_string	crates/omnigraph/src/table_store.rs	<module>::impl TableStore::fn materialize_blob_batch_with_row_ids :: error_constructor :: 77230598ca9c3002fba587ee2627b6becbdfffd80aea1bc7f8a72144d5d4cb25 #1	error_constructor	row	row	physical_storage	retain accurate physical/storage terminology	none	omnigraph-engine owning tests plus G2 guard	Reviewed as accurate Lance, Arrow, manifest, recovery, or physical execution terminology.
2	rust_string:crates%2Fomnigraph%2Fsrc%2Ftable_store.rs:%3Cmodule%3E%3A%3Aimpl%20TableStore%3A%3Afn%20materialize_blob_batch_with_row_ids:error_constructor:77230598ca9c3002fba587ee2627b6becbdfffd80aea1bc7f8a72144d5d4cb25:row:1:2	rust_string	crates/omnigraph/src/table_store.rs	<module>::impl TableStore::fn materialize_blob_batch_with_row_ids :: error_constructor :: 77230598ca9c3002fba587ee2627b6becbdfffd80aea1bc7f8a72144d5d4cb25 #1	error_constructor	row	row	physical_storage	retain accurate physical/storage terminology	none	omnigraph-engine owning tests plus G2 guard	Reviewed as accurate Lance, Arrow, manifest, recovery, or physical execution terminology.
2	rust_string:crates%2Fomnigraph%2Fsrc%2Ftable_store.rs:%3Cmodule%3E%3A%3Aimpl%20TableStore%3A%3Afn%20materialize_blob_batch_with_row_ids:error_constructor:91c61be86dd13db81e547277d537103525805d51baa5e4116b0247c3f529ee81:column:1:1	rust_string	crates/omnigraph/src/table_store.rs	<module>::impl TableStore::fn materialize_blob_batch_with_row_ids :: error_constructor :: 91c61be86dd13db81e547277d537103525805d51baa5e4116b0247c3f529ee81 #1	error_constructor	column	column	physical_storage	retain accurate physical/storage terminology	none	omnigraph-engine owning tests plus G2 guard	Reviewed as accurate Lance, Arrow, manifest, recovery, or physical execution terminology.
2	rust_string:crates%2Fomnigraph%2Fsrc%2Ftable_store.rs:%3Cmodule%3E%3A%3Aimpl%20TableStore%3A%3Afn%20open_at_entry_verified:error_constructor:1c8b112bab1e93effa699e4eee968de7cd639077c561ee0f01dccef16be7e226:table:1:1	rust_string	crates/omnigraph/src/table_store.rs	<module>::impl TableStore::fn open_at_entry_verified :: error_constructor :: 1c8b112bab1e93effa699e4eee968de7cd639077c561ee0f01dccef16be7e226 #1	error_constructor	table	table	physical_storage	retain accurate physical/storage terminology	none	omnigraph-engine owning tests plus G2 guard	Reviewed as accurate Lance, Arrow, manifest, recovery, or physical execution terminology.
2	rust_string:crates%2Fomnigraph%2Fsrc%2Ftable_store.rs:%3Cmodule%3E%3A%3Aimpl%20TableStore%3A%3Afn%20open_at_entry_verified:rustdoc:46467f0c6f268929d74d401f88bb9804d2de3b8d3ee61ac82652c2e8f98d3a39:rows:1:1	rust_string	crates/omnigraph/src/table_store.rs	<module>::impl TableStore::fn open_at_entry_verified :: rustdoc :: 46467f0c6f268929d74d401f88bb9804d2de3b8d3ee61ac82652c2e8f98d3a39 #1	rustdoc	rows	rows	physical_storage	retain accurate physical/storage terminology	none	omnigraph-engine owning tests plus G2 guard	Reviewed as accurate Lance, Arrow, manifest, recovery, or physical execution terminology.
2	rust_string:crates%2Fomnigraph%2Fsrc%2Ftable_store.rs:%3Cmodule%3E%3A%3Aimpl%20TableStore%3A%3Afn%20open_at_entry_verified:rustdoc:68ba6c6c2ef2b91178d2787326dea59058088b552ef09450c60c6423f0709b9d:table:1:1	rust_string	crates/omnigraph/src/table_store.rs	<module>::impl TableStore::fn open_at_entry_verified :: rustdoc :: 68ba6c6c2ef2b91178d2787326dea59058088b552ef09450c60c6423f0709b9d #1	rustdoc	table	table	physical_storage	retain accurate physical/storage terminology	none	omnigraph-engine owning tests plus G2 guard	Reviewed as accurate Lance, Arrow, manifest, recovery, or physical execution terminology.
2	rust_string:crates%2Fomnigraph%2Fsrc%2Ftable_store.rs:%3Cmodule%3E%3A%3Aimpl%20TableStore%3A%3Afn%20open_at_entry_verified:rustdoc:a150ca05f3250ab4b228d4b477adf15d15a2472c94b3230e00ff59d2ccbc6827:table:1:1	rust_string	crates/omnigraph/src/table_store.rs	<module>::impl TableStore::fn open_at_entry_verified :: rustdoc :: a150ca05f3250ab4b228d4b477adf15d15a2472c94b3230e00ff59d2ccbc6827 #1	rustdoc	table	table	physical_storage	retain accurate physical/storage terminology	none	omnigraph-engine owning tests plus G2 guard	Reviewed as accurate Lance, Arrow, manifest, recovery, or physical execution terminology.
2	rust_string:crates%2Fomnigraph%2Fsrc%2Ftable_store.rs:%3Cmodule%3E%3A%3Aimpl%20TableStore%3A%3Afn%20prepare_keyed_write_batch:rustdoc:081e4fb3e1c88e356cca2b4f7ca00cffccd24da2f0421da6255d478b4122aef6:table:1:1	rust_string	crates/omnigraph/src/table_store.rs	<module>::impl TableStore::fn prepare_keyed_write_batch :: rustdoc :: 081e4fb3e1c88e356cca2b4f7ca00cffccd24da2f0421da6255d478b4122aef6 #1	rustdoc	table	table	physical_storage	retain accurate physical/storage terminology	none	omnigraph-engine owning tests plus G2 guard	Reviewed as accurate Lance, Arrow, manifest, recovery, or physical execution terminology.
2	rust_string:crates%2Fomnigraph%2Fsrc%2Ftable_store.rs:%3Cmodule%3E%3A%3Aimpl%20TableStore%3A%3Afn%20rebuild_blob_column:error_constructor:1cf9535432be9f574dff073f86cd44885aeb67f1e80b34d0d320187031173675:rows:1:1	rust_string	crates/omnigraph/src/table_store.rs	<module>::impl TableStore::fn rebuild_blob_column :: error_constructor :: 1cf9535432be9f574dff073f86cd44885aeb67f1e80b34d0d320187031173675 #1	error_constructor	rows	rows	physical_storage	retain accurate physical/storage terminology	none	omnigraph-engine owning tests plus G2 guard	Reviewed as accurate Lance, Arrow, manifest, recovery, or physical execution terminology.
2	rust_string:crates%2Fomnigraph%2Fsrc%2Ftable_store.rs:%3Cmodule%3E%3A%3Aimpl%20TableStore%3A%3Afn%20scan_edges_by_endpoint:rustdoc:05dcef909e6873f04c0d008f412e424536d588e49562ab1158c51e7dc7d81aad:rows:1:1	rust_string	crates/omnigraph/src/table_store.rs	<module>::impl TableStore::fn scan_edges_by_endpoint :: rustdoc :: 05dcef909e6873f04c0d008f412e424536d588e49562ab1158c51e7dc7d81aad #1	rustdoc	rows	rows	physical_storage	retain accurate physical/storage terminology	none	omnigraph-engine owning tests plus G2 guard	Reviewed as accurate Lance, Arrow, manifest, recovery, or physical execution terminology.
2	rust_string:crates%2Fomnigraph%2Fsrc%2Ftable_store.rs:%3Cmodule%3E%3A%3Aimpl%20TableStore%3A%3Afn%20scan_edges_by_endpoint_projected:rustdoc:9cfecbe305dd549e342e137edb23b32382ae98fca356ff6edc67624fbb4ebedc:columns:1:1	rust_string	crates/omnigraph/src/table_store.rs	<module>::impl TableStore::fn scan_edges_by_endpoint_projected :: rustdoc :: 9cfecbe305dd549e342e137edb23b32382ae98fca356ff6edc67624fbb4ebedc #1	rustdoc	columns	columns	physical_storage	retain accurate physical/storage terminology	none	omnigraph-engine owning tests plus G2 guard	Reviewed as accurate Lance, Arrow, manifest, recovery, or physical execution terminology.
2	rust_string:crates%2Fomnigraph%2Fsrc%2Ftable_store.rs:%3Cmodule%3E%3A%3Aimpl%20TableStore%3A%3Afn%20scan_edges_by_endpoint_projected:rustdoc:9cfecbe305dd549e342e137edb23b32382ae98fca356ff6edc67624fbb4ebedc:row:1:1	rust_string	crates/omnigraph/src/table_store.rs	<module>::impl TableStore::fn scan_edges_by_endpoint_projected :: rustdoc :: 9cfecbe305dd549e342e137edb23b32382ae98fca356ff6edc67624fbb4ebedc #1	rustdoc	row	row	physical_storage	retain accurate physical/storage terminology	none	omnigraph-engine owning tests plus G2 guard	Reviewed as accurate Lance, Arrow, manifest, recovery, or physical execution terminology.
2	rust_string:crates%2Fomnigraph%2Fsrc%2Ftable_store.rs:%3Cmodule%3E%3A%3Aimpl%20TableStore%3A%3Afn%20scan_edges_by_endpoint_projected:rustdoc:bb82f5f48e47932e8dcc8113bea72f198f6006bec3090fb7e9e2f6fabdd345b6:columns:1:1	rust_string	crates/omnigraph/src/table_store.rs	<module>::impl TableStore::fn scan_edges_by_endpoint_projected :: rustdoc :: bb82f5f48e47932e8dcc8113bea72f198f6006bec3090fb7e9e2f6fabdd345b6 #1	rustdoc	columns	columns	physical_storage	retain accurate physical/storage terminology	none	omnigraph-engine owning tests plus G2 guard	Reviewed as accurate Lance, Arrow, manifest, recovery, or physical execution terminology.
2	rust_string:crates%2Fomnigraph%2Fsrc%2Ftable_store.rs:%3Cmodule%3E%3A%3Aimpl%20TableStore%3A%3Afn%20scan_proven_insert_delta_bounded:rustdoc:2af595936b9d0ed5e42d9898a4d872386b0fc0838892507d572691cb2df8d7fc:rows:1:1	rust_string	crates/omnigraph/src/table_store.rs	<module>::impl TableStore::fn scan_proven_insert_delta_bounded :: rustdoc :: 2af595936b9d0ed5e42d9898a4d872386b0fc0838892507d572691cb2df8d7fc #1	rustdoc	rows	rows	physical_storage	retain accurate physical/storage terminology	none	omnigraph-engine owning tests plus G2 guard	Reviewed as accurate Lance, Arrow, manifest, recovery, or physical execution terminology.
2	rust_string:crates%2Fomnigraph%2Fsrc%2Ftable_store.rs:%3Cmodule%3E%3A%3Aimpl%20TableStore%3A%3Afn%20scan_proven_insert_delta_bounded:rustdoc:3bd97681055a60d8abef500f516afe5df5711e31a9ffff37cd093acfb55e29e1:row:1:1	rust_string	crates/omnigraph/src/table_store.rs	<module>::impl TableStore::fn scan_proven_insert_delta_bounded :: rustdoc :: 3bd97681055a60d8abef500f516afe5df5711e31a9ffff37cd093acfb55e29e1 #1	rustdoc	row	row	physical_storage	retain accurate physical/storage terminology	none	omnigraph-engine owning tests plus G2 guard	Reviewed as accurate Lance, Arrow, manifest, recovery, or physical execution terminology.
2	rust_string:crates%2Fomnigraph%2Fsrc%2Ftable_store.rs:%3Cmodule%3E%3A%3Aimpl%20TableStore%3A%3Afn%20scan_proven_insert_delta_bounded:rustdoc:b8369291cf890156328cdf27118792b6591c7b3185c58649e2a95a53cb39210a:row:1:1	rust_string	crates/omnigraph/src/table_store.rs	<module>::impl TableStore::fn scan_proven_insert_delta_bounded :: rustdoc :: b8369291cf890156328cdf27118792b6591c7b3185c58649e2a95a53cb39210a #1	rustdoc	row	row	physical_storage	retain accurate physical/storage terminology	none	omnigraph-engine owning tests plus G2 guard	Reviewed as accurate Lance, Arrow, manifest, recovery, or physical execution terminology.
2	rust_string:crates%2Fomnigraph%2Fsrc%2Ftable_store.rs:%3Cmodule%3E%3A%3Aimpl%20TableStore%3A%3Afn%20scan_stream_bounded:error_constructor:53a8d44eff40df14c7b032a9183abe20cf62e6af89d8ca9bbe02a25e2ae75c10:row:1:1	rust_string	crates/omnigraph/src/table_store.rs	<module>::impl TableStore::fn scan_stream_bounded :: error_constructor :: 53a8d44eff40df14c7b032a9183abe20cf62e6af89d8ca9bbe02a25e2ae75c10 #1	error_constructor	row	row	physical_storage	retain accurate physical/storage terminology	none	omnigraph-engine owning tests plus G2 guard	Reviewed as accurate Lance, Arrow, manifest, recovery, or physical execution terminology.
2	rust_string:crates%2Fomnigraph%2Fsrc%2Ftable_store.rs:%3Cmodule%3E%3A%3Aimpl%20TableStore%3A%3Afn%20scan_stream_bounded:rustdoc:04dd47b50f9c1acdaa42a160823ad4f5246081baedeebcb979925dbbc36b25ed:row:1:1	rust_string	crates/omnigraph/src/table_store.rs	<module>::impl TableStore::fn scan_stream_bounded :: rustdoc :: 04dd47b50f9c1acdaa42a160823ad4f5246081baedeebcb979925dbbc36b25ed #1	rustdoc	row	row	physical_storage	retain accurate physical/storage terminology	none	omnigraph-engine owning tests plus G2 guard	Reviewed as accurate Lance, Arrow, manifest, recovery, or physical execution terminology.
2	rust_string:crates%2Fomnigraph%2Fsrc%2Ftable_store.rs:%3Cmodule%3E%3A%3Aimpl%20TableStore%3A%3Afn%20scan_stream_bounded:rustdoc:27f207767dab233ec66e581b55f2c238199a8ef81be1983c178a77bb7638cb7c:row:1:1	rust_string	crates/omnigraph/src/table_store.rs	<module>::impl TableStore::fn scan_stream_bounded :: rustdoc :: 27f207767dab233ec66e581b55f2c238199a8ef81be1983c178a77bb7638cb7c #1	rustdoc	row	row	physical_storage	retain accurate physical/storage terminology	none	omnigraph-engine owning tests plus G2 guard	Reviewed as accurate Lance, Arrow, manifest, recovery, or physical execution terminology.
2	rust_string:crates%2Fomnigraph%2Fsrc%2Ftable_store.rs:%3Cmodule%3E%3A%3Aimpl%20TableStore%3A%3Afn%20scan_stream_for_rewrite:rustdoc:804ec5a05f3ea222ed347474e9c1f84d5bf891d0683d0cb51e6e971915463884:columns:1:1	rust_string	crates/omnigraph/src/table_store.rs	<module>::impl TableStore::fn scan_stream_for_rewrite :: rustdoc :: 804ec5a05f3ea222ed347474e9c1f84d5bf891d0683d0cb51e6e971915463884 #1	rustdoc	columns	columns	physical_storage	retain accurate physical/storage terminology	none	omnigraph-engine owning tests plus G2 guard	Reviewed as accurate Lance, Arrow, manifest, recovery, or physical execution terminology.
2	rust_string:crates%2Fomnigraph%2Fsrc%2Ftable_store.rs:%3Cmodule%3E%3A%3Aimpl%20TableStore%3A%3Afn%20scan_stream_for_rewrite:rustdoc:8b555730d60d7a3fad709d73b6d2de1c481d19c30ded82cd3eade4e5448b8986:rows:1:1	rust_string	crates/omnigraph/src/table_store.rs	<module>::impl TableStore::fn scan_stream_for_rewrite :: rustdoc :: 8b555730d60d7a3fad709d73b6d2de1c481d19c30ded82cd3eade4e5448b8986 #1	rustdoc	rows	rows	physical_storage	retain accurate physical/storage terminology	none	omnigraph-engine owning tests plus G2 guard	Reviewed as accurate Lance, Arrow, manifest, recovery, or physical execution terminology.
2	rust_string:crates%2Fomnigraph%2Fsrc%2Ftable_store.rs:%3Cmodule%3E%3A%3Aimpl%20TableStore%3A%3Afn%20scan_stream_for_rewrite:rustdoc:91d4c4a7d3a228c74209b5244c4b30a43bc8233c06c98b6f5d2cb559824279df:columns:1:1	rust_string	crates/omnigraph/src/table_store.rs	<module>::impl TableStore::fn scan_stream_for_rewrite :: rustdoc :: 91d4c4a7d3a228c74209b5244c4b30a43bc8233c06c98b6f5d2cb559824279df #1	rustdoc	columns	columns	physical_storage	retain accurate physical/storage terminology	none	omnigraph-engine owning tests plus G2 guard	Reviewed as accurate Lance, Arrow, manifest, recovery, or physical execution terminology.
2	rust_string:crates%2Fomnigraph%2Fsrc%2Ftable_store.rs:%3Cmodule%3E%3A%3Aimpl%20TableStore%3A%3Afn%20scan_stream_for_rewrite:rustdoc:d62c30ddc62c2e7c103409c1bbc2f1ddd590c3693a99841f18be2a1f8bbb8acc:table:1:1	rust_string	crates/omnigraph/src/table_store.rs	<module>::impl TableStore::fn scan_stream_for_rewrite :: rustdoc :: d62c30ddc62c2e7c103409c1bbc2f1ddd590c3693a99841f18be2a1f8bbb8acc #1	rustdoc	table	table	physical_storage	retain accurate physical/storage terminology	none	omnigraph-engine owning tests plus G2 guard	Reviewed as accurate Lance, Arrow, manifest, recovery, or physical execution terminology.
2	rust_string:crates%2Fomnigraph%2Fsrc%2Ftable_store.rs:%3Cmodule%3E%3A%3Aimpl%20TableStore%3A%3Afn%20scan_stream_for_rewrite_bounded:error_constructor:32def3ac71321fa2fcb20608b57e32b83a35fe84960a688e9969edf73472a99e:row:1:1	rust_string	crates/omnigraph/src/table_store.rs	<module>::impl TableStore::fn scan_stream_for_rewrite_bounded :: error_constructor :: 32def3ac71321fa2fcb20608b57e32b83a35fe84960a688e9969edf73472a99e #1	error_constructor	row	row	physical_storage	retain accurate physical/storage terminology	none	omnigraph-engine owning tests plus G2 guard	Reviewed as accurate Lance, Arrow, manifest, recovery, or physical execution terminology.
2	rust_string:crates%2Fomnigraph%2Fsrc%2Ftable_store.rs:%3Cmodule%3E%3A%3Aimpl%20TableStore%3A%3Afn%20scan_with_pending:error_constructor:f19b2ad9cc41f2a38518c8f6e765202b77b6a67fd5f5a3b31dfc2f53667591af:column:1:1	rust_string	crates/omnigraph/src/table_store.rs	<module>::impl TableStore::fn scan_with_pending :: error_constructor :: f19b2ad9cc41f2a38518c8f6e765202b77b6a67fd5f5a3b31dfc2f53667591af #1	error_constructor	column	column	physical_storage	retain accurate physical/storage terminology	none	omnigraph-engine owning tests plus G2 guard	Reviewed as accurate Lance, Arrow, manifest, recovery, or physical execution terminology.
2	rust_string:crates%2Fomnigraph%2Fsrc%2Ftable_store.rs:%3Cmodule%3E%3A%3Aimpl%20TableStore%3A%3Afn%20scan_with_pending:rustdoc:18a2a8455dcf3b8b5b27da37b390300a1bbe19ec4c5a86a2e762817c20a27cee:rows:1:1	rust_string	crates/omnigraph/src/table_store.rs	<module>::impl TableStore::fn scan_with_pending :: rustdoc :: 18a2a8455dcf3b8b5b27da37b390300a1bbe19ec4c5a86a2e762817c20a27cee #1	rustdoc	rows	rows	physical_storage	retain accurate physical/storage terminology	none	omnigraph-engine owning tests plus G2 guard	Reviewed as accurate Lance, Arrow, manifest, recovery, or physical execution terminology.
2	rust_string:crates%2Fomnigraph%2Fsrc%2Ftable_store.rs:%3Cmodule%3E%3A%3Aimpl%20TableStore%3A%3Afn%20scan_with_pending:rustdoc:1c4e169f2a9c74ea602d0fe84baf97f22d45e017157b3ad9c3e4babb48d02db8:column:1:1	rust_string	crates/omnigraph/src/table_store.rs	<module>::impl TableStore::fn scan_with_pending :: rustdoc :: 1c4e169f2a9c74ea602d0fe84baf97f22d45e017157b3ad9c3e4babb48d02db8 #1	rustdoc	column	column	physical_storage	retain accurate physical/storage terminology	none	omnigraph-engine owning tests plus G2 guard	Reviewed as accurate Lance, Arrow, manifest, recovery, or physical execution terminology.
2	rust_string:crates%2Fomnigraph%2Fsrc%2Ftable_store.rs:%3Cmodule%3E%3A%3Aimpl%20TableStore%3A%3Afn%20scan_with_pending:rustdoc:4d53a628adad8cd9943c6626268e3bff19bcc46c573e2d97c64f69a8e80f562a:row:1:1	rust_string	crates/omnigraph/src/table_store.rs	<module>::impl TableStore::fn scan_with_pending :: rustdoc :: 4d53a628adad8cd9943c6626268e3bff19bcc46c573e2d97c64f69a8e80f562a #1	rustdoc	row	row	physical_storage	retain accurate physical/storage terminology	none	omnigraph-engine owning tests plus G2 guard	Reviewed as accurate Lance, Arrow, manifest, recovery, or physical execution terminology.
2	rust_string:crates%2Fomnigraph%2Fsrc%2Ftable_store.rs:%3Cmodule%3E%3A%3Aimpl%20TableStore%3A%3Afn%20scan_with_pending:rustdoc:4e4fd1e87a8ce9e3dffdc0944a5d36a35a38a6efa8c7f9780ff0b8abceba89f1:row:1:1	rust_string	crates/omnigraph/src/table_store.rs	<module>::impl TableStore::fn scan_with_pending :: rustdoc :: 4e4fd1e87a8ce9e3dffdc0944a5d36a35a38a6efa8c7f9780ff0b8abceba89f1 #1	rustdoc	row	row	physical_storage	retain accurate physical/storage terminology	none	omnigraph-engine owning tests plus G2 guard	Reviewed as accurate Lance, Arrow, manifest, recovery, or physical execution terminology.
2	rust_string:crates%2Fomnigraph%2Fsrc%2Ftable_store.rs:%3Cmodule%3E%3A%3Aimpl%20TableStore%3A%3Afn%20scan_with_pending:rustdoc:598ad1f246cc0dce096e04508270fe59fb2024a7c23258a263ecca8e853ed393:row:1:1	rust_string	crates/omnigraph/src/table_store.rs	<module>::impl TableStore::fn scan_with_pending :: rustdoc :: 598ad1f246cc0dce096e04508270fe59fb2024a7c23258a263ecca8e853ed393 #1	rustdoc	row	row	physical_storage	retain accurate physical/storage terminology	none	omnigraph-engine owning tests plus G2 guard	Reviewed as accurate Lance, Arrow, manifest, recovery, or physical execution terminology.
2	rust_string:crates%2Fomnigraph%2Fsrc%2Ftable_store.rs:%3Cmodule%3E%3A%3Aimpl%20TableStore%3A%3Afn%20scan_with_pending:rustdoc:88da8229ed0577065ba78933b6e1001568edd23b39280ae95cbeadfc139b230e:rows:1:1	rust_string	crates/omnigraph/src/table_store.rs	<module>::impl TableStore::fn scan_with_pending :: rustdoc :: 88da8229ed0577065ba78933b6e1001568edd23b39280ae95cbeadfc139b230e #1	rustdoc	rows	rows	physical_storage	retain accurate physical/storage terminology	none	omnigraph-engine owning tests plus G2 guard	Reviewed as accurate Lance, Arrow, manifest, recovery, or physical execution terminology.
2	rust_string:crates%2Fomnigraph%2Fsrc%2Ftable_store.rs:%3Cmodule%3E%3A%3Aimpl%20TableStore%3A%3Afn%20scan_with_pending:rustdoc:8e2aaaeda69388b539e9dc2efab1a1d2ba1acd87e11d81d57a7a8bbfcb1bb9b4:Table:1:1	rust_string	crates/omnigraph/src/table_store.rs	<module>::impl TableStore::fn scan_with_pending :: rustdoc :: 8e2aaaeda69388b539e9dc2efab1a1d2ba1acd87e11d81d57a7a8bbfcb1bb9b4 #1	rustdoc	Table	Table	upstream_name	retain exact upstream proper/API name	none	omnigraph-engine owning tests plus G2 guard	The match is part of an exact upstream proper name, algorithm, operation, or API identifier.
2	rust_string:crates%2Fomnigraph%2Fsrc%2Ftable_store.rs:%3Cmodule%3E%3A%3Aimpl%20TableStore%3A%3Afn%20scan_with_pending:rustdoc:b3f630e48f62627617d65c0319a33371ff6c2befcce3c216a3f0867c379e1f4b:table:1:1	rust_string	crates/omnigraph/src/table_store.rs	<module>::impl TableStore::fn scan_with_pending :: rustdoc :: b3f630e48f62627617d65c0319a33371ff6c2befcce3c216a3f0867c379e1f4b #1	rustdoc	table	table	physical_storage	retain accurate physical/storage terminology	none	omnigraph-engine owning tests plus G2 guard	Reviewed as accurate Lance, Arrow, manifest, recovery, or physical execution terminology.
2	rust_string:crates%2Fomnigraph%2Fsrc%2Ftable_store.rs:%3Cmodule%3E%3A%3Aimpl%20TableStore%3A%3Afn%20scan_with_pending:rustdoc:b3f630e48f62627617d65c0319a33371ff6c2befcce3c216a3f0867c379e1f4b:table:1:2	rust_string	crates/omnigraph/src/table_store.rs	<module>::impl TableStore::fn scan_with_pending :: rustdoc :: b3f630e48f62627617d65c0319a33371ff6c2befcce3c216a3f0867c379e1f4b #1	rustdoc	table	table	physical_storage	retain accurate physical/storage terminology	none	omnigraph-engine owning tests plus G2 guard	Reviewed as accurate Lance, Arrow, manifest, recovery, or physical execution terminology.
2	rust_string:crates%2Fomnigraph%2Fsrc%2Ftable_store.rs:%3Cmodule%3E%3A%3Aimpl%20TableStore%3A%3Afn%20scan_with_pending:rustdoc:e2c109db52dc1c307700bc59124722bd083a4682216aabd3d705439615362ff5:Table:1:1	rust_string	crates/omnigraph/src/table_store.rs	<module>::impl TableStore::fn scan_with_pending :: rustdoc :: e2c109db52dc1c307700bc59124722bd083a4682216aabd3d705439615362ff5 #1	rustdoc	Table	Table	upstream_name	retain exact upstream proper/API name	none	omnigraph-engine owning tests plus G2 guard	The match is part of an exact upstream proper name, algorithm, operation, or API identifier.
2	rust_string:crates%2Fomnigraph%2Fsrc%2Ftable_store.rs:%3Cmodule%3E%3A%3Aimpl%20TableStore%3A%3Afn%20scan_with_pending:rustdoc:fd72e2aec0b61a2e2b805dc4f006732730eee95d5273d2cf7d878402bb23ca6a:rows:1:1	rust_string	crates/omnigraph/src/table_store.rs	<module>::impl TableStore::fn scan_with_pending :: rustdoc :: fd72e2aec0b61a2e2b805dc4f006732730eee95d5273d2cf7d878402bb23ca6a #1	rustdoc	rows	rows	physical_storage	retain accurate physical/storage terminology	none	omnigraph-engine owning tests plus G2 guard	Reviewed as accurate Lance, Arrow, manifest, recovery, or physical execution terminology.
2	rust_string:crates%2Fomnigraph%2Fsrc%2Ftable_store.rs:%3Cmodule%3E%3A%3Aimpl%20TableStore%3A%3Afn%20scan_with_pending_materialized_blobs:rustdoc:1d3ec6fd9ace009b18c7deb5d186a8a47096074a86f4216f7015af0a369d1044:row:1:1	rust_string	crates/omnigraph/src/table_store.rs	<module>::impl TableStore::fn scan_with_pending_materialized_blobs :: rustdoc :: 1d3ec6fd9ace009b18c7deb5d186a8a47096074a86f4216f7015af0a369d1044 #1	rustdoc	row	row	physical_storage	retain accurate physical/storage terminology	none	omnigraph-engine owning tests plus G2 guard	Reviewed as accurate Lance, Arrow, manifest, recovery, or physical execution terminology.
2	rust_string:crates%2Fomnigraph%2Fsrc%2Ftable_store.rs:%3Cmodule%3E%3A%3Aimpl%20TableStore%3A%3Afn%20scan_with_pending_materialized_blobs:rustdoc:1d3ec6fd9ace009b18c7deb5d186a8a47096074a86f4216f7015af0a369d1044:rows:1:1	rust_string	crates/omnigraph/src/table_store.rs	<module>::impl TableStore::fn scan_with_pending_materialized_blobs :: rustdoc :: 1d3ec6fd9ace009b18c7deb5d186a8a47096074a86f4216f7015af0a369d1044 #1	rustdoc	rows	rows	physical_storage	retain accurate physical/storage terminology	none	omnigraph-engine owning tests plus G2 guard	Reviewed as accurate Lance, Arrow, manifest, recovery, or physical execution terminology.
2	rust_string:crates%2Fomnigraph%2Fsrc%2Ftable_store.rs:%3Cmodule%3E%3A%3Aimpl%20TableStore%3A%3Afn%20scan_with_pending_materialized_blobs:rustdoc:273a7e58cfa422e3e4179457c057a54fe595c6bfc0e3a61bf72859ebc7cb982a:columns:1:1	rust_string	crates/omnigraph/src/table_store.rs	<module>::impl TableStore::fn scan_with_pending_materialized_blobs :: rustdoc :: 273a7e58cfa422e3e4179457c057a54fe595c6bfc0e3a61bf72859ebc7cb982a #1	rustdoc	columns	columns	physical_storage	retain accurate physical/storage terminology	none	omnigraph-engine owning tests plus G2 guard	Reviewed as accurate Lance, Arrow, manifest, recovery, or physical execution terminology.
2	rust_string:crates%2Fomnigraph%2Fsrc%2Ftable_store.rs:%3Cmodule%3E%3A%3Aimpl%20TableStore%3A%3Afn%20scan_with_pending_materialized_blobs:rustdoc:273a7e58cfa422e3e4179457c057a54fe595c6bfc0e3a61bf72859ebc7cb982a:rows:1:1	rust_string	crates/omnigraph/src/table_store.rs	<module>::impl TableStore::fn scan_with_pending_materialized_blobs :: rustdoc :: 273a7e58cfa422e3e4179457c057a54fe595c6bfc0e3a61bf72859ebc7cb982a #1	rustdoc	rows	rows	physical_storage	retain accurate physical/storage terminology	none	omnigraph-engine owning tests plus G2 guard	Reviewed as accurate Lance, Arrow, manifest, recovery, or physical execution terminology.
2	rust_string:crates%2Fomnigraph%2Fsrc%2Ftable_store.rs:%3Cmodule%3E%3A%3Aimpl%20TableStore%3A%3Afn%20scan_with_pending_materialized_blobs:rustdoc:3496f9d54aab025cc319865464fc1d83a21225e3acd45461c5ed19ae85a53853:columns:1:1	rust_string	crates/omnigraph/src/table_store.rs	<module>::impl TableStore::fn scan_with_pending_materialized_blobs :: rustdoc :: 3496f9d54aab025cc319865464fc1d83a21225e3acd45461c5ed19ae85a53853 #1	rustdoc	columns	columns	physical_storage	retain accurate physical/storage terminology	none	omnigraph-engine owning tests plus G2 guard	Reviewed as accurate Lance, Arrow, manifest, recovery, or physical execution terminology.
2	rust_string:crates%2Fomnigraph%2Fsrc%2Ftable_store.rs:%3Cmodule%3E%3A%3Aimpl%20TableStore%3A%3Afn%20scan_with_pending_materialized_blobs:rustdoc:7464934abafd06587b7fba4b8ca28ba58b43880e1272166781811afe850a3518:table:1:1	rust_string	crates/omnigraph/src/table_store.rs	<module>::impl TableStore::fn scan_with_pending_materialized_blobs :: rustdoc :: 7464934abafd06587b7fba4b8ca28ba58b43880e1272166781811afe850a3518 #1	rustdoc	table	table	physical_storage	retain accurate physical/storage terminology	none	omnigraph-engine owning tests plus G2 guard	Reviewed as accurate Lance, Arrow, manifest, recovery, or physical execution terminology.
2	rust_string:crates%2Fomnigraph%2Fsrc%2Ftable_store.rs:%3Cmodule%3E%3A%3Aimpl%20TableStore%3A%3Afn%20scan_with_pending_materialized_blobs:rustdoc:7cd2bea7d1cbcbe8b49d4a15b51626274f31113d1a7f0a9f3272463ff7640953:row:1:1	rust_string	crates/omnigraph/src/table_store.rs	<module>::impl TableStore::fn scan_with_pending_materialized_blobs :: rustdoc :: 7cd2bea7d1cbcbe8b49d4a15b51626274f31113d1a7f0a9f3272463ff7640953 #1	rustdoc	row	row	physical_storage	retain accurate physical/storage terminology	none	omnigraph-engine owning tests plus G2 guard	Reviewed as accurate Lance, Arrow, manifest, recovery, or physical execution terminology.
2	rust_string:crates%2Fomnigraph%2Fsrc%2Ftable_store.rs:%3Cmodule%3E%3A%3Aimpl%20TableStore%3A%3Afn%20scan_with_pending_materialized_blobs:rustdoc:c26f6fd0a551cf1f57d60c36997e4637196a7ba38ade73d9d6ef37b04ec1fc0f:columns:1:1	rust_string	crates/omnigraph/src/table_store.rs	<module>::impl TableStore::fn scan_with_pending_materialized_blobs :: rustdoc :: c26f6fd0a551cf1f57d60c36997e4637196a7ba38ade73d9d6ef37b04ec1fc0f #1	rustdoc	columns	columns	physical_storage	retain accurate physical/storage terminology	none	omnigraph-engine owning tests plus G2 guard	Reviewed as accurate Lance, Arrow, manifest, recovery, or physical execution terminology.
2	rust_string:crates%2Fomnigraph%2Fsrc%2Ftable_store.rs:%3Cmodule%3E%3A%3Aimpl%20TableStore%3A%3Afn%20scan_with_pending_materialized_blobs:rustdoc:caad87d3eb7ff98445252a20e7ddbe2a54f5fa06848ab1043efef2d4946146ee:column:1:1	rust_string	crates/omnigraph/src/table_store.rs	<module>::impl TableStore::fn scan_with_pending_materialized_blobs :: rustdoc :: caad87d3eb7ff98445252a20e7ddbe2a54f5fa06848ab1043efef2d4946146ee #1	rustdoc	column	column	physical_storage	retain accurate physical/storage terminology	none	omnigraph-engine owning tests plus G2 guard	Reviewed as accurate Lance, Arrow, manifest, recovery, or physical execution terminology.
2	rust_string:crates%2Fomnigraph%2Fsrc%2Ftable_store.rs:%3Cmodule%3E%3A%3Aimpl%20TableStore%3A%3Afn%20scan_with_pending_materialized_blobs:rustdoc:dd8c8839c4e195454f03a597bc7d6420c7651615f8ecf2be1030abe6f96ae787:table:1:1	rust_string	crates/omnigraph/src/table_store.rs	<module>::impl TableStore::fn scan_with_pending_materialized_blobs :: rustdoc :: dd8c8839c4e195454f03a597bc7d6420c7651615f8ecf2be1030abe6f96ae787 #1	rustdoc	table	table	physical_storage	retain accurate physical/storage terminology	none	omnigraph-engine owning tests plus G2 guard	Reviewed as accurate Lance, Arrow, manifest, recovery, or physical execution terminology.
2	rust_string:crates%2Fomnigraph%2Fsrc%2Ftable_store.rs:%3Cmodule%3E%3A%3Aimpl%20TableStore%3A%3Afn%20scan_with_staged:rustdoc:86eed85847efca359f8646b8492857878c6e6a8f985170341392df8bacb93b5c:Table:1:1	rust_string	crates/omnigraph/src/table_store.rs	<module>::impl TableStore::fn scan_with_staged :: rustdoc :: 86eed85847efca359f8646b8492857878c6e6a8f985170341392df8bacb93b5c #1	rustdoc	Table	Table	upstream_name	retain exact upstream proper/API name	none	omnigraph-engine owning tests plus G2 guard	The match is part of an exact upstream proper name, algorithm, operation, or API identifier.
2	rust_string:crates%2Fomnigraph%2Fsrc%2Ftable_store.rs:%3Cmodule%3E%3A%3Aimpl%20TableStore%3A%3Afn%20scan_with_staged:rustdoc:b897e75bb47a3300b347afc63d7a8a2983e3146ad26ddf585910ea88554a4cac:column:1:1	rust_string	crates/omnigraph/src/table_store.rs	<module>::impl TableStore::fn scan_with_staged :: rustdoc :: b897e75bb47a3300b347afc63d7a8a2983e3146ad26ddf585910ea88554a4cac #1	rustdoc	column	column	physical_storage	retain accurate physical/storage terminology	none	omnigraph-engine owning tests plus G2 guard	Reviewed as accurate Lance, Arrow, manifest, recovery, or physical execution terminology.
2	rust_string:crates%2Fomnigraph%2Fsrc%2Ftable_store.rs:%3Cmodule%3E%3A%3Aimpl%20TableStore%3A%3Afn%20scan_with_staged:rustdoc:c78839f4020c6537044d47b2be761a22a4048fce49b4ec8da259bee1cecf2332:rows:1:1	rust_string	crates/omnigraph/src/table_store.rs	<module>::impl TableStore::fn scan_with_staged :: rustdoc :: c78839f4020c6537044d47b2be761a22a4048fce49b4ec8da259bee1cecf2332 #1	rustdoc	rows	rows	physical_storage	retain accurate physical/storage terminology	none	omnigraph-engine owning tests plus G2 guard	Reviewed as accurate Lance, Arrow, manifest, recovery, or physical execution terminology.
2	rust_string:crates%2Fomnigraph%2Fsrc%2Ftable_store.rs:%3Cmodule%3E%3A%3Aimpl%20TableStore%3A%3Afn%20scan_with_staged:rustdoc:f2643e7b1b468c1a91f08d5163ad2017a029f036423d2b6c95ac5bc16d17aa4b:rows:1:1	rust_string	crates/omnigraph/src/table_store.rs	<module>::impl TableStore::fn scan_with_staged :: rustdoc :: f2643e7b1b468c1a91f08d5163ad2017a029f036423d2b6c95ac5bc16d17aa4b #1	rustdoc	rows	rows	physical_storage	retain accurate physical/storage terminology	none	omnigraph-engine owning tests plus G2 guard	Reviewed as accurate Lance, Arrow, manifest, recovery, or physical execution terminology.
2	rust_string:crates%2Fomnigraph%2Fsrc%2Ftable_store.rs:%3Cmodule%3E%3A%3Aimpl%20TableStore%3A%3Afn%20stage_create_indices:error_constructor:3102265ca49b976f477ba2ab842c5d339f2bc90524976608e9387061a0c6bd69:column:1:1	rust_string	crates/omnigraph/src/table_store.rs	<module>::impl TableStore::fn stage_create_indices :: error_constructor :: 3102265ca49b976f477ba2ab842c5d339f2bc90524976608e9387061a0c6bd69 #1	error_constructor	column	column	physical_storage	retain accurate physical/storage terminology	none	omnigraph-engine owning tests plus G2 guard	Reviewed as accurate Lance, Arrow, manifest, recovery, or physical execution terminology.
2	rust_string:crates%2Fomnigraph%2Fsrc%2Ftable_store.rs:%3Cmodule%3E%3A%3Aimpl%20TableStore%3A%3Afn%20stage_create_indices:rustdoc:5bd65eef3960733ccb8d459029b347919139eba0a1ffbd77490d18d171f642fb:table:1:1	rust_string	crates/omnigraph/src/table_store.rs	<module>::impl TableStore::fn stage_create_indices :: rustdoc :: 5bd65eef3960733ccb8d459029b347919139eba0a1ffbd77490d18d171f642fb #1	rustdoc	table	table	physical_storage	retain accurate physical/storage terminology	none	omnigraph-engine owning tests plus G2 guard	Reviewed as accurate Lance, Arrow, manifest, recovery, or physical execution terminology.
2	rust_string:crates%2Fomnigraph%2Fsrc%2Ftable_store.rs:%3Cmodule%3E%3A%3Aimpl%20TableStore%3A%3Afn%20stage_create_indices:rustdoc:afdb41771de1edc52a9d74eebf109e60a4272b680d182efadd03fa6262dd1c10:table:1:1	rust_string	crates/omnigraph/src/table_store.rs	<module>::impl TableStore::fn stage_create_indices :: rustdoc :: afdb41771de1edc52a9d74eebf109e60a4272b680d182efadd03fa6262dd1c10 #1	rustdoc	table	table	physical_storage	retain accurate physical/storage terminology	none	omnigraph-engine owning tests plus G2 guard	Reviewed as accurate Lance, Arrow, manifest, recovery, or physical execution terminology.
2	rust_string:crates%2Fomnigraph%2Fsrc%2Ftable_store.rs:%3Cmodule%3E%3A%3Aimpl%20TableStore%3A%3Afn%20stage_create_indices:rustdoc:b6ba9459574e903e3afc7d4b6ad35e9acc35b3a62ed78f10d3565ab932b362d6:table:1:1	rust_string	crates/omnigraph/src/table_store.rs	<module>::impl TableStore::fn stage_create_indices :: rustdoc :: b6ba9459574e903e3afc7d4b6ad35e9acc35b3a62ed78f10d3565ab932b362d6 #1	rustdoc	table	table	physical_storage	retain accurate physical/storage terminology	none	omnigraph-engine owning tests plus G2 guard	Reviewed as accurate Lance, Arrow, manifest, recovery, or physical execution terminology.
2	rust_string:crates%2Fomnigraph%2Fsrc%2Ftable_store.rs:%3Cmodule%3E%3A%3Aimpl%20TableStore%3A%3Afn%20stage_delete:rustdoc:0172bba4ba15131c6434f39763c56bc953344622b342e028ee2ecde7f6b79a2f:row:1:1	rust_string	crates/omnigraph/src/table_store.rs	<module>::impl TableStore::fn stage_delete :: rustdoc :: 0172bba4ba15131c6434f39763c56bc953344622b342e028ee2ecde7f6b79a2f #1	rustdoc	row	row	physical_storage	retain accurate physical/storage terminology	none	omnigraph-engine owning tests plus G2 guard	Reviewed as accurate Lance, Arrow, manifest, recovery, or physical execution terminology.
2	rust_string:crates%2Fomnigraph%2Fsrc%2Ftable_store.rs:%3Cmodule%3E%3A%3Aimpl%20TableStore%3A%3Afn%20stage_delete:rustdoc:2ca815b69a1bd3f317f2bdb36db67dd814efa5b53f262704911f2b634ef925f3:row:1:1	rust_string	crates/omnigraph/src/table_store.rs	<module>::impl TableStore::fn stage_delete :: rustdoc :: 2ca815b69a1bd3f317f2bdb36db67dd814efa5b53f262704911f2b634ef925f3 #1	rustdoc	row	row	physical_storage	retain accurate physical/storage terminology	none	omnigraph-engine owning tests plus G2 guard	Reviewed as accurate Lance, Arrow, manifest, recovery, or physical execution terminology.
2	rust_string:crates%2Fomnigraph%2Fsrc%2Ftable_store.rs:%3Cmodule%3E%3A%3Aimpl%20TableStore%3A%3Afn%20stage_delete:rustdoc:6f4e4932b17f30ddd23eeeecb556809905b51bde358f82d651d46ee946694245:rows:1:1	rust_string	crates/omnigraph/src/table_store.rs	<module>::impl TableStore::fn stage_delete :: rustdoc :: 6f4e4932b17f30ddd23eeeecb556809905b51bde358f82d651d46ee946694245 #1	rustdoc	rows	rows	physical_storage	retain accurate physical/storage terminology	none	omnigraph-engine owning tests plus G2 guard	Reviewed as accurate Lance, Arrow, manifest, recovery, or physical execution terminology.
2	rust_string:crates%2Fomnigraph%2Fsrc%2Ftable_store.rs:%3Cmodule%3E%3A%3Aimpl%20TableStore%3A%3Afn%20stage_keyed_write:rustdoc:6cd91687abffe7e9b7b126934e049f4caaaccef134ae948836bedcd3d578c159:tables:1:1	rust_string	crates/omnigraph/src/table_store.rs	<module>::impl TableStore::fn stage_keyed_write :: rustdoc :: 6cd91687abffe7e9b7b126934e049f4caaaccef134ae948836bedcd3d578c159 #1	rustdoc	tables	tables	physical_storage	retain accurate physical/storage terminology	none	omnigraph-engine owning tests plus G2 guard	Reviewed as accurate Lance, Arrow, manifest, recovery, or physical execution terminology.
2	rust_string:crates%2Fomnigraph%2Fsrc%2Ftable_store.rs:%3Cmodule%3E%3A%3Aimpl%20TableStore%3A%3Afn%20stage_proven_strict_insert:error_constructor:d942f3db21ea6ceffee43bba60a736c7fec9ba3ca10ea89bcfe8fa29c0a8db67:row:1:1	rust_string	crates/omnigraph/src/table_store.rs	<module>::impl TableStore::fn stage_proven_strict_insert :: error_constructor :: d942f3db21ea6ceffee43bba60a736c7fec9ba3ca10ea89bcfe8fa29c0a8db67 #1	error_constructor	row	row	physical_storage	retain accurate physical/storage terminology	none	omnigraph-engine owning tests plus G2 guard	Reviewed as accurate Lance, Arrow, manifest, recovery, or physical execution terminology.
2	rust_string:crates%2Fomnigraph%2Fsrc%2Ftable_store.rs:%3Cmodule%3E%3A%3Aimpl%20TableStore%3A%3Afn%20user_indices_for_column:error_constructor:0cceb2f79a0c0beecd4571f9f0892fefbe1d7bea7beeb64170fd73eef07ef2da:column:1:1	rust_string	crates/omnigraph/src/table_store.rs	<module>::impl TableStore::fn user_indices_for_column :: error_constructor :: 0cceb2f79a0c0beecd4571f9f0892fefbe1d7bea7beeb64170fd73eef07ef2da #1	error_constructor	column	column	physical_storage	retain accurate physical/storage terminology	none	omnigraph-engine owning tests plus G2 guard	Reviewed as accurate Lance, Arrow, manifest, recovery, or physical execution terminology.
2	rust_string:crates%2Fomnigraph%2Fsrc%2Ftable_store.rs:%3Cmodule%3E%3A%3Aimpl%20TableStore%3A%3Afn%20validate_keyed_write_batch:rustdoc:f75661ad7768786c6e341a509c08e32b3f2263b408e76ffa6a46a6039075285e:table:1:1	rust_string	crates/omnigraph/src/table_store.rs	<module>::impl TableStore::fn validate_keyed_write_batch :: rustdoc :: f75661ad7768786c6e341a509c08e32b3f2263b408e76ffa6a46a6039075285e #1	rustdoc	table	table	physical_storage	retain accurate physical/storage terminology	none	omnigraph-engine owning tests plus G2 guard	Reviewed as accurate Lance, Arrow, manifest, recovery, or physical execution terminology.
2	rust_string:crates%2Fomnigraph%2Fsrc%2Ftable_store.rs:%3Cmodule%3E%3A%3Astruct%20StagedTransactionIdentity:rustdoc:100b8aa9aa42c69658067bc3a651263acbd43a2b6856d3d8c5c196a934d41e14:sidecar:1:1	rust_string	crates/omnigraph/src/table_store.rs	<module>::struct StagedTransactionIdentity :: rustdoc :: 100b8aa9aa42c69658067bc3a651263acbd43a2b6856d3d8c5c196a934d41e14 #1	rustdoc	sidecar	sidecar	physical_storage	retain accurate physical/storage terminology	none	omnigraph-engine owning tests plus G2 guard	Reviewed as accurate Lance, Arrow, manifest, recovery, or physical execution terminology.
2	rust_string:crates%2Fomnigraph%2Fsrc%2Ftable_store.rs:%3Cmodule%3E%3A%3Astruct%20StagedTransactionIdentity:rustdoc:1212c42b101ae463240bc2c4041a418c9b7f4f4b1e949042566692ede29d5a14:table:1:1	rust_string	crates/omnigraph/src/table_store.rs	<module>::struct StagedTransactionIdentity :: rustdoc :: 1212c42b101ae463240bc2c4041a418c9b7f4f4b1e949042566692ede29d5a14 #1	rustdoc	table	table	physical_storage	retain accurate physical/storage terminology	none	omnigraph-engine owning tests plus G2 guard	Reviewed as accurate Lance, Arrow, manifest, recovery, or physical execution terminology.
2	rust_string:crates%2Fomnigraph%2Fsrc%2Ftable_store.rs:%3Cmodule%3E%3A%3Astruct%20StagedTransactionIdentity:rustdoc:877a085e0ffea99f7ef1de49f7bf1c3efe18a6fc8eeeb34695c0d4f0dc2bc3a7:table:1:1	rust_string	crates/omnigraph/src/table_store.rs	<module>::struct StagedTransactionIdentity :: rustdoc :: 877a085e0ffea99f7ef1de49f7bf1c3efe18a6fc8eeeb34695c0d4f0dc2bc3a7 #1	rustdoc	table	table	physical_storage	retain accurate physical/storage terminology	none	omnigraph-engine owning tests plus G2 guard	Reviewed as accurate Lance, Arrow, manifest, recovery, or physical execution terminology.
2	rust_string:crates%2Fomnigraph%2Fsrc%2Ftable_store.rs:%3Cmodule%3E%3A%3Astruct%20StagedWrite:rustdoc:1ab353806cda44ca47e928e59122754c745725a6561d638ec98e8abb8e7de4c8:table:1:1	rust_string	crates/omnigraph/src/table_store.rs	<module>::struct StagedWrite :: rustdoc :: 1ab353806cda44ca47e928e59122754c745725a6561d638ec98e8abb8e7de4c8 #1	rustdoc	table	table	physical_storage	retain accurate physical/storage terminology	none	omnigraph-engine owning tests plus G2 guard	Reviewed as accurate Lance, Arrow, manifest, recovery, or physical execution terminology.
2	rust_string:crates%2Fomnigraph%2Fsrc%2Ftable_store.rs:%3Cmodule%3E%3A%3Astruct%20StagedWrite:rustdoc:1daea286a3ad48118ce42f2d9dd5e1fbd5bc87b50514b24a699c8909804bf55f:rows:1:1	rust_string	crates/omnigraph/src/table_store.rs	<module>::struct StagedWrite :: rustdoc :: 1daea286a3ad48118ce42f2d9dd5e1fbd5bc87b50514b24a699c8909804bf55f #1	rustdoc	rows	rows	physical_storage	retain accurate physical/storage terminology	none	omnigraph-engine owning tests plus G2 guard	Reviewed as accurate Lance, Arrow, manifest, recovery, or physical execution terminology.
2	rust_string:crates%2Fomnigraph%2Fsrc%2Ftable_store.rs:%3Cmodule%3E%3A%3Astruct%20StagedWrite:rustdoc:3967e53270e1f912a0ab452e8f6b9d49cbe55864a9e089a8c6032b2658786fc5:rows:1:1	rust_string	crates/omnigraph/src/table_store.rs	<module>::struct StagedWrite :: rustdoc :: 3967e53270e1f912a0ab452e8f6b9d49cbe55864a9e089a8c6032b2658786fc5 #1	rustdoc	rows	rows	physical_storage	retain accurate physical/storage terminology	none	omnigraph-engine owning tests plus G2 guard	Reviewed as accurate Lance, Arrow, manifest, recovery, or physical execution terminology.
2	rust_string:crates%2Fomnigraph%2Fsrc%2Ftable_store.rs:%3Cmodule%3E%3A%3Astruct%20StagedWrite:rustdoc:b8b47d74f737e363161ed78c604f4c4390dc2d06b233b353aeb0e95fb4b96a34:row:1:1	rust_string	crates/omnigraph/src/table_store.rs	<module>::struct StagedWrite :: rustdoc :: b8b47d74f737e363161ed78c604f4c4390dc2d06b233b353aeb0e95fb4b96a34 #1	rustdoc	row	row	physical_storage	retain accurate physical/storage terminology	none	omnigraph-engine owning tests plus G2 guard	Reviewed as accurate Lance, Arrow, manifest, recovery, or physical execution terminology.
2	rust_string:crates%2Fomnigraph%2Fsrc%2Fvalidate.rs:%3Cmodule%3E%3A%3Afn%20string_col:error_constructor:8ad070f41da6c7a04b511b660fd125481ec74edbdf2a9c4dbdfd5d76c627f45f:column:1:1	rust_string	crates/omnigraph/src/validate.rs	<module>::fn string_col :: error_constructor :: 8ad070f41da6c7a04b511b660fd125481ec74edbdf2a9c4dbdfd5d76c627f45f #1	error_constructor	column	column	physical_storage	retain accurate physical/storage terminology	none	omnigraph-engine owning tests plus G2 guard	Reviewed as accurate Lance, Arrow, manifest, recovery, or physical execution terminology.
2	rust_string:crates%2Fomnigraph%2Fsrc%2Fvalidate.rs:%3Cmodule%3E%3A%3Afn%20string_col:error_constructor:91c61be86dd13db81e547277d537103525805d51baa5e4116b0247c3f529ee81:column:1:1	rust_string	crates/omnigraph/src/validate.rs	<module>::fn string_col :: error_constructor :: 91c61be86dd13db81e547277d537103525805d51baa5e4116b0247c3f529ee81 #1	error_constructor	column	column	physical_storage	retain accurate physical/storage terminology	none	omnigraph-engine owning tests plus G2 guard	Reviewed as accurate Lance, Arrow, manifest, recovery, or physical execution terminology.
2	rust_string:crates%2Fomnigraph%2Fsrc%2Fvalidate.rs:%3Cmodule%3E%3A%3Aimpl%20TableChange%3A%3Afn%20value_batches:rustdoc:165a1e41946fbf8f983d5367afef454cee91bf534f3d56e680bf0b8591e4e4e2:row:1:1	rust_string	crates/omnigraph/src/validate.rs	<module>::impl TableChange::fn value_batches :: rustdoc :: 165a1e41946fbf8f983d5367afef454cee91bf534f3d56e680bf0b8591e4e4e2 #1	rustdoc	row	row	physical_storage	retain accurate physical/storage terminology	none	omnigraph-engine owning tests plus G2 guard	Reviewed as accurate Lance, Arrow, manifest, recovery, or physical execution terminology.
2	rust_string:crates%2Fomnigraph%2Fsrc%2Fvalidate.rs:%3Cmodule%3E%3A%3Aimpl%20TableChange%3A%3Afn%20value_batches:rustdoc:e54810d9496f0b2763c0d42259d646420f9bd4e2ca9e5fddb10cf2c4b391c2f4:rows:1:1	rust_string	crates/omnigraph/src/validate.rs	<module>::impl TableChange::fn value_batches :: rustdoc :: e54810d9496f0b2763c0d42259d646420f9bd4e2ca9e5fddb10cf2c4b391c2f4 #1	rustdoc	rows	rows	physical_storage	retain accurate physical/storage terminology	none	omnigraph-engine owning tests plus G2 guard	Reviewed as accurate Lance, Arrow, manifest, recovery, or physical execution terminology.
2	rust_string:crates%2Fomnigraph%2Fsrc%2Fvalidate.rs:%3Cmodule%3E%3A%3Astruct%20TableChange%3A%3Afield%20added:rustdoc:561a19e227ee63f0449816b0feaf00951c3ff171c0fe7b274b1ba0801c1011b9:Rows:1:1	rust_string	crates/omnigraph/src/validate.rs	<module>::struct TableChange::field added :: rustdoc :: 561a19e227ee63f0449816b0feaf00951c3ff171c0fe7b274b1ba0801c1011b9 #1	rustdoc	Rows	Rows	physical_storage	retain accurate physical/storage terminology	none	omnigraph-engine owning tests plus G2 guard	Reviewed as accurate Lance, Arrow, manifest, recovery, or physical execution terminology.
2	rust_string:crates%2Fomnigraph%2Fsrc%2Fvalidate.rs:%3Cmodule%3E%3A%3Astruct%20TableChange%3A%3Afield%20changed:rustdoc:c8be0cf7cc33691db46df1fb77a8089c67d1cd09e4118c34d97cebf30d6830d1:Rows:1:1	rust_string	crates/omnigraph/src/validate.rs	<module>::struct TableChange::field changed :: rustdoc :: c8be0cf7cc33691db46df1fb77a8089c67d1cd09e4118c34d97cebf30d6830d1 #1	rustdoc	Rows	Rows	physical_storage	retain accurate physical/storage terminology	none	omnigraph-engine owning tests plus G2 guard	Reviewed as accurate Lance, Arrow, manifest, recovery, or physical execution terminology.
2	rust_string:crates%2Fomnigraph%2Fsrc%2Fvalidate.rs:%3Cmodule%3E:rustdoc:32c1d1147c670dd51aebc6860641927c94ed05a483137389fafa1773f4be444c:table:1:1	rust_string	crates/omnigraph/src/validate.rs	<module> :: rustdoc :: 32c1d1147c670dd51aebc6860641927c94ed05a483137389fafa1773f4be444c #1	rustdoc	table	table	physical_storage	retain accurate physical/storage terminology	none	omnigraph-engine owning tests plus G2 guard	Reviewed as accurate Lance, Arrow, manifest, recovery, or physical execution terminology.
2	rust_string:crates%2Fomnigraph%2Fsrc%2Fvalidate.rs:%3Cmodule%3E:rustdoc:5e1517279e03adfd78f1ccb12f0f67d20217aa7152018b781e9f896a26b0ae8c:Row:1:1	rust_string	crates/omnigraph/src/validate.rs	<module> :: rustdoc :: 5e1517279e03adfd78f1ccb12f0f67d20217aa7152018b781e9f896a26b0ae8c #1	rustdoc	Row	Row	physical_storage	retain accurate physical/storage terminology	none	omnigraph-engine owning tests plus G2 guard	Reviewed as accurate Lance, Arrow, manifest, recovery, or physical execution terminology.
2	rust_string:crates%2Fomnigraph%2Fsrc%2Fvalidate.rs:%3Cmodule%3E:rustdoc:5e1517279e03adfd78f1ccb12f0f67d20217aa7152018b781e9f896a26b0ae8c:rows:1:1	rust_string	crates/omnigraph/src/validate.rs	<module> :: rustdoc :: 5e1517279e03adfd78f1ccb12f0f67d20217aa7152018b781e9f896a26b0ae8c #1	rustdoc	rows	rows	physical_storage	retain accurate physical/storage terminology	none	omnigraph-engine owning tests plus G2 guard	Reviewed as accurate Lance, Arrow, manifest, recovery, or physical execution terminology.
2	rust_string:crates%2Fomnigraph%2Fsrc%2Fvalidate.rs:%3Cmodule%3E:rustdoc:5e1517279e03adfd78f1ccb12f0f67d20217aa7152018b781e9f896a26b0ae8c:table:1:1	rust_string	crates/omnigraph/src/validate.rs	<module> :: rustdoc :: 5e1517279e03adfd78f1ccb12f0f67d20217aa7152018b781e9f896a26b0ae8c #1	rustdoc	table	table	physical_storage	retain accurate physical/storage terminology	none	omnigraph-engine owning tests plus G2 guard	Reviewed as accurate Lance, Arrow, manifest, recovery, or physical execution terminology.
2	rust_string:crates%2Fomnigraph%2Fsrc%2Fvalidate.rs:%3Cmodule%3E:rustdoc:6745e2821cecb462662dbe1eb3a8f4bf822bc143b74a94676a5fe80f8e73d555:rows:1:1	rust_string	crates/omnigraph/src/validate.rs	<module> :: rustdoc :: 6745e2821cecb462662dbe1eb3a8f4bf822bc143b74a94676a5fe80f8e73d555 #1	rustdoc	rows	rows	physical_storage	retain accurate physical/storage terminology	none	omnigraph-engine owning tests plus G2 guard	Reviewed as accurate Lance, Arrow, manifest, recovery, or physical execution terminology.
2	rust_string:crates%2Fomnigraph%2Fsrc%2Fvalidate.rs:%3Cmodule%3E:rustdoc:e225b5c867051a1543674f25480713218a981dd469983bc8af096f1d8ecee512:row:1:1	rust_string	crates/omnigraph/src/validate.rs	<module> :: rustdoc :: e225b5c867051a1543674f25480713218a981dd469983bc8af096f1d8ecee512 #1	rustdoc	row	row	physical_storage	retain accurate physical/storage terminology	none	omnigraph-engine owning tests plus G2 guard	Reviewed as accurate Lance, Arrow, manifest, recovery, or physical execution terminology.
2	rust_string:crates%2Fomnigraph%2Fsrc%2Fvalidate.rs:%3Cmodule%3E:rustdoc:e225b5c867051a1543674f25480713218a981dd469983bc8af096f1d8ecee512:rows:1:1	rust_string	crates/omnigraph/src/validate.rs	<module> :: rustdoc :: e225b5c867051a1543674f25480713218a981dd469983bc8af096f1d8ecee512 #1	rustdoc	rows	rows	physical_storage	retain accurate physical/storage terminology	none	omnigraph-engine owning tests plus G2 guard	Reviewed as accurate Lance, Arrow, manifest, recovery, or physical execution terminology.
2	rust_string:crates%2Fomnigraph%2Fsrc%2Fvalidate.rs:%3Cmodule%3E:rustdoc:e225b5c867051a1543674f25480713218a981dd469983bc8af096f1d8ecee512:table:1:1	rust_string	crates/omnigraph/src/validate.rs	<module> :: rustdoc :: e225b5c867051a1543674f25480713218a981dd469983bc8af096f1d8ecee512 #1	rustdoc	table	table	physical_storage	retain accurate physical/storage terminology	none	omnigraph-engine owning tests plus G2 guard	Reviewed as accurate Lance, Arrow, manifest, recovery, or physical execution terminology.
2	rust_string:crates%2Fomnigraph-api-types%2Fsrc%2Flib.rs:%3Cmodule%3E%3A%3Astruct%20ErrorOutput%3A%3Afield%20resource_limit:openapi_description:f3e19e96d0719fd04ee4ab245b633bf4d8b0554d16dbc7d5673a9357b424e496:sidecar:1:1	rust_string	crates/omnigraph-api-types/src/lib.rs	<module>::struct ErrorOutput::field resource_limit :: openapi_description :: f3e19e96d0719fd04ee4ab245b633bf4d8b0554d16dbc7d5673a9357b424e496 #1	openapi_description	sidecar	sidecar	physical_storage	retain accurate physical/storage terminology	none	omnigraph-server OpenAPI drift plus G2 guard	Reviewed as accurate Lance, Arrow, manifest, recovery, or physical execution terminology.
2	rust_string:crates%2Fomnigraph-api-types%2Fsrc%2Flib.rs:%3Cmodule%3E%3A%3Astruct%20ReadOutput%3A%3Afield%20graph_commit_id:openapi_description:0ce219955e2e72c88f06580d5727f4f06c07fe2f35ae5dd9ce45fdab524a4ed6:rows:1:1	rust_string	crates/omnigraph-api-types/src/lib.rs	<module>::struct ReadOutput::field graph_commit_id :: openapi_description :: 0ce219955e2e72c88f06580d5727f4f06c07fe2f35ae5dd9ce45fdab524a4ed6 #1	openapi_description	rows	rows	result_projection	retain query/result projection terminology	none	omnigraph-server OpenAPI drift plus G2 guard	Rows or columns here are query/export/renderer result projections, not graph entities or properties.
2	rust_string:crates%2Fomnigraph-cli%2Fsrc%2Fcli.rs:%3Cmodule%3E%3A%3Aenum%20SchemaCommand%3A%3Avariant%20Apply%3A%3Afield%20allow_data_loss:clap_help:fc416f38971cffabe28d4fe41f3061ef23a00fb34f9a1beea9645589917bf1eb:manifest%20version:1:1	rust_string	crates/omnigraph-cli/src/cli.rs	<module>::enum SchemaCommand::variant Apply::field allow_data_loss :: clap_help :: fc416f38971cffabe28d4fe41f3061ef23a00fb34f9a1beea9645589917bf1eb #1	clap_help	manifest version	manifest version	physical_storage	reviewed_semantic_reclassification	presentation	omnigraph-cli focused help and human-output tests plus G2 guard	Reviewed corrected wording at a stable boundary that previously contained legacy graph vocabulary.
2	rust_string:crates%2Fomnigraph-cli%2Fsrc%2Fhelpers.rs:%3Cmodule%3E%3A%3Afn%20resolve_read_format:clap_help:822f2f38cf2eccf137731a148025d42bf566441caa1b6364ca3e63f4a414cb3b:table:1:1	rust_string	crates/omnigraph-cli/src/helpers.rs	<module>::fn resolve_read_format :: clap_help :: 822f2f38cf2eccf137731a148025d42bf566441caa1b6364ca3e63f4a414cb3b #1	clap_help	table	table	renderer	retain table-renderer terminology	none	omnigraph-cli focused help and human-output tests plus G2 guard	Table here names the CLI renderer or its configuration.
2	rust_string:crates%2Fomnigraph-cli%2Fsrc%2Foperator.rs:%3Cmodule%3E%3A%3Astruct%20OperatorDefaults%3A%3Afield%20table_max_column_width:clap_help:c5172cbc8133704cb12fd8d1ed229c2e6dcca8ce8619e9dfbe4fd02f62537902:Table:1:1	rust_string	crates/omnigraph-cli/src/operator.rs	<module>::struct OperatorDefaults::field table_max_column_width :: clap_help :: c5172cbc8133704cb12fd8d1ed229c2e6dcca8ce8619e9dfbe4fd02f62537902 #1	clap_help	Table	Table	renderer	retain table-renderer terminology	none	omnigraph-cli focused help and human-output tests plus G2 guard	Table here names the CLI renderer or its configuration.
2	rust_string:crates%2Fomnigraph-cli%2Fsrc%2Foperator.rs:%3Cmodule%3E%3A%3Astruct%20OperatorDefaults%3A%3Afield%20table_max_column_width:clap_help:c5172cbc8133704cb12fd8d1ed229c2e6dcca8ce8619e9dfbe4fd02f62537902:table:1:1	rust_string	crates/omnigraph-cli/src/operator.rs	<module>::struct OperatorDefaults::field table_max_column_width :: clap_help :: c5172cbc8133704cb12fd8d1ed229c2e6dcca8ce8619e9dfbe4fd02f62537902 #1	clap_help	table	table	renderer	retain table-renderer terminology	none	omnigraph-cli focused help and human-output tests plus G2 guard	Table here names the CLI renderer or its configuration.
2	rust_string:crates%2Fomnigraph-cli%2Fsrc%2Foutput.rs:%3Cmodule%3E%3A%3Afn%20resolve_table_render_options:clap_help:54dcc78051061381fef7abecf19207d49415e87e679384d9c8b7085f31fc0907:Table:1:1	rust_string	crates/omnigraph-cli/src/output.rs	<module>::fn resolve_table_render_options :: clap_help :: 54dcc78051061381fef7abecf19207d49415e87e679384d9c8b7085f31fc0907 #1	clap_help	Table	Table	renderer	retain table-renderer terminology	none	omnigraph-cli focused help and human-output tests plus G2 guard	Table here names the CLI renderer or its configuration.
2	rust_string:crates%2Fomnigraph-cli%2Fsrc%2Foutput.rs:%3Cmodule%3E%3A%3Afn%20resolve_table_render_options:clap_help:54dcc78051061381fef7abecf19207d49415e87e679384d9c8b7085f31fc0907:table:1:1	rust_string	crates/omnigraph-cli/src/output.rs	<module>::fn resolve_table_render_options :: clap_help :: 54dcc78051061381fef7abecf19207d49415e87e679384d9c8b7085f31fc0907 #1	clap_help	table	table	renderer	retain table-renderer terminology	none	omnigraph-cli focused help and human-output tests plus G2 guard	Table here names the CLI renderer or its configuration.
2	rust_string:crates%2Fomnigraph-cli%2Fsrc%2Fplanes.rs:%3Cmodule%3E%3A%3Aenum%20ScopeFlag:clap_help:6271330a5664a4d03bec3cb7fb74c16a4bc074ea17a0e5a4de0b23dde85caf84:row:1:1	rust_string	crates/omnigraph-cli/src/planes.rs	<module>::enum ScopeFlag :: clap_help :: 6271330a5664a4d03bec3cb7fb74c16a4bc074ea17a0e5a4de0b23dde85caf84 #1	clap_help	row	row	physical_storage	retain accurate physical/storage terminology	none	omnigraph-cli focused help and human-output tests plus G2 guard	Reviewed as accurate Lance, Arrow, manifest, recovery, or physical execution terminology.
2	rust_string:crates%2Fomnigraph-cli%2Fsrc%2Fread_format.rs:%3Cmodule%3E%3A%3Aenum%20TableCellLayout:clap_help:52c9fabe418e0a84efc654f6d70c3c6dd695a0609080a8e3c3936d242a573094:table:1:1	rust_string	crates/omnigraph-cli/src/read_format.rs	<module>::enum TableCellLayout :: clap_help :: 52c9fabe418e0a84efc654f6d70c3c6dd695a0609080a8e3c3936d242a573094 #1	clap_help	table	table	renderer	retain table-renderer terminology	none	omnigraph-cli focused help and human-output tests plus G2 guard	Table here names the CLI renderer or its configuration.
2	rust_string:crates%2Fomnigraph-cli%2Fsrc%2Fread_format.rs:%3Cmodule%3E%3A%3Aenum%20TableCellLayout:clap_help:52c9fabe418e0a84efc654f6d70c3c6dd695a0609080a8e3c3936d242a573094:table:1:2	rust_string	crates/omnigraph-cli/src/read_format.rs	<module>::enum TableCellLayout :: clap_help :: 52c9fabe418e0a84efc654f6d70c3c6dd695a0609080a8e3c3936d242a573094 #1	clap_help	table	table	renderer	retain table-renderer terminology	none	omnigraph-cli focused help and human-output tests plus G2 guard	Table here names the CLI renderer or its configuration.
2	rust_string:crates%2Fomnigraph-cli%2Fsrc%2Fread_format.rs:%3Cmodule%3E%3A%3Afn%20header_line:cli_human_output:a456b5e4b3f7b54f4f09330d6be58a71ff2dc84c0878132af1dec5c7364200e5:rows:1:1	rust_string	crates/omnigraph-cli/src/read_format.rs	<module>::fn header_line :: cli_human_output :: a456b5e4b3f7b54f4f09330d6be58a71ff2dc84c0878132af1dec5c7364200e5 #1	cli_human_output	rows	rows	result_projection	retain query/result projection terminology	none	omnigraph-cli focused help and human-output tests plus G2 guard	Rows or columns here are query/export/renderer result projections, not graph entities or properties.
2	rust_string:crates%2Fomnigraph-cli%2Fsrc%2Fread_format.rs:%3Cmodule%3E%3A%3Afn%20render_kv:cli_human_output:c5718ef26c36835c2829d15e0e87bdefaede08d13ad004ba7bc3d7c11163893a:rows:1:1	rust_string	crates/omnigraph-cli/src/read_format.rs	<module>::fn render_kv :: cli_human_output :: c5718ef26c36835c2829d15e0e87bdefaede08d13ad004ba7bc3d7c11163893a #1	cli_human_output	rows	rows	result_projection	retain query/result projection terminology	none	omnigraph-cli focused help and human-output tests plus G2 guard	Rows or columns here are query/export/renderer result projections, not graph entities or properties.
2	rust_string:crates%2Fomnigraph-cli%2Fsrc%2Fread_format.rs:%3Cmodule%3E%3A%3Afn%20render_kv:cli_human_output:f04f02c0cca041d33cb02128f826a9ffeaff218edae4eb0b0e1efbd9494464e9:row:1:1	rust_string	crates/omnigraph-cli/src/read_format.rs	<module>::fn render_kv :: cli_human_output :: f04f02c0cca041d33cb02128f826a9ffeaff218edae4eb0b0e1efbd9494464e9 #1	cli_human_output	row	row	result_projection	retain query/result projection terminology	none	omnigraph-cli focused help and human-output tests plus G2 guard	Rows or columns here are query/export/renderer result projections, not graph entities or properties.
2	rust_string:crates%2Fomnigraph-cli%2Fsrc%2Fread_format.rs:%3Cmodule%3E%3A%3Afn%20render_table:cli_human_output:c5718ef26c36835c2829d15e0e87bdefaede08d13ad004ba7bc3d7c11163893a:rows:1:1	rust_string	crates/omnigraph-cli/src/read_format.rs	<module>::fn render_table :: cli_human_output :: c5718ef26c36835c2829d15e0e87bdefaede08d13ad004ba7bc3d7c11163893a #1	cli_human_output	rows	rows	result_projection	retain query/result projection terminology	none	omnigraph-cli focused help and human-output tests plus G2 guard	Rows or columns here are query/export/renderer result projections, not graph entities or properties.
2	rust_string:crates%2Fomnigraph-cluster%2Fsrc%2Flib.rs:%3Cmodule%3E%3A%3Afn%20apply_config_dir_with_options:diagnostic_constructor:7d8f89aa5647f1515c11d31f18d2699af7b346a1e2e40bf52ebefc5c44cbfcc1:sidecar:1:1	rust_string	crates/omnigraph-cluster/src/lib.rs	<module>::fn apply_config_dir_with_options :: diagnostic_constructor :: 7d8f89aa5647f1515c11d31f18d2699af7b346a1e2e40bf52ebefc5c44cbfcc1 #1	diagnostic_constructor	sidecar	sidecar	physical_storage	retain accurate physical/storage terminology	none	omnigraph-cluster owning tests plus G2 guard	Reviewed as accurate Lance, Arrow, manifest, recovery, or physical execution terminology.
2	rust_string:crates%2Fomnigraph-cluster%2Fsrc%2Flib.rs:%3Cmodule%3E%3A%3Afn%20apply_config_dir_with_options:diagnostic_constructor:c55badd56f48c9006f93e0b1da3eb276b6db240625e8fe5139582155dd6394e9:sidecar:1:1	rust_string	crates/omnigraph-cluster/src/lib.rs	<module>::fn apply_config_dir_with_options :: diagnostic_constructor :: c55badd56f48c9006f93e0b1da3eb276b6db240625e8fe5139582155dd6394e9 #1	diagnostic_constructor	sidecar	sidecar	physical_storage	retain accurate physical/storage terminology	none	omnigraph-cluster owning tests plus G2 guard	Reviewed as accurate Lance, Arrow, manifest, recovery, or physical execution terminology.
2	rust_string:crates%2Fomnigraph-cluster%2Fsrc%2Flib.rs:%3Cmodule%3E%3A%3Astruct%20ApplyOptions:rustdoc:eb3525a211af18d4cb8b100c43bedd21b2a50646d70c99b91890ca614ac26637:sidecars:1:1	rust_string	crates/omnigraph-cluster/src/lib.rs	<module>::struct ApplyOptions :: rustdoc :: eb3525a211af18d4cb8b100c43bedd21b2a50646d70c99b91890ca614ac26637 #1	rustdoc	sidecars	sidecars	physical_storage	retain accurate physical/storage terminology	none	omnigraph-cluster owning tests plus G2 guard	Reviewed as accurate Lance, Arrow, manifest, recovery, or physical execution terminology.
2	rust_string:crates%2Fomnigraph-cluster%2Fsrc%2Fserve.rs:%3Cmodule%3E%3A%3Afn%20read_serving_snapshot:rustdoc:132e9ed438d854c5ecc4ed0e499829bac532475d01cd573d8c7be1de1e312a1f:sidecars:1:1	rust_string	crates/omnigraph-cluster/src/serve.rs	<module>::fn read_serving_snapshot :: rustdoc :: 132e9ed438d854c5ecc4ed0e499829bac532475d01cd573d8c7be1de1e312a1f #1	rustdoc	sidecars	sidecars	physical_storage	retain accurate physical/storage terminology	none	omnigraph-cluster owning tests plus G2 guard	Reviewed as accurate Lance, Arrow, manifest, recovery, or physical execution terminology.
2	rust_string:crates%2Fomnigraph-cluster%2Fsrc%2Fserve.rs:%3Cmodule%3E%3A%3Afn%20read_snapshot_with_store:diagnostic_constructor:c723c52310fc4930de091130f9b3b000148fbd0ddb80d377aebde2bf2dd517b9:sidecar:1:1	rust_string	crates/omnigraph-cluster/src/serve.rs	<module>::fn read_snapshot_with_store :: diagnostic_constructor :: c723c52310fc4930de091130f9b3b000148fbd0ddb80d377aebde2bf2dd517b9 #1	diagnostic_constructor	sidecar	sidecar	physical_storage	retain accurate physical/storage terminology	none	omnigraph-cluster owning tests plus G2 guard	Reviewed as accurate Lance, Arrow, manifest, recovery, or physical execution terminology.
2	rust_string:crates%2Fomnigraph-cluster%2Fsrc%2Fstore.rs:%3Cmodule%3E%3A%3Aimpl%20ClusterStore%3A%3Afn%20list_recovery_sidecar_locations:diagnostic_constructor:2897c5df9a5196785fa953217e36ab179143f7f1bdead1633b22752d20432ec8:sidecar:1:1	rust_string	crates/omnigraph-cluster/src/store.rs	<module>::impl ClusterStore::fn list_recovery_sidecar_locations :: diagnostic_constructor :: 2897c5df9a5196785fa953217e36ab179143f7f1bdead1633b22752d20432ec8 #1	diagnostic_constructor	sidecar	sidecar	physical_storage	retain accurate physical/storage terminology	none	omnigraph-cluster owning tests plus G2 guard	Reviewed as accurate Lance, Arrow, manifest, recovery, or physical execution terminology.
2	rust_string:crates%2Fomnigraph-cluster%2Fsrc%2Fstore.rs:%3Cmodule%3E%3A%3Aimpl%20ClusterStore%3A%3Afn%20write_recovery_sidecar:diagnostic_constructor:267dc391b3d78082a17203245f3b86f3f4f60807b10f26fb3ed65c8112ec4b2b:sidecar:1:1	rust_string	crates/omnigraph-cluster/src/store.rs	<module>::impl ClusterStore::fn write_recovery_sidecar :: diagnostic_constructor :: 267dc391b3d78082a17203245f3b86f3f4f60807b10f26fb3ed65c8112ec4b2b #1	diagnostic_constructor	sidecar	sidecar	physical_storage	retain accurate physical/storage terminology	none	omnigraph-cluster owning tests plus G2 guard	Reviewed as accurate Lance, Arrow, manifest, recovery, or physical execution terminology.
2	rust_string:crates%2Fomnigraph-cluster%2Fsrc%2Fstore.rs:%3Cmodule%3E%3A%3Aimpl%20ClusterStore%3A%3Afn%20write_recovery_sidecar:diagnostic_constructor:283bfc2dad4b42f74aff7e0002109e388e52e922afc2cbb65600349b406da5df:sidecar:1:1	rust_string	crates/omnigraph-cluster/src/store.rs	<module>::impl ClusterStore::fn write_recovery_sidecar :: diagnostic_constructor :: 283bfc2dad4b42f74aff7e0002109e388e52e922afc2cbb65600349b406da5df #1	diagnostic_constructor	sidecar	sidecar	physical_storage	retain accurate physical/storage terminology	none	omnigraph-cluster owning tests plus G2 guard	Reviewed as accurate Lance, Arrow, manifest, recovery, or physical execution terminology.
2	rust_string:crates%2Fomnigraph-cluster%2Fsrc%2Fstore.rs:%3Cmodule%3E%3A%3Aimpl%20ClusterStore%3A%3Afn%20write_recovery_sidecar:diagnostic_constructor:283bfc2dad4b42f74aff7e0002109e388e52e922afc2cbb65600349b406da5df:sidecar:2:1	rust_string	crates/omnigraph-cluster/src/store.rs	<module>::impl ClusterStore::fn write_recovery_sidecar :: diagnostic_constructor :: 283bfc2dad4b42f74aff7e0002109e388e52e922afc2cbb65600349b406da5df #2	diagnostic_constructor	sidecar	sidecar	physical_storage	retain accurate physical/storage terminology	none	omnigraph-cluster owning tests plus G2 guard	Reviewed as accurate Lance, Arrow, manifest, recovery, or physical execution terminology.
2	rust_string:crates%2Fomnigraph-cluster%2Fsrc%2Fstore.rs:%3Cmodule%3E%3A%3Aimpl%20ClusterStore%3A%3Afn%20write_recovery_sidecar:diagnostic_constructor:c99218739656d88a747bc025955b6011f3001df8392f8e70e1659f478df3312c:sidecar:1:1	rust_string	crates/omnigraph-cluster/src/store.rs	<module>::impl ClusterStore::fn write_recovery_sidecar :: diagnostic_constructor :: c99218739656d88a747bc025955b6011f3001df8392f8e70e1659f478df3312c #1	diagnostic_constructor	sidecar	sidecar	physical_storage	retain accurate physical/storage terminology	none	omnigraph-cluster owning tests plus G2 guard	Reviewed as accurate Lance, Arrow, manifest, recovery, or physical execution terminology.
2	rust_string:crates%2Fomnigraph-cluster%2Fsrc%2Fstore.rs:%3Cmodule%3E:rustdoc:d8677108ca0012e55ba7b326f0fb9d83e32a84a1255ec01efce35b5d65dec10d:sidecars:1:1	rust_string	crates/omnigraph-cluster/src/store.rs	<module> :: rustdoc :: d8677108ca0012e55ba7b326f0fb9d83e32a84a1255ec01efce35b5d65dec10d #1	rustdoc	sidecars	sidecars	physical_storage	retain accurate physical/storage terminology	none	omnigraph-cluster owning tests plus G2 guard	Reviewed as accurate Lance, Arrow, manifest, recovery, or physical execution terminology.
2	rust_string:crates%2Fomnigraph-cluster%2Fsrc%2Fsweep.rs:%3Cmodule%3E%3A%3Afn%20warn_pending_recovery_sidecars:diagnostic_constructor:37f74ac9edbcf0e75c8f7d0c6e7026fd7b519cb9628c6c68796e0e44588c3ceb:sidecar:1:1	rust_string	crates/omnigraph-cluster/src/sweep.rs	<module>::fn warn_pending_recovery_sidecars :: diagnostic_constructor :: 37f74ac9edbcf0e75c8f7d0c6e7026fd7b519cb9628c6c68796e0e44588c3ceb #1	diagnostic_constructor	sidecar	sidecar	physical_storage	retain accurate physical/storage terminology	none	omnigraph-cluster owning tests plus G2 guard	Reviewed as accurate Lance, Arrow, manifest, recovery, or physical execution terminology.
2	rust_string:crates%2Fomnigraph-cluster%2Fsrc%2Fsweep.rs:%3Cmodule%3E:rustdoc:45277f4b4e4c47db3a02aae43fd044787f6362f21df17a92f609f6e2689ed039:sidecar:1:1	rust_string	crates/omnigraph-cluster/src/sweep.rs	<module> :: rustdoc :: 45277f4b4e4c47db3a02aae43fd044787f6362f21df17a92f609f6e2689ed039 #1	rustdoc	sidecar	sidecar	physical_storage	retain accurate physical/storage terminology	none	omnigraph-cluster owning tests plus G2 guard	Reviewed as accurate Lance, Arrow, manifest, recovery, or physical execution terminology.
2	rust_string:crates%2Fomnigraph-cluster%2Fsrc%2Ftypes.rs:%3Cmodule%3E:rustdoc:3d370867f65aa5afd3f781e88776d7fb0ed90328b5e0a60fcb3178ab9e2761ac:sidecar:1:1	rust_string	crates/omnigraph-cluster/src/types.rs	<module> :: rustdoc :: 3d370867f65aa5afd3f781e88776d7fb0ed90328b5e0a60fcb3178ab9e2761ac #1	rustdoc	sidecar	sidecar	physical_storage	retain accurate physical/storage terminology	none	omnigraph-cluster owning tests plus G2 guard	Reviewed as accurate Lance, Arrow, manifest, recovery, or physical execution terminology.
2	rust_string:crates%2Fomnigraph-compiler%2Fsrc%2Fcatalog%2Fschema_plan.rs:%3Cmodule%3E%3A%3Aenum%20DropMode:rustdoc:0ac63a165c751c356a94da154777d7573545e967c8290d3b49ad8a053420a7df:column:1:1	rust_string	crates/omnigraph-compiler/src/catalog/schema_plan.rs	<module>::enum DropMode :: rustdoc :: 0ac63a165c751c356a94da154777d7573545e967c8290d3b49ad8a053420a7df #1	rustdoc	column	column	physical_storage	retain accurate physical/storage terminology	none	omnigraph-compiler owning diagnostics tests plus G2 guard	Reviewed as accurate Lance, Arrow, manifest, recovery, or physical execution terminology.
2	rust_string:crates%2Fomnigraph-compiler%2Fsrc%2Fcatalog%2Fschema_plan.rs:%3Cmodule%3E%3A%3Aenum%20DropMode:rustdoc:c38f765c916b5c60967f6fc4503dcbaa5be2bd7d06c485ddb3226e9c6755e6d5:column:1:1	rust_string	crates/omnigraph-compiler/src/catalog/schema_plan.rs	<module>::enum DropMode :: rustdoc :: c38f765c916b5c60967f6fc4503dcbaa5be2bd7d06c485ddb3226e9c6755e6d5 #1	rustdoc	column	column	physical_storage	retain accurate physical/storage terminology	none	omnigraph-compiler owning diagnostics tests plus G2 guard	Reviewed as accurate Lance, Arrow, manifest, recovery, or physical execution terminology.
2	rust_string:crates%2Fomnigraph-compiler%2Fsrc%2Fcatalog%2Fschema_plan.rs:%3Cmodule%3E%3A%3Aenum%20SchemaMigrationStep%3A%3Avariant%20DropProperty:rustdoc:1ed56da530d4121120d8f730eec91272d62b7c321033227c3389f09fd3f12217:column:1:1	rust_string	crates/omnigraph-compiler/src/catalog/schema_plan.rs	<module>::enum SchemaMigrationStep::variant DropProperty :: rustdoc :: 1ed56da530d4121120d8f730eec91272d62b7c321033227c3389f09fd3f12217 #1	rustdoc	column	column	physical_storage	retain accurate physical/storage terminology	none	omnigraph-compiler owning diagnostics tests plus G2 guard	Reviewed as accurate Lance, Arrow, manifest, recovery, or physical execution terminology.
2	rust_string:crates%2Fomnigraph-compiler%2Fsrc%2Fcatalog%2Fschema_plan.rs:%3Cmodule%3E%3A%3Aenum%20SchemaMigrationStep%3A%3Avariant%20DropProperty:rustdoc:958a4d446d8d19983f94c062d6a55cedefc0c76efabe2efb8e9e8528112adb1f:column:1:1	rust_string	crates/omnigraph-compiler/src/catalog/schema_plan.rs	<module>::enum SchemaMigrationStep::variant DropProperty :: rustdoc :: 958a4d446d8d19983f94c062d6a55cedefc0c76efabe2efb8e9e8528112adb1f #1	rustdoc	column	column	physical_storage	retain accurate physical/storage terminology	none	omnigraph-compiler owning diagnostics tests plus G2 guard	Reviewed as accurate Lance, Arrow, manifest, recovery, or physical execution terminology.
2	rust_string:crates%2Fomnigraph-compiler%2Fsrc%2Fcatalog%2Fschema_plan.rs:%3Cmodule%3E%3A%3Aenum%20SchemaMigrationStep%3A%3Avariant%20ExtendEnum:rustdoc:af322b2ccf92a9cec761ce86d298d1360af3894052102873ffa53037d7ff7cbf:row:1:1	rust_string	crates/omnigraph-compiler/src/catalog/schema_plan.rs	<module>::enum SchemaMigrationStep::variant ExtendEnum :: rustdoc :: af322b2ccf92a9cec761ce86d298d1360af3894052102873ffa53037d7ff7cbf #1	rustdoc	row	row	physical_storage	retain accurate physical/storage terminology	none	omnigraph-compiler owning diagnostics tests plus G2 guard	Reviewed as accurate Lance, Arrow, manifest, recovery, or physical execution terminology.
2	rust_string:crates%2Fomnigraph-compiler%2Fsrc%2Fcatalog%2Fschema_plan.rs:%3Cmodule%3E%3A%3Aenum%20SchemaMigrationStep%3A%3Avariant%20ExtendEnum:rustdoc:af322b2ccf92a9cec761ce86d298d1360af3894052102873ffa53037d7ff7cbf:table:1:1	rust_string	crates/omnigraph-compiler/src/catalog/schema_plan.rs	<module>::enum SchemaMigrationStep::variant ExtendEnum :: rustdoc :: af322b2ccf92a9cec761ce86d298d1360af3894052102873ffa53037d7ff7cbf #1	rustdoc	table	table	physical_storage	retain accurate physical/storage terminology	none	omnigraph-compiler owning diagnostics tests plus G2 guard	Reviewed as accurate Lance, Arrow, manifest, recovery, or physical execution terminology.
2	rust_string:crates%2Fomnigraph-compiler%2Fsrc%2Fir%2Fmod.rs:%3Cmodule%3E%3A%3Aenum%20IROp%3A%3Avariant%20AntiJoin%3A%3Afield%20inner:rustdoc:e26da97f3f555ccf159b805d2058d74b11255708357f8f666227bc8698afcfc2:rows:1:1	rust_string	crates/omnigraph-compiler/src/ir/mod.rs	<module>::enum IROp::variant AntiJoin::field inner :: rustdoc :: e26da97f3f555ccf159b805d2058d74b11255708357f8f666227bc8698afcfc2 #1	rustdoc	rows	rows	result_projection	retain query/result projection terminology	none	omnigraph-compiler owning diagnostics tests plus G2 guard	Rows or columns here are query/export/renderer result projections, not graph entities or properties.
2	rust_string:crates%2Fomnigraph-compiler%2Fsrc%2Fir%2Fmod.rs:%3Cmodule%3E%3A%3Aenum%20IROp%3A%3Avariant%20Expand%3A%3Afield%20edge_binding:rustdoc:1bb628b1b8f93684355fefdb748e5c7d1bf464d16d233fdc438c2f4467b59cd3:ROW:1:1	rust_string	crates/omnigraph-compiler/src/ir/mod.rs	<module>::enum IROp::variant Expand::field edge_binding :: rustdoc :: 1bb628b1b8f93684355fefdb748e5c7d1bf464d16d233fdc438c2f4467b59cd3 #1	rustdoc	ROW	ROW	result_projection	retain query/result projection terminology	none	omnigraph-compiler owning diagnostics tests plus G2 guard	Rows or columns here are query/export/renderer result projections, not graph entities or properties.
2	rust_string:crates%2Fomnigraph-compiler%2Fsrc%2Fir%2Fmod.rs:%3Cmodule%3E%3A%3Aenum%20IROp%3A%3Avariant%20Expand%3A%3Afield%20edge_binding:rustdoc:1bb628b1b8f93684355fefdb748e5c7d1bf464d16d233fdc438c2f4467b59cd3:row:1:1	rust_string	crates/omnigraph-compiler/src/ir/mod.rs	<module>::enum IROp::variant Expand::field edge_binding :: rustdoc :: 1bb628b1b8f93684355fefdb748e5c7d1bf464d16d233fdc438c2f4467b59cd3 #1	rustdoc	row	row	result_projection	retain query/result projection terminology	none	omnigraph-compiler owning diagnostics tests plus G2 guard	Rows or columns here are query/export/renderer result projections, not graph entities or properties.
2	rust_string:crates%2Fomnigraph-compiler%2Fsrc%2Fir%2Fmod.rs:%3Cmodule%3E%3A%3Aenum%20IROp%3A%3Avariant%20Expand%3A%3Afield%20edge_binding:rustdoc:245e7b7717e18835944691a4a0fa8494ff4a66fa73648565cda80677f6300969:columns:1:1	rust_string	crates/omnigraph-compiler/src/ir/mod.rs	<module>::enum IROp::variant Expand::field edge_binding :: rustdoc :: 245e7b7717e18835944691a4a0fa8494ff4a66fa73648565cda80677f6300969 #1	rustdoc	columns	columns	result_projection	retain query/result projection terminology	none	omnigraph-compiler owning diagnostics tests plus G2 guard	Rows or columns here are query/export/renderer result projections, not graph entities or properties.
2	rust_string:crates%2Fomnigraph-compiler%2Fsrc%2Fir%2Fmod.rs:%3Cmodule%3E%3A%3Aenum%20IROp%3A%3Avariant%20Expand%3A%3Afield%20edge_binding:rustdoc:37db11fe197d9efa18d17112a5128594c2f851b96afcf6575efa62480f7b79bc:row:1:1	rust_string	crates/omnigraph-compiler/src/ir/mod.rs	<module>::enum IROp::variant Expand::field edge_binding :: rustdoc :: 37db11fe197d9efa18d17112a5128594c2f851b96afcf6575efa62480f7b79bc #1	rustdoc	row	row	result_projection	retain query/result projection terminology	none	omnigraph-compiler owning diagnostics tests plus G2 guard	Rows or columns here are query/export/renderer result projections, not graph entities or properties.
2	rust_string:crates%2Fomnigraph-compiler%2Fsrc%2Fjson_output.rs:%3Cmodule%3E%3A%3Afn%20record_batches_to_json_rows:rustdoc:2184f1d6460d874b945c3416d438c1f49d2054742cfb0a42ae249a85e34446a9:row:1:1	rust_string	crates/omnigraph-compiler/src/json_output.rs	<module>::fn record_batches_to_json_rows :: rustdoc :: 2184f1d6460d874b945c3416d438c1f49d2054742cfb0a42ae249a85e34446a9 #1	rustdoc	row	row	result_projection	retain query/result projection terminology	none	omnigraph-compiler owning diagnostics tests plus G2 guard	Rows or columns here are query/export/renderer result projections, not graph entities or properties.
2	rust_string:crates%2Fomnigraph-compiler%2Fsrc%2Fjson_output.rs:%3Cmodule%3E%3A%3Afn%20record_batches_to_rust_json_rows:rustdoc:4e8f29f8b71675e9baeaebe5f887df4e85a4ad3144f6fd51d3cd58b0691ebe65:rows:1:1	rust_string	crates/omnigraph-compiler/src/json_output.rs	<module>::fn record_batches_to_rust_json_rows :: rustdoc :: 4e8f29f8b71675e9baeaebe5f887df4e85a4ad3144f6fd51d3cd58b0691ebe65 #1	rustdoc	rows	rows	result_projection	retain query/result projection terminology	none	omnigraph-compiler owning diagnostics tests plus G2 guard	Rows or columns here are query/export/renderer result projections, not graph entities or properties.
2	rust_string:crates%2Fomnigraph-compiler%2Fsrc%2Fquery%2Ftypecheck.rs:%3Cmodule%3E%3A%3Aenum%20BoundVariable:rustdoc:aca04c2df97d08113e97511abe3a21128fa812e02d17c0b574a3110b5507845b:table:1:1	rust_string	crates/omnigraph-compiler/src/query/typecheck.rs	<module>::enum BoundVariable :: rustdoc :: aca04c2df97d08113e97511abe3a21128fa812e02d17c0b574a3110b5507845b #1	rustdoc	table	table	physical_storage	retain accurate physical/storage terminology	none	omnigraph-compiler owning diagnostics tests plus G2 guard	Reviewed as accurate Lance, Arrow, manifest, recovery, or physical execution terminology.
2	rust_string:crates%2Fomnigraph-compiler%2Fsrc%2Fschema%2Fparser.rs:%3Cmodule%3E%3A%3Afn%20parse_prop_decl:error_constructor:651dd8314e468e3768dbc172ba3fc316bde2a9ab7f70a3da5ba1acfca2ae4ab4:column:1:1	rust_string	crates/omnigraph-compiler/src/schema/parser.rs	<module>::fn parse_prop_decl :: error_constructor :: 651dd8314e468e3768dbc172ba3fc316bde2a9ab7f70a3da5ba1acfca2ae4ab4 #1	error_constructor	column	column	physical_storage	retain accurate physical/storage terminology	none	omnigraph-compiler owning diagnostics tests plus G2 guard	Reviewed as accurate Lance, Arrow, manifest, recovery, or physical execution terminology.
2	rust_string:crates%2Fomnigraph-server%2Fsrc%2Fhandlers.rs:%3Cmodule%3E%3A%3Afn%20change_route_error:openapi_description:0cea5e94db9eb6c71c825db1e7dcaa8ba4f8536b7470eab31bd5fc71742ffa89:sidecar:1:1	rust_string	crates/omnigraph-server/src/handlers.rs	<module>::fn change_route_error :: openapi_description :: 0cea5e94db9eb6c71c825db1e7dcaa8ba4f8536b7470eab31bd5fc71742ffa89 #1	openapi_description	sidecar	retain	physical_storage	retain accurate physical/storage terminology	none	omnigraph-server OpenAPI/API tests plus G2 guard	Reviewed as accurate Lance, Arrow, manifest, recovery, or physical execution terminology.
2	rust_string:crates%2Fomnigraph-server%2Fsrc%2Fhandlers.rs:%3Cmodule%3E%3A%3Afn%20run_query:openapi_description:d7a0cb909a3d0338261c64a138562accd2194832220a3fe0b4d27ef6212f4386:rows:1:1	rust_string	crates/omnigraph-server/src/handlers.rs	<module>::fn run_query :: openapi_description :: d7a0cb909a3d0338261c64a138562accd2194832220a3fe0b4d27ef6212f4386 #1	openapi_description	rows	rows	quoted_compatibility	retain quoted compatibility field/value	compatibility	omnigraph-server OpenAPI/API tests plus G2 guard	The match names a retained machine field, value, selector, or compatibility spelling.
2	rust_string:crates%2Fomnigraph-server%2Fsrc%2Fhandlers.rs:%3Cmodule%3E%3A%3Afn%20server_commit_list:openapi_description:f539149fc94cd941a40ef0f7c19124778ba4f5cdbd2cd758c894dbbcb503bfc7:manifest%20version:1:1	rust_string	crates/omnigraph-server/src/handlers.rs	<module>::fn server_commit_list :: openapi_description :: f539149fc94cd941a40ef0f7c19124778ba4f5cdbd2cd758c894dbbcb503bfc7 #1	openapi_description	manifest version	manifest version	physical_storage	reviewed_semantic_reclassification	presentation	omnigraph-server OpenAPI/API tests plus G2 guard	Reviewed corrected wording at a stable boundary that previously contained legacy graph vocabulary.
2	rust_string:crates%2Fomnigraph-server%2Fsrc%2Fhandlers.rs:%3Cmodule%3E%3A%3Afn%20server_commit_show:openapi_description:695354007fcef4be28fb300a6c3fc4e16fe5277ac71ccdc687e570a84977f1c4:manifest%20version:1:1	rust_string	crates/omnigraph-server/src/handlers.rs	<module>::fn server_commit_show :: openapi_description :: 695354007fcef4be28fb300a6c3fc4e16fe5277ac71ccdc687e570a84977f1c4 #1	openapi_description	manifest version	manifest version	physical_storage	reviewed_semantic_reclassification	presentation	omnigraph-server OpenAPI/API tests plus G2 guard	Reviewed corrected wording at a stable boundary that previously contained legacy graph vocabulary.
2	rust_string:crates%2Fomnigraph-server%2Fsrc%2Fhandlers.rs:%3Cmodule%3E%3A%3Afn%20server_snapshot:openapi_description:1f2443e6b11054bdc2e6f97f4d31c32c6e7ac57723062ffe67c568ee8a78624e:manifest%20version:1:1	rust_string	crates/omnigraph-server/src/handlers.rs	<module>::fn server_snapshot :: openapi_description :: 1f2443e6b11054bdc2e6f97f4d31c32c6e7ac57723062ffe67c568ee8a78624e #1	openapi_description	manifest version	manifest version	physical_storage	reviewed_semantic_reclassification	presentation	omnigraph-server OpenAPI/API tests plus G2 guard	Reviewed corrected wording at a stable boundary that previously contained legacy graph vocabulary.
2	rust_string:crates%2Fomnigraph-server%2Fsrc%2Fidentity.rs:%3Cmodule%3E%3A%3Aenum%20AuthSource%3A%3Avariant%20Static:openapi_description:5e10ad7b185adb87fc8bdada7e421f60a5321f115c40b40ce64569eaf58f3de0:table:1:1	rust_string	crates/omnigraph-server/src/identity.rs	<module>::enum AuthSource::variant Static :: openapi_description :: 5e10ad7b185adb87fc8bdada7e421f60a5321f115c40b40ce64569eaf58f3de0 #1	openapi_description	table	table	physical_storage	retain accurate physical/storage terminology	none	omnigraph-server OpenAPI/API tests plus G2 guard	Reviewed as accurate Lance, Arrow, manifest, recovery, or physical execution terminology.
2	rust_string:crates%2Fomnigraph-server%2Fsrc%2Fworkload.rs:%3Cmodule%3E:rustdoc:3d45aef281cf0644bca7892f45cfdd10d53b4aea3a9afd867eb56e833163c7f2:table:1:1	rust_string	crates/omnigraph-server/src/workload.rs	<module> :: rustdoc :: 3d45aef281cf0644bca7892f45cfdd10d53b4aea3a9afd867eb56e833163c7f2 #1	rustdoc	table	table	physical_storage	retain accurate physical/storage terminology	none	omnigraph-server OpenAPI/API tests plus G2 guard	Reviewed as accurate Lance, Arrow, manifest, recovery, or physical execution terminology.
2	user_docs:docs%2Fuser%2Fbranching%2Fchanges.md:Change%20Detection%20%2F%20Diff%20%2F%20Commit%20changes%3A%20exact%20per-commit%20entity%20diffs:list_item:413ba221a24e11dd11c1e36b127f60101227c5fcbf89ef163bed80a96cd9286b:row:1:1	user_docs	docs/user/branching/changes.md	Change Detection / Diff / Commit changes: exact per-commit entity diffs :: list_item :: 413ba221a24e11dd11c1e36b127f60101227c5fcbf89ef163bed80a96cd9286b #1	list_item	row	retain	physical_storage	retain accurate physical or recovery terminology	none	omnigraph-vocabulary-guard::user_docs_inventory_matches	Here 'row' describes Lance/Arrow/manifest/recovery state or a persisted historical name, not a graph type, entity, or property.
2	user_docs:docs%2Fuser%2Fbranching%2Fchanges.md:Change%20Detection%20%2F%20Diff:inline_code:564f8b2db7d164949f778ed1d26a0f6ddd7eb6cc57e4f78192d4e7f25d370205:row:1:1	user_docs	docs/user/branching/changes.md	Change Detection / Diff :: inline_code :: 564f8b2db7d164949f778ed1d26a0f6ddd7eb6cc57e4f78192d4e7f25d370205 #1	inline_code	row	retain	physical_storage	retain accurate physical or recovery terminology	none	omnigraph-vocabulary-guard::user_docs_inventory_matches	Here 'row' describes Lance/Arrow/manifest/recovery state or a persisted historical name, not a graph type, entity, or property.
2	user_docs:docs%2Fuser%2Fbranching%2Fchanges.md:Change%20Detection%20%2F%20Diff:inline_code:ba5f92db15ace16d9034ad4ad805baa485d158e0655663c5221d8bbcb2fef494:table:1:1	user_docs	docs/user/branching/changes.md	Change Detection / Diff :: inline_code :: ba5f92db15ace16d9034ad4ad805baa485d158e0655663c5221d8bbcb2fef494 #1	inline_code	table	retain	physical_storage	retain accurate physical or recovery terminology	none	omnigraph-vocabulary-guard::user_docs_inventory_matches	Here 'table' describes Lance/Arrow/manifest/recovery state or a persisted historical name, not a graph type, entity, or property.
2	user_docs:docs%2Fuser%2Fbranching%2Fchanges.md:Change%20Detection%20%2F%20Diff:inline_code:ba5f92db15ace16d9034ad4ad805baa485d158e0655663c5221d8bbcb2fef494:table:1:2	user_docs	docs/user/branching/changes.md	Change Detection / Diff :: inline_code :: ba5f92db15ace16d9034ad4ad805baa485d158e0655663c5221d8bbcb2fef494 #1	inline_code	table	retain	physical_storage	retain accurate physical or recovery terminology	none	omnigraph-vocabulary-guard::user_docs_inventory_matches	Here 'table' describes Lance/Arrow/manifest/recovery state or a persisted historical name, not a graph type, entity, or property.
2	user_docs:docs%2Fuser%2Fbranching%2Fchanges.md:Change%20Detection%20%2F%20Diff:list_item:47b4d079efd5ca40f88c1ec4298f534ae18cf580e035d272b58c12f0c8d674a1:column:1:1	user_docs	docs/user/branching/changes.md	Change Detection / Diff :: list_item :: 47b4d079efd5ca40f88c1ec4298f534ae18cf580e035d272b58c12f0c8d674a1 #1	list_item	column	retain	physical_storage	retain accurate physical or recovery terminology	none	omnigraph-vocabulary-guard::user_docs_inventory_matches	Here 'column' describes Lance/Arrow/manifest/recovery state or a persisted historical name, not a graph type, entity, or property.
2	user_docs:docs%2Fuser%2Fbranching%2Fchanges.md:Change%20Detection%20%2F%20Diff:list_item:47b4d079efd5ca40f88c1ec4298f534ae18cf580e035d272b58c12f0c8d674a1:row:1:1	user_docs	docs/user/branching/changes.md	Change Detection / Diff :: list_item :: 47b4d079efd5ca40f88c1ec4298f534ae18cf580e035d272b58c12f0c8d674a1 #1	list_item	row	retain	physical_storage	retain accurate physical or recovery terminology	none	omnigraph-vocabulary-guard::user_docs_inventory_matches	Here 'row' describes Lance/Arrow/manifest/recovery state or a persisted historical name, not a graph type, entity, or property.
2	user_docs:docs%2Fuser%2Fbranching%2Findex.md:Branches%2C%20Commits%2C%20Snapshots%20%2F%20L2%20%E2%80%94%20Commit%20graph:paragraph:15a75bc0d9bdf711bd700f58d7189d09792e863294a71d72d998acece25d60d8:manifest%20version:1:1	user_docs	docs/user/branching/index.md	Branches, Commits, Snapshots / L2 — Commit graph :: paragraph :: 15a75bc0d9bdf711bd700f58d7189d09792e863294a71d72d998acece25d60d8 #1	paragraph	manifest version	retain	physical_storage	reviewed_semantic_reclassification	presentation	omnigraph-vocabulary-guard::user_docs_inventory_matches	Here 'manifest version' describes Lance/Arrow/manifest/recovery state or a persisted historical name, not a graph type, entity, or property.
2	user_docs:docs%2Fuser%2Fbranching%2Findex.md:Branches%2C%20Commits%2C%20Snapshots%20%2F%20L2%20%E2%80%94%20Graph-level%20branches:paragraph:170e8b4b4b1f985f0a6018170262c9b6792e57f3da7b1d4480f9234535c5e9ae:sidecar:1:1	user_docs	docs/user/branching/index.md	Branches, Commits, Snapshots / L2 — Graph-level branches :: paragraph :: 170e8b4b4b1f985f0a6018170262c9b6792e57f3da7b1d4480f9234535c5e9ae #1	paragraph	sidecar	retain	physical_storage	retain accurate physical or recovery terminology	none	omnigraph-vocabulary-guard::user_docs_inventory_matches	Here 'sidecar' describes Lance/Arrow/manifest/recovery state or a persisted historical name, not a graph type, entity, or property.
2	user_docs:docs%2Fuser%2Fbranching%2Findex.md:Branches%2C%20Commits%2C%20Snapshots%20%2F%20L2%20%E2%80%94%20Graph-level%20branches:paragraph:170e8b4b4b1f985f0a6018170262c9b6792e57f3da7b1d4480f9234535c5e9ae:sidecar:1:2	user_docs	docs/user/branching/index.md	Branches, Commits, Snapshots / L2 — Graph-level branches :: paragraph :: 170e8b4b4b1f985f0a6018170262c9b6792e57f3da7b1d4480f9234535c5e9ae #1	paragraph	sidecar	retain	physical_storage	retain accurate physical or recovery terminology	none	omnigraph-vocabulary-guard::user_docs_inventory_matches	Here 'sidecar' describes Lance/Arrow/manifest/recovery state or a persisted historical name, not a graph type, entity, or property.
2	user_docs:docs%2Fuser%2Fbranching%2Findex.md:Branches%2C%20Commits%2C%20Snapshots%20%2F%20L2%20%E2%80%94%20Graph-level%20branches:paragraph:170e8b4b4b1f985f0a6018170262c9b6792e57f3da7b1d4480f9234535c5e9ae:sidecar:1:3	user_docs	docs/user/branching/index.md	Branches, Commits, Snapshots / L2 — Graph-level branches :: paragraph :: 170e8b4b4b1f985f0a6018170262c9b6792e57f3da7b1d4480f9234535c5e9ae #1	paragraph	sidecar	retain	physical_storage	retain accurate physical or recovery terminology	none	omnigraph-vocabulary-guard::user_docs_inventory_matches	Here 'sidecar' describes Lance/Arrow/manifest/recovery state or a persisted historical name, not a graph type, entity, or property.
2	user_docs:docs%2Fuser%2Fbranching%2Findex.md:Branches%2C%20Commits%2C%20Snapshots%20%2F%20L2%20%E2%80%94%20Graph-level%20branches:paragraph:170e8b4b4b1f985f0a6018170262c9b6792e57f3da7b1d4480f9234535c5e9ae:sidecar:1:4	user_docs	docs/user/branching/index.md	Branches, Commits, Snapshots / L2 — Graph-level branches :: paragraph :: 170e8b4b4b1f985f0a6018170262c9b6792e57f3da7b1d4480f9234535c5e9ae #1	paragraph	sidecar	retain	physical_storage	retain accurate physical or recovery terminology	none	omnigraph-vocabulary-guard::user_docs_inventory_matches	Here 'sidecar' describes Lance/Arrow/manifest/recovery state or a persisted historical name, not a graph type, entity, or property.
2	user_docs:docs%2Fuser%2Fbranching%2Findex.md:Branches%2C%20Commits%2C%20Snapshots%20%2F%20L2%20%E2%80%94%20Graph-level%20branches:paragraph:170e8b4b4b1f985f0a6018170262c9b6792e57f3da7b1d4480f9234535c5e9ae:sidecar:1:5	user_docs	docs/user/branching/index.md	Branches, Commits, Snapshots / L2 — Graph-level branches :: paragraph :: 170e8b4b4b1f985f0a6018170262c9b6792e57f3da7b1d4480f9234535c5e9ae #1	paragraph	sidecar	retain	physical_storage	retain accurate physical or recovery terminology	none	omnigraph-vocabulary-guard::user_docs_inventory_matches	Here 'sidecar' describes Lance/Arrow/manifest/recovery state or a persisted historical name, not a graph type, entity, or property.
2	user_docs:docs%2Fuser%2Fbranching%2Ftime-travel.md:Snapshots%20%26%20Time%20Travel%20%2F%20Reading%20the%20past:list_item:9cc15698abc08db97535cadbcfbeab8eaebb005563c8ff9f1e46da5bfa4b6610:manifest%20version:1:1	user_docs	docs/user/branching/time-travel.md	Snapshots & Time Travel / Reading the past :: list_item :: 9cc15698abc08db97535cadbcfbeab8eaebb005563c8ff9f1e46da5bfa4b6610 #1	list_item	manifest version	retain	physical_storage	reviewed_semantic_reclassification	presentation	omnigraph-vocabulary-guard::user_docs_inventory_matches	Here 'manifest version' describes Lance/Arrow/manifest/recovery state or a persisted historical name, not a graph type, entity, or property.
2	user_docs:docs%2Fuser%2Fbranching%2Ftime-travel.md:Snapshots%20%26%20Time%20Travel%20%2F%20Reading%20the%20past:paragraph:df2bd05945ed10bbbf94fac99fd84c9be70f6ff35dead8202d85e1b236863644:manifest%20version:1:1	user_docs	docs/user/branching/time-travel.md	Snapshots & Time Travel / Reading the past :: paragraph :: df2bd05945ed10bbbf94fac99fd84c9be70f6ff35dead8202d85e1b236863644 #1	paragraph	manifest version	retain	physical_storage	reviewed_semantic_reclassification	presentation	omnigraph-vocabulary-guard::user_docs_inventory_matches	Here 'manifest version' describes Lance/Arrow/manifest/recovery state or a persisted historical name, not a graph type, entity, or property.
2	user_docs:docs%2Fuser%2Fbranching%2Ftime-travel.md:Snapshots%20%26%20Time%20Travel:paragraph:eb7c421bb2e37e7beedfaaf3a0eb5e212d9e4d85e057df347177f71334f8636c:manifest%20version:1:1	user_docs	docs/user/branching/time-travel.md	Snapshots & Time Travel :: paragraph :: eb7c421bb2e37e7beedfaaf3a0eb5e212d9e4d85e057df347177f71334f8636c #1	paragraph	manifest version	retain	physical_storage	reviewed_semantic_reclassification	presentation	omnigraph-vocabulary-guard::user_docs_inventory_matches	Here 'manifest version' describes Lance/Arrow/manifest/recovery state or a persisted historical name, not a graph type, entity, or property.
2	user_docs:docs%2Fuser%2Fbranching%2Ftransactions.md:Transactions%20in%20OmniGraph%20%2F%20Failure%20modes:table_cell:f8cdc58fb38b4df2a9212fce72a53c617c0130f5720a7ebe8ffbd24d14a091e7:sidecar:1:1	user_docs	docs/user/branching/transactions.md	Transactions in OmniGraph / Failure modes :: table_cell :: f8cdc58fb38b4df2a9212fce72a53c617c0130f5720a7ebe8ffbd24d14a091e7 #1	table_cell	sidecar	retain	physical_storage	retain accurate physical or recovery terminology	none	omnigraph-vocabulary-guard::user_docs_inventory_matches	Here 'sidecar' describes Lance/Arrow/manifest/recovery state or a persisted historical name, not a graph type, entity, or property.
2	user_docs:docs%2Fuser%2Fbranching%2Ftransactions.md:Transactions%20in%20OmniGraph%20%2F%20The%20atomicity%20model:paragraph:cf76629b5a939b7f4dc76fd641f7badaa668b821130ba887aef2b24a9b04b840:manifest%20version:1:1	user_docs	docs/user/branching/transactions.md	Transactions in OmniGraph / The atomicity model :: paragraph :: cf76629b5a939b7f4dc76fd641f7badaa668b821130ba887aef2b24a9b04b840 #1	paragraph	manifest version	retain	physical_storage	reviewed_semantic_reclassification	presentation	omnigraph-vocabulary-guard::user_docs_inventory_matches	Here 'manifest version' describes Lance/Arrow/manifest/recovery state or a persisted historical name, not a graph type, entity, or property.
2	user_docs:docs%2Fuser%2Fcli%2Findex.md:CLI%20Guide%20%2F%20Reading%20Blob%20Cells:paragraph:2f4f8d2dc62a5237a35fb84bb41a9e765deda22652d6f06649aa932d186aeac4:row:1:1	user_docs	docs/user/cli/index.md	CLI Guide / Reading Blob Cells :: paragraph :: 2f4f8d2dc62a5237a35fb84bb41a9e765deda22652d6f06649aa932d186aeac4 #1	paragraph	row	retain	physical_storage	retain accurate physical or recovery terminology	none	omnigraph-vocabulary-guard::user_docs_inventory_matches	Here 'row' describes Lance/Arrow/manifest/recovery state or a persisted historical name, not a graph type, entity, or property.
2	user_docs:docs%2Fuser%2Fcli%2Freference.md:CLI%20Reference%20%28omnigraph%29%20%2F%20Blob%20read%20commands:paragraph:f8cd794bfc6686ce86222303a1fc618f4921ee489a8e4e63d0fd8b677ebd0bcc:row:1:1	user_docs	docs/user/cli/reference.md	CLI Reference (omnigraph) / Blob read commands :: paragraph :: f8cd794bfc6686ce86222303a1fc618f4921ee489a8e4e63d0fd8b677ebd0bcc #1	paragraph	row	retain	physical_storage	retain accurate physical or recovery terminology	none	omnigraph-vocabulary-guard::user_docs_inventory_matches	Here 'row' describes Lance/Arrow/manifest/recovery state or a persisted historical name, not a graph type, entity, or property.
2	user_docs:docs%2Fuser%2Fcli%2Freference.md:CLI%20Reference%20%28omnigraph%29%20%2F%20Config%20surfaces%20%2F%20~%2F.omnigraph%2Fconfig.yaml%20%28operator%29%20%2F%20Operator%20aliases%20%E2%80%94%20bindings%2C%20not%20content:fenced_code:b850f73606166a35a48407174e57694829364e6670cc7c09cbd3eba9deb2190d:table:1:1	user_docs	docs/user/cli/reference.md	CLI Reference (omnigraph) / Config surfaces / ~/.omnigraph/config.yaml (operator) / Operator aliases — bindings, not content :: fenced_code :: b850f73606166a35a48407174e57694829364e6670cc7c09cbd3eba9deb2190d #1	fenced_code	table	retain	renderer	retain renderer name and configuration vocabulary	none	omnigraph-vocabulary-guard::user_docs_inventory_matches	Here 'table' names the table renderer, an output format, or its renderer configuration rather than graph semantics.
2	user_docs:docs%2Fuser%2Fcli%2Freference.md:CLI%20Reference%20%28omnigraph%29%20%2F%20Config%20surfaces%20%2F%20~%2F.omnigraph%2Fconfig.yaml%20%28operator%29:fenced_code:ddbb3e260e4fa53403846cbd96b6f40717f5785dd69c4cb54dcc2f971ec3d3ec:table:1:1	user_docs	docs/user/cli/reference.md	CLI Reference (omnigraph) / Config surfaces / ~/.omnigraph/config.yaml (operator) :: fenced_code :: ddbb3e260e4fa53403846cbd96b6f40717f5785dd69c4cb54dcc2f971ec3d3ec #1	fenced_code	table	retain	renderer	retain renderer name and configuration vocabulary	none	omnigraph-vocabulary-guard::user_docs_inventory_matches	Here 'table' names the table renderer, an output format, or its renderer configuration rather than graph semantics.
2	user_docs:docs%2Fuser%2Fcli%2Freference.md:CLI%20Reference%20%28omnigraph%29%20%2F%20Output%20formats%20%28query%20command%2C%20alias%3A%20read%29:inline_code:0d4fc4a78d3706edccafb665a8b2fdd9309e82c78625bb0f2b8e7bb9e1c4d21c:table:1:1	user_docs	docs/user/cli/reference.md	CLI Reference (omnigraph) / Output formats (query command, alias: read) :: inline_code :: 0d4fc4a78d3706edccafb665a8b2fdd9309e82c78625bb0f2b8e7bb9e1c4d21c #1	inline_code	table	retain	renderer	retain renderer name and configuration vocabulary	none	omnigraph-vocabulary-guard::user_docs_inventory_matches	Here 'table' names the table renderer, an output format, or its renderer configuration rather than graph semantics.
2	user_docs:docs%2Fuser%2Fcli%2Freference.md:CLI%20Reference%20%28omnigraph%29%20%2F%20Output%20formats%20%28query%20command%2C%20alias%3A%20read%29:inline_code:13f729b188cb391ef1a2e0fe9d6b1293b29a338da62ec4f4b3a534c45a17660d:table:1:1	user_docs	docs/user/cli/reference.md	CLI Reference (omnigraph) / Output formats (query command, alias: read) :: inline_code :: 13f729b188cb391ef1a2e0fe9d6b1293b29a338da62ec4f4b3a534c45a17660d #1	inline_code	table	retain	renderer	retain renderer name and configuration vocabulary	none	omnigraph-vocabulary-guard::user_docs_inventory_matches	Here 'table' names the table renderer, an output format, or its renderer configuration rather than graph semantics.
2	user_docs:docs%2Fuser%2Fcli%2Freference.md:CLI%20Reference%20%28omnigraph%29%20%2F%20Output%20formats%20%28query%20command%2C%20alias%3A%20read%29:inline_code:5094f0ecf9919875f7d8a349ea606cc9751360b1533f2cadc5cf1ba00eecb8fc:column:1:1	user_docs	docs/user/cli/reference.md	CLI Reference (omnigraph) / Output formats (query command, alias: read) :: inline_code :: 5094f0ecf9919875f7d8a349ea606cc9751360b1533f2cadc5cf1ba00eecb8fc #1	inline_code	column	retain	renderer	retain renderer name and configuration vocabulary	none	omnigraph-vocabulary-guard::user_docs_inventory_matches	Here 'column' names the table renderer, an output format, or its renderer configuration rather than graph semantics.
2	user_docs:docs%2Fuser%2Fcli%2Freference.md:CLI%20Reference%20%28omnigraph%29%20%2F%20Output%20formats%20%28query%20command%2C%20alias%3A%20read%29:inline_code:5094f0ecf9919875f7d8a349ea606cc9751360b1533f2cadc5cf1ba00eecb8fc:table:1:1	user_docs	docs/user/cli/reference.md	CLI Reference (omnigraph) / Output formats (query command, alias: read) :: inline_code :: 5094f0ecf9919875f7d8a349ea606cc9751360b1533f2cadc5cf1ba00eecb8fc #1	inline_code	table	retain	renderer	retain renderer name and configuration vocabulary	none	omnigraph-vocabulary-guard::user_docs_inventory_matches	Here 'table' names the table renderer, an output format, or its renderer configuration rather than graph semantics.
2	user_docs:docs%2Fuser%2Fcli%2Freference.md:CLI%20Reference%20%28omnigraph%29%20%2F%20Output%20formats%20%28query%20command%2C%20alias%3A%20read%29:list_item:4bc6ca64c91fdcfeb1751fef9d8fb872f4feeb187a3cef54dd1988f7de3aefed:rows:1:1	user_docs	docs/user/cli/reference.md	CLI Reference (omnigraph) / Output formats (query command, alias: read) :: list_item :: 4bc6ca64c91fdcfeb1751fef9d8fb872f4feeb187a3cef54dd1988f7de3aefed #1	list_item	rows	retain	result_projection	retain intentional query, export, or serialized-result vocabulary	none	omnigraph-vocabulary-guard::user_docs_inventory_matches	Here 'rows' describes a query/export/serialized result row or column; tabular result vocabulary is intentional.
2	user_docs:docs%2Fuser%2Fcli%2Freference.md:CLI%20Reference%20%28omnigraph%29%20%2F%20Output%20formats%20%28query%20command%2C%20alias%3A%20read%29:list_item:8f726275bce2732c7ce1c74e5183208abc3be6007c79ab70aceccba80c7af5e4:table:1:1	user_docs	docs/user/cli/reference.md	CLI Reference (omnigraph) / Output formats (query command, alias: read) :: list_item :: 8f726275bce2732c7ce1c74e5183208abc3be6007c79ab70aceccba80c7af5e4 #1	list_item	table	retain	renderer	retain renderer name and configuration vocabulary	none	omnigraph-vocabulary-guard::user_docs_inventory_matches	Here 'table' names the table renderer, an output format, or its renderer configuration rather than graph semantics.
2	user_docs:docs%2Fuser%2Fcli%2Freference.md:CLI%20Reference%20%28omnigraph%29%20%2F%20Output%20formats%20%28query%20command%2C%20alias%3A%20read%29:list_item:cca0a353948a1f5a7133ca0fa2a950679b907a2a09dee4c2a1cf3b2d3584d783:row:1:1	user_docs	docs/user/cli/reference.md	CLI Reference (omnigraph) / Output formats (query command, alias: read) :: list_item :: cca0a353948a1f5a7133ca0fa2a950679b907a2a09dee4c2a1cf3b2d3584d783 #1	list_item	row	retain	result_projection	retain intentional query, export, or serialized-result vocabulary	none	omnigraph-vocabulary-guard::user_docs_inventory_matches	Here 'row' describes a query/export/serialized result row or column; tabular result vocabulary is intentional.
2	user_docs:docs%2Fuser%2Fcli%2Freference.md:CLI%20Reference%20%28omnigraph%29%20%2F%20Output%20formats%20%28query%20command%2C%20alias%3A%20read%29:list_item:d562ba01f51d301bc6717e2f97d82b1630908e0db15d33491282568a97f69f20:row:1:1	user_docs	docs/user/cli/reference.md	CLI Reference (omnigraph) / Output formats (query command, alias: read) :: list_item :: d562ba01f51d301bc6717e2f97d82b1630908e0db15d33491282568a97f69f20 #1	list_item	row	retain	result_projection	retain intentional query, export, or serialized-result vocabulary	none	omnigraph-vocabulary-guard::user_docs_inventory_matches	Here 'row' describes a query/export/serialized result row or column; tabular result vocabulary is intentional.
2	user_docs:docs%2Fuser%2Fclusters%2Fconfig.md:Cluster%20Config%20%2F%20Apply%20%2F%20Graph%20creation:paragraph:2bab468358aa6738c96f786b621a629f16189a29af2a74402043556f5d24bb41:sidecar:1:1	user_docs	docs/user/clusters/config.md	Cluster Config / Apply / Graph creation :: paragraph :: 2bab468358aa6738c96f786b621a629f16189a29af2a74402043556f5d24bb41 #1	paragraph	sidecar	retain	physical_storage	retain accurate physical or recovery terminology	none	omnigraph-vocabulary-guard::user_docs_inventory_matches	Here 'sidecar' describes Lance/Arrow/manifest/recovery state or a persisted historical name, not a graph type, entity, or property.
2	user_docs:docs%2Fuser%2Fclusters%2Fconfig.md:Cluster%20Config%20%2F%20Apply%20%2F%20Graph%20creation:paragraph:2bab468358aa6738c96f786b621a629f16189a29af2a74402043556f5d24bb41:sidecar:1:2	user_docs	docs/user/clusters/config.md	Cluster Config / Apply / Graph creation :: paragraph :: 2bab468358aa6738c96f786b621a629f16189a29af2a74402043556f5d24bb41 #1	paragraph	sidecar	retain	physical_storage	retain accurate physical or recovery terminology	none	omnigraph-vocabulary-guard::user_docs_inventory_matches	Here 'sidecar' describes Lance/Arrow/manifest/recovery state or a persisted historical name, not a graph type, entity, or property.
2	user_docs:docs%2Fuser%2Fclusters%2Fconfig.md:Cluster%20Config%20%2F%20Apply%20%2F%20Graph%20creation:paragraph:2bab468358aa6738c96f786b621a629f16189a29af2a74402043556f5d24bb41:sidecars:1:1	user_docs	docs/user/clusters/config.md	Cluster Config / Apply / Graph creation :: paragraph :: 2bab468358aa6738c96f786b621a629f16189a29af2a74402043556f5d24bb41 #1	paragraph	sidecars	retain	physical_storage	retain accurate physical or recovery terminology	none	omnigraph-vocabulary-guard::user_docs_inventory_matches	Here 'sidecars' describes Lance/Arrow/manifest/recovery state or a persisted historical name, not a graph type, entity, or property.
2	user_docs:docs%2Fuser%2Fclusters%2Fconfig.md:Cluster%20Config%20%2F%20Apply%20%2F%20Schema%20updates:paragraph:218e6e5f48192acee386ebfddc6b7cc3bba556fff3dbdf4bfd63fff070e7a3f3:manifest%20version:1:1	user_docs	docs/user/clusters/config.md	Cluster Config / Apply / Schema updates :: paragraph :: 218e6e5f48192acee386ebfddc6b7cc3bba556fff3dbdf4bfd63fff070e7a3f3 #1	paragraph	manifest version	retain	physical_storage	reviewed_semantic_reclassification	presentation	omnigraph-vocabulary-guard::user_docs_inventory_matches	Here 'manifest version' describes Lance/Arrow/manifest/recovery state or a persisted historical name, not a graph type, entity, or property.
2	user_docs:docs%2Fuser%2Fclusters%2Fconfig.md:Cluster%20Config%20%2F%20Apply%20%2F%20Schema%20updates:paragraph:218e6e5f48192acee386ebfddc6b7cc3bba556fff3dbdf4bfd63fff070e7a3f3:sidecar:1:1	user_docs	docs/user/clusters/config.md	Cluster Config / Apply / Schema updates :: paragraph :: 218e6e5f48192acee386ebfddc6b7cc3bba556fff3dbdf4bfd63fff070e7a3f3 #1	paragraph	sidecar	retain	physical_storage	retain accurate physical or recovery terminology	none	omnigraph-vocabulary-guard::user_docs_inventory_matches	Here 'sidecar' describes Lance/Arrow/manifest/recovery state or a persisted historical name, not a graph type, entity, or property.
2	user_docs:docs%2Fuser%2Fclusters%2Fconfig.md:Cluster%20Config%20%2F%20Apply%20%2F%20Schema%20updates:paragraph:218e6e5f48192acee386ebfddc6b7cc3bba556fff3dbdf4bfd63fff070e7a3f3:sidecar:1:2	user_docs	docs/user/clusters/config.md	Cluster Config / Apply / Schema updates :: paragraph :: 218e6e5f48192acee386ebfddc6b7cc3bba556fff3dbdf4bfd63fff070e7a3f3 #1	paragraph	sidecar	retain	physical_storage	retain accurate physical or recovery terminology	none	omnigraph-vocabulary-guard::user_docs_inventory_matches	Here 'sidecar' describes Lance/Arrow/manifest/recovery state or a persisted historical name, not a graph type, entity, or property.
2	user_docs:docs%2Fuser%2Fclusters%2Fconfig.md:Cluster%20Config%20%2F%20Apply%20%2F%20Schema%20updates:paragraph:ca1e86680ccf73dcee92c0f639c5aa5fbb6421c2ac957332033d98f6c35a6b6e:sidecars:1:1	user_docs	docs/user/clusters/config.md	Cluster Config / Apply / Schema updates :: paragraph :: ca1e86680ccf73dcee92c0f639c5aa5fbb6421c2ac957332033d98f6c35a6b6e #1	paragraph	sidecars	retain	physical_storage	retain accurate physical or recovery terminology	none	omnigraph-vocabulary-guard::user_docs_inventory_matches	Here 'sidecars' describes Lance/Arrow/manifest/recovery state or a persisted historical name, not a graph type, entity, or property.
2	user_docs:docs%2Fuser%2Fclusters%2Fconfig.md:Cluster%20Config%20%2F%20Apply%20%2F%20Schema%20updates:paragraph:ed8601e8c29a69257b2604845a268d3efde3df5027f128367c7aad6faf1db979:sidecar:1:1	user_docs	docs/user/clusters/config.md	Cluster Config / Apply / Schema updates :: paragraph :: ed8601e8c29a69257b2604845a268d3efde3df5027f128367c7aad6faf1db979 #1	paragraph	sidecar	retain	physical_storage	retain accurate physical or recovery terminology	none	omnigraph-vocabulary-guard::user_docs_inventory_matches	Here 'sidecar' describes Lance/Arrow/manifest/recovery state or a persisted historical name, not a graph type, entity, or property.
2	user_docs:docs%2Fuser%2Fclusters%2Fconfig.md:Cluster%20Config%20%2F%20Refresh%20And%20Import:paragraph:f545e509c5d357de6f0856baf956ef3cf948adf2d3f072f5b8aef4397184b8c9:manifest%20version:1:1	user_docs	docs/user/clusters/config.md	Cluster Config / Refresh And Import :: paragraph :: f545e509c5d357de6f0856baf956ef3cf948adf2d3f072f5b8aef4397184b8c9 #1	paragraph	manifest version	retain	physical_storage	reviewed_semantic_reclassification	presentation	omnigraph-vocabulary-guard::user_docs_inventory_matches	Here 'manifest version' describes Lance/Arrow/manifest/recovery state or a persisted historical name, not a graph type, entity, or property.
2	user_docs:docs%2Fuser%2Fclusters%2Fconfig.md:Cluster%20Config%20%2F%20Serving%20from%20the%20cluster%20%28the%20mode%20switch%29:paragraph:42553455e5e13bd4f180d95eca318686f2fe9c2d12340ad8adba95d2cf434f68:sidecars:1:1	user_docs	docs/user/clusters/config.md	Cluster Config / Serving from the cluster (the mode switch) :: paragraph :: 42553455e5e13bd4f180d95eca318686f2fe9c2d12340ad8adba95d2cf434f68 #1	paragraph	sidecars	retain	physical_storage	retain accurate physical or recovery terminology	none	omnigraph-vocabulary-guard::user_docs_inventory_matches	Here 'sidecars' describes Lance/Arrow/manifest/recovery state or a persisted historical name, not a graph type, entity, or property.
2	user_docs:docs%2Fuser%2Fclusters%2Fconfig.md:Cluster%20Config%20%2F%20Serving%20from%20the%20cluster%20%28the%20mode%20switch%29:paragraph:42553455e5e13bd4f180d95eca318686f2fe9c2d12340ad8adba95d2cf434f68:sidecars:1:2	user_docs	docs/user/clusters/config.md	Cluster Config / Serving from the cluster (the mode switch) :: paragraph :: 42553455e5e13bd4f180d95eca318686f2fe9c2d12340ad8adba95d2cf434f68 #1	paragraph	sidecars	retain	physical_storage	retain accurate physical or recovery terminology	none	omnigraph-vocabulary-guard::user_docs_inventory_matches	Here 'sidecars' describes Lance/Arrow/manifest/recovery state or a persisted historical name, not a graph type, entity, or property.
2	user_docs:docs%2Fuser%2Fclusters%2Fconfig.md:Cluster%20Config%20%2F%20Supported%20cluster.yaml:paragraph:d71bd2132cf6a7afed48f403deab1eff05f2a45463541b4d4847f302ccace86a:sidecars:1:1	user_docs	docs/user/clusters/config.md	Cluster Config / Supported cluster.yaml :: paragraph :: d71bd2132cf6a7afed48f403deab1eff05f2a45463541b4d4847f302ccace86a #1	paragraph	sidecars	retain	physical_storage	retain accurate physical or recovery terminology	none	omnigraph-vocabulary-guard::user_docs_inventory_matches	Here 'sidecars' describes Lance/Arrow/manifest/recovery state or a persisted historical name, not a graph type, entity, or property.
2	user_docs:docs%2Fuser%2Fclusters%2Findex.md:Operating%20an%20OmniGraph%20Cluster%20%2F%202.%20The%20day-2%20loop%3A%20edit%20%E2%86%92%20plan%20%E2%86%92%20apply%20%E2%86%92%20restart:paragraph:bf149e588be36d72e786d99d4d4f6f3a897f6ce21dc0d358ae8e5bc018494272:sidecars:1:1	user_docs	docs/user/clusters/index.md	Operating an OmniGraph Cluster / 2. The day-2 loop: edit → plan → apply → restart :: paragraph :: bf149e588be36d72e786d99d4d4f6f3a897f6ce21dc0d358ae8e5bc018494272 #1	paragraph	sidecars	retain	physical_storage	retain accurate physical or recovery terminology	none	omnigraph-vocabulary-guard::user_docs_inventory_matches	Here 'sidecars' describes Lance/Arrow/manifest/recovery state or a persisted historical name, not a graph type, entity, or property.
2	user_docs:docs%2Fuser%2Fclusters%2Findex.md:Operating%20an%20OmniGraph%20Cluster%20%2F%202.%20The%20day-2%20loop%3A%20edit%20%E2%86%92%20plan%20%E2%86%92%20apply%20%E2%86%92%20restart:table_cell:8686bd6731a3585c7ccb8ee725c0a27cb1fd4e1d3a1e282beb2110bce69098c5:sidecar:1:1	user_docs	docs/user/clusters/index.md	Operating an OmniGraph Cluster / 2. The day-2 loop: edit → plan → apply → restart :: table_cell :: 8686bd6731a3585c7ccb8ee725c0a27cb1fd4e1d3a1e282beb2110bce69098c5 #1	table_cell	sidecar	retain	physical_storage	retain accurate physical or recovery terminology	none	omnigraph-vocabulary-guard::user_docs_inventory_matches	Here 'sidecar' describes Lance/Arrow/manifest/recovery state or a persisted historical name, not a graph type, entity, or property.
2	user_docs:docs%2Fuser%2Fclusters%2Findex.md:Operating%20an%20OmniGraph%20Cluster%20%2F%205.%20When%20things%20go%20wrong:paragraph:796e78b1df1b6ca26b14c72dbb2e887a8f9c367625aecb8bce6d594c7c720bec:sidecars:1:1	user_docs	docs/user/clusters/index.md	Operating an OmniGraph Cluster / 5. When things go wrong :: paragraph :: 796e78b1df1b6ca26b14c72dbb2e887a8f9c367625aecb8bce6d594c7c720bec #1	paragraph	sidecars	retain	physical_storage	retain accurate physical or recovery terminology	none	omnigraph-vocabulary-guard::user_docs_inventory_matches	Here 'sidecars' describes Lance/Arrow/manifest/recovery state or a persisted historical name, not a graph type, entity, or property.
2	user_docs:docs%2Fuser%2Fclusters%2Findex.md:Operating%20an%20OmniGraph%20Cluster%20%2F%205.%20When%20things%20go%20wrong:paragraph:9771919ed05fbeb7d0aa4b2c076ebde2f70b013561c9a6d1405c96922c6d9f91:sidecar:1:1	user_docs	docs/user/clusters/index.md	Operating an OmniGraph Cluster / 5. When things go wrong :: paragraph :: 9771919ed05fbeb7d0aa4b2c076ebde2f70b013561c9a6d1405c96922c6d9f91 #1	paragraph	sidecar	retain	physical_storage	retain accurate physical or recovery terminology	none	omnigraph-vocabulary-guard::user_docs_inventory_matches	Here 'sidecar' describes Lance/Arrow/manifest/recovery state or a persisted historical name, not a graph type, entity, or property.
2	user_docs:docs%2Fuser%2Fclusters%2Findex.md:Operating%20an%20OmniGraph%20Cluster%20%2F%205.%20When%20things%20go%20wrong:paragraph:9771919ed05fbeb7d0aa4b2c076ebde2f70b013561c9a6d1405c96922c6d9f91:sidecars:1:1	user_docs	docs/user/clusters/index.md	Operating an OmniGraph Cluster / 5. When things go wrong :: paragraph :: 9771919ed05fbeb7d0aa4b2c076ebde2f70b013561c9a6d1405c96922c6d9f91 #1	paragraph	sidecars	retain	physical_storage	retain accurate physical or recovery terminology	none	omnigraph-vocabulary-guard::user_docs_inventory_matches	Here 'sidecars' describes Lance/Arrow/manifest/recovery state or a persisted historical name, not a graph type, entity, or property.
2	user_docs:docs%2Fuser%2Fconcepts%2Fstorage.md:Storage%20%2F%20L1%20%E2%80%94%20Lance%20dataset%20%28per%20node%2Fedge%20type%29:inline_code:564f8b2db7d164949f778ed1d26a0f6ddd7eb6cc57e4f78192d4e7f25d370205:row:1:1	user_docs	docs/user/concepts/storage.md	Storage / L1 — Lance dataset (per node/edge type) :: inline_code :: 564f8b2db7d164949f778ed1d26a0f6ddd7eb6cc57e4f78192d4e7f25d370205 #1	inline_code	row	retain	physical_storage	retain accurate physical or recovery terminology	none	omnigraph-vocabulary-guard::user_docs_inventory_matches	Here 'row' describes Lance/Arrow/manifest/recovery state or a persisted historical name, not a graph type, entity, or property.
2	user_docs:docs%2Fuser%2Fconcepts%2Fstorage.md:Storage%20%2F%20L1%20%E2%80%94%20Lance%20dataset%20%28per%20node%2Fedge%20type%29:inline_code:7d9628c69c93fc1e046a4d31ad58dbb245c3b3d51d799b3f3555950ad19873c4:row:1:1	user_docs	docs/user/concepts/storage.md	Storage / L1 — Lance dataset (per node/edge type) :: inline_code :: 7d9628c69c93fc1e046a4d31ad58dbb245c3b3d51d799b3f3555950ad19873c4 #1	inline_code	row	retain	physical_storage	retain accurate physical or recovery terminology	none	omnigraph-vocabulary-guard::user_docs_inventory_matches	Here 'row' describes Lance/Arrow/manifest/recovery state or a persisted historical name, not a graph type, entity, or property.
2	user_docs:docs%2Fuser%2Fconcepts%2Fstorage.md:Storage%20%2F%20L1%20%E2%80%94%20Lance%20dataset%20%28per%20node%2Fedge%20type%29:list_item:5489b81441a1a35aacdcb39c2b32879f8a33db2ceb33e3164997d3ce61297c34:row:1:1	user_docs	docs/user/concepts/storage.md	Storage / L1 — Lance dataset (per node/edge type) :: list_item :: 5489b81441a1a35aacdcb39c2b32879f8a33db2ceb33e3164997d3ce61297c34 #1	list_item	row	retain	physical_storage	retain accurate physical or recovery terminology	none	omnigraph-vocabulary-guard::user_docs_inventory_matches	Here 'row' describes Lance/Arrow/manifest/recovery state or a persisted historical name, not a graph type, entity, or property.
2	user_docs:docs%2Fuser%2Fconcepts%2Fstorage.md:Storage%20%2F%20L1%20%E2%80%94%20Lance%20dataset%20%28per%20node%2Fedge%20type%29:list_item:5489b81441a1a35aacdcb39c2b32879f8a33db2ceb33e3164997d3ce61297c34:row:1:2	user_docs	docs/user/concepts/storage.md	Storage / L1 — Lance dataset (per node/edge type) :: list_item :: 5489b81441a1a35aacdcb39c2b32879f8a33db2ceb33e3164997d3ce61297c34 #1	list_item	row	retain	physical_storage	retain accurate physical or recovery terminology	none	omnigraph-vocabulary-guard::user_docs_inventory_matches	Here 'row' describes Lance/Arrow/manifest/recovery state or a persisted historical name, not a graph type, entity, or property.
2	user_docs:docs%2Fuser%2Fconcepts%2Fstorage.md:Storage%20%2F%20L1%20%E2%80%94%20Lance%20dataset%20%28per%20node%2Fedge%20type%29:list_item:bc8af7ed106515626fc6a77ea16d141f622261e5c57f52a0ea96ef18c27780a3:column:1:1	user_docs	docs/user/concepts/storage.md	Storage / L1 — Lance dataset (per node/edge type) :: list_item :: bc8af7ed106515626fc6a77ea16d141f622261e5c57f52a0ea96ef18c27780a3 #1	list_item	column	retain	physical_storage	retain accurate physical or recovery terminology	none	omnigraph-vocabulary-guard::user_docs_inventory_matches	Here 'column' describes Lance/Arrow/manifest/recovery state or a persisted historical name, not a graph type, entity, or property.
2	user_docs:docs%2Fuser%2Fconcepts%2Fstorage.md:Storage%20%2F%20L2%20%E2%80%94%20Multi-dataset%20coordination%20via%20__manifest%20%2F%20Internal%20schema%20versioning:table_cell:9a9ad9052caffd90fc6ca55cdda393991d12ed049185d9e5572f33549bebbfb7:row:1:1	user_docs	docs/user/concepts/storage.md	Storage / L2 — Multi-dataset coordination via __manifest / Internal schema versioning :: table_cell :: 9a9ad9052caffd90fc6ca55cdda393991d12ed049185d9e5572f33549bebbfb7 #1	table_cell	row	retain	physical_storage	retain accurate physical or recovery terminology	none	omnigraph-vocabulary-guard::user_docs_inventory_matches	Here 'row' describes Lance/Arrow/manifest/recovery state or a persisted historical name, not a graph type, entity, or property.
2	user_docs:docs%2Fuser%2Fconcepts%2Fstorage.md:Storage%20%2F%20L2%20%E2%80%94%20Multi-dataset%20coordination%20via%20__manifest%20%2F%20Internal%20schema%20versioning:table_cell:d326052d266ab4cb837781ad7bd7d1cf9872a194d7b90392699cfefb8b1dc837:rows:1:1	user_docs	docs/user/concepts/storage.md	Storage / L2 — Multi-dataset coordination via __manifest / Internal schema versioning :: table_cell :: d326052d266ab4cb837781ad7bd7d1cf9872a194d7b90392699cfefb8b1dc837 #1	table_cell	rows	retain	physical_storage	retain accurate physical or recovery terminology	none	omnigraph-vocabulary-guard::user_docs_inventory_matches	Here 'rows' describes Lance/Arrow/manifest/recovery state or a persisted historical name, not a graph type, entity, or property.
2	user_docs:docs%2Fuser%2Fconcepts%2Fstorage.md:Storage%20%2F%20L2%20%E2%80%94%20Multi-dataset%20coordination%20via%20__manifest%20%2F%20Internal%20schema%20versioning:table_cell:d326052d266ab4cb837781ad7bd7d1cf9872a194d7b90392699cfefb8b1dc837:table:1:1	user_docs	docs/user/concepts/storage.md	Storage / L2 — Multi-dataset coordination via __manifest / Internal schema versioning :: table_cell :: d326052d266ab4cb837781ad7bd7d1cf9872a194d7b90392699cfefb8b1dc837 #1	table_cell	table	retain	physical_storage	retain accurate physical or recovery terminology	none	omnigraph-vocabulary-guard::user_docs_inventory_matches	Here 'table' describes Lance/Arrow/manifest/recovery state or a persisted historical name, not a graph type, entity, or property.
2	user_docs:docs%2Fuser%2Fconcepts%2Fstorage.md:Storage%20%2F%20L2%20%E2%80%94%20Multi-dataset%20coordination%20via%20__manifest%20%2F%20Internal%20schema%20versioning:table_cell:f7f1838d49c9664cd063715b297c27741b11c7f37f4b288bcd42cd6f30c806f3:rows:1:1	user_docs	docs/user/concepts/storage.md	Storage / L2 — Multi-dataset coordination via __manifest / Internal schema versioning :: table_cell :: f7f1838d49c9664cd063715b297c27741b11c7f37f4b288bcd42cd6f30c806f3 #1	table_cell	rows	retain	physical_storage	retain accurate physical or recovery terminology	none	omnigraph-vocabulary-guard::user_docs_inventory_matches	Here 'rows' describes Lance/Arrow/manifest/recovery state or a persisted historical name, not a graph type, entity, or property.
2	user_docs:docs%2Fuser%2Fconcepts%2Fstorage.md:Storage%20%2F%20L2%20%E2%80%94%20Multi-dataset%20coordination%20via%20__manifest%20%2F%20Internal%20schema%20versioning:table_cell:fd94c6b24b7329354442765c4386b2e9298db2b3587eaf2f32c0fe4492480492:row:1:1	user_docs	docs/user/concepts/storage.md	Storage / L2 — Multi-dataset coordination via __manifest / Internal schema versioning :: table_cell :: fd94c6b24b7329354442765c4386b2e9298db2b3587eaf2f32c0fe4492480492 #1	table_cell	row	retain	physical_storage	retain accurate physical or recovery terminology	none	omnigraph-vocabulary-guard::user_docs_inventory_matches	Here 'row' describes Lance/Arrow/manifest/recovery state or a persisted historical name, not a graph type, entity, or property.
2	user_docs:docs%2Fuser%2Fconcepts%2Fstorage.md:Storage%20%2F%20L2%20%E2%80%94%20Multi-dataset%20coordination%20via%20__manifest:inline_code:05e4eb1b611de43484f1cdbc74768a09b9ff628ee94d9d5331dccb072a2a24ba:row:1:1	user_docs	docs/user/concepts/storage.md	Storage / L2 — Multi-dataset coordination via __manifest :: inline_code :: 05e4eb1b611de43484f1cdbc74768a09b9ff628ee94d9d5331dccb072a2a24ba #1	inline_code	row	retain	physical_storage	retain accurate physical or recovery terminology	none	omnigraph-vocabulary-guard::user_docs_inventory_matches	Here 'row' describes Lance/Arrow/manifest/recovery state or a persisted historical name, not a graph type, entity, or property.
2	user_docs:docs%2Fuser%2Fconcepts%2Fstorage.md:Storage%20%2F%20L2%20%E2%80%94%20Multi-dataset%20coordination%20via%20__manifest:inline_code:05e4eb1b611de43484f1cdbc74768a09b9ff628ee94d9d5331dccb072a2a24ba:table:1:1	user_docs	docs/user/concepts/storage.md	Storage / L2 — Multi-dataset coordination via __manifest :: inline_code :: 05e4eb1b611de43484f1cdbc74768a09b9ff628ee94d9d5331dccb072a2a24ba #1	inline_code	table	retain	quoted_compatibility	retain only in explicit compatibility or exact-name context	none	omnigraph-vocabulary-guard::user_docs_inventory_matches	This is an exact retained field, flag, identifier, resource/error spelling, or legacy deep-link name documented so existing consumers can recognize it.
2	user_docs:docs%2Fuser%2Fconcepts%2Fstorage.md:Storage%20%2F%20L2%20%E2%80%94%20Multi-dataset%20coordination%20via%20__manifest:inline_code:05e4eb1b611de43484f1cdbc74768a09b9ff628ee94d9d5331dccb072a2a24ba:table:1:2	user_docs	docs/user/concepts/storage.md	Storage / L2 — Multi-dataset coordination via __manifest :: inline_code :: 05e4eb1b611de43484f1cdbc74768a09b9ff628ee94d9d5331dccb072a2a24ba #1	inline_code	table	retain	physical_storage	retain accurate physical or recovery terminology	none	omnigraph-vocabulary-guard::user_docs_inventory_matches	Here 'table' describes Lance/Arrow/manifest/recovery state or a persisted historical name, not a graph type, entity, or property.
2	user_docs:docs%2Fuser%2Fconcepts%2Fstorage.md:Storage%20%2F%20L2%20%E2%80%94%20Multi-dataset%20coordination%20via%20__manifest:inline_code:05e4eb1b611de43484f1cdbc74768a09b9ff628ee94d9d5331dccb072a2a24ba:table:1:3	user_docs	docs/user/concepts/storage.md	Storage / L2 — Multi-dataset coordination via __manifest :: inline_code :: 05e4eb1b611de43484f1cdbc74768a09b9ff628ee94d9d5331dccb072a2a24ba #1	inline_code	table	retain	physical_storage	retain accurate physical or recovery terminology	none	omnigraph-vocabulary-guard::user_docs_inventory_matches	Here 'table' describes Lance/Arrow/manifest/recovery state or a persisted historical name, not a graph type, entity, or property.
2	user_docs:docs%2Fuser%2Fconcepts%2Fstorage.md:Storage%20%2F%20L2%20%E2%80%94%20Multi-dataset%20coordination%20via%20__manifest:inline_code:05e4eb1b611de43484f1cdbc74768a09b9ff628ee94d9d5331dccb072a2a24ba:table:1:4	user_docs	docs/user/concepts/storage.md	Storage / L2 — Multi-dataset coordination via __manifest :: inline_code :: 05e4eb1b611de43484f1cdbc74768a09b9ff628ee94d9d5331dccb072a2a24ba #1	inline_code	table	retain	physical_storage	retain accurate physical or recovery terminology	none	omnigraph-vocabulary-guard::user_docs_inventory_matches	Here 'table' describes Lance/Arrow/manifest/recovery state or a persisted historical name, not a graph type, entity, or property.
2	user_docs:docs%2Fuser%2Fconcepts%2Fstorage.md:Storage%20%2F%20L2%20%E2%80%94%20Multi-dataset%20coordination%20via%20__manifest:inline_code:05e4eb1b611de43484f1cdbc74768a09b9ff628ee94d9d5331dccb072a2a24ba:table:1:5	user_docs	docs/user/concepts/storage.md	Storage / L2 — Multi-dataset coordination via __manifest :: inline_code :: 05e4eb1b611de43484f1cdbc74768a09b9ff628ee94d9d5331dccb072a2a24ba #1	inline_code	table	retain	physical_storage	retain accurate physical or recovery terminology	none	omnigraph-vocabulary-guard::user_docs_inventory_matches	Here 'table' describes Lance/Arrow/manifest/recovery state or a persisted historical name, not a graph type, entity, or property.
2	user_docs:docs%2Fuser%2Fconcepts%2Fstorage.md:Storage%20%2F%20L2%20%E2%80%94%20Multi-dataset%20coordination%20via%20__manifest:inline_code:0e5eb9a614f5b054130dc2c78486e247e4d33eea5c77a8d08d75b1d48e67c5d1:table:1:1	user_docs	docs/user/concepts/storage.md	Storage / L2 — Multi-dataset coordination via __manifest :: inline_code :: 0e5eb9a614f5b054130dc2c78486e247e4d33eea5c77a8d08d75b1d48e67c5d1 #1	inline_code	table	retain	physical_storage	retain accurate physical or recovery terminology	none	omnigraph-vocabulary-guard::user_docs_inventory_matches	Here 'table' describes Lance/Arrow/manifest/recovery state or a persisted historical name, not a graph type, entity, or property.
2	user_docs:docs%2Fuser%2Fconcepts%2Fstorage.md:Storage%20%2F%20L2%20%E2%80%94%20Multi-dataset%20coordination%20via%20__manifest:inline_code:34cc4137a7f88897b11e0d21b5d9cf9f74d82a4a0b0f50883d09746d101a667c:table:1:1	user_docs	docs/user/concepts/storage.md	Storage / L2 — Multi-dataset coordination via __manifest :: inline_code :: 34cc4137a7f88897b11e0d21b5d9cf9f74d82a4a0b0f50883d09746d101a667c #1	inline_code	table	retain	physical_storage	retain accurate physical or recovery terminology	none	omnigraph-vocabulary-guard::user_docs_inventory_matches	Here 'table' describes Lance/Arrow/manifest/recovery state or a persisted historical name, not a graph type, entity, or property.
2	user_docs:docs%2Fuser%2Fconcepts%2Fstorage.md:Storage%20%2F%20L2%20%E2%80%94%20Multi-dataset%20coordination%20via%20__manifest:inline_code:34cc4137a7f88897b11e0d21b5d9cf9f74d82a4a0b0f50883d09746d101a667c:table:1:2	user_docs	docs/user/concepts/storage.md	Storage / L2 — Multi-dataset coordination via __manifest :: inline_code :: 34cc4137a7f88897b11e0d21b5d9cf9f74d82a4a0b0f50883d09746d101a667c #1	inline_code	table	retain	physical_storage	retain accurate physical or recovery terminology	none	omnigraph-vocabulary-guard::user_docs_inventory_matches	Here 'table' describes Lance/Arrow/manifest/recovery state or a persisted historical name, not a graph type, entity, or property.
2	user_docs:docs%2Fuser%2Fconcepts%2Fstorage.md:Storage%20%2F%20L2%20%E2%80%94%20Multi-dataset%20coordination%20via%20__manifest:inline_code:5b3901f418d0ecb9db6ecd2a9dab4f67aff66da42b36fe92294c4580a3ad0468:table:1:1	user_docs	docs/user/concepts/storage.md	Storage / L2 — Multi-dataset coordination via __manifest :: inline_code :: 5b3901f418d0ecb9db6ecd2a9dab4f67aff66da42b36fe92294c4580a3ad0468 #1	inline_code	table	retain	physical_storage	retain accurate physical or recovery terminology	none	omnigraph-vocabulary-guard::user_docs_inventory_matches	Here 'table' describes Lance/Arrow/manifest/recovery state or a persisted historical name, not a graph type, entity, or property.
2	user_docs:docs%2Fuser%2Fconcepts%2Fstorage.md:Storage%20%2F%20L2%20%E2%80%94%20Multi-dataset%20coordination%20via%20__manifest:inline_code:5b3901f418d0ecb9db6ecd2a9dab4f67aff66da42b36fe92294c4580a3ad0468:table:1:2	user_docs	docs/user/concepts/storage.md	Storage / L2 — Multi-dataset coordination via __manifest :: inline_code :: 5b3901f418d0ecb9db6ecd2a9dab4f67aff66da42b36fe92294c4580a3ad0468 #1	inline_code	table	retain	physical_storage	retain accurate physical or recovery terminology	none	omnigraph-vocabulary-guard::user_docs_inventory_matches	Here 'table' describes Lance/Arrow/manifest/recovery state or a persisted historical name, not a graph type, entity, or property.
2	user_docs:docs%2Fuser%2Fconcepts%2Fstorage.md:Storage%20%2F%20L2%20%E2%80%94%20Multi-dataset%20coordination%20via%20__manifest:inline_code:5b3901f418d0ecb9db6ecd2a9dab4f67aff66da42b36fe92294c4580a3ad0468:table:1:3	user_docs	docs/user/concepts/storage.md	Storage / L2 — Multi-dataset coordination via __manifest :: inline_code :: 5b3901f418d0ecb9db6ecd2a9dab4f67aff66da42b36fe92294c4580a3ad0468 #1	inline_code	table	retain	physical_storage	retain accurate physical or recovery terminology	none	omnigraph-vocabulary-guard::user_docs_inventory_matches	Here 'table' describes Lance/Arrow/manifest/recovery state or a persisted historical name, not a graph type, entity, or property.
2	user_docs:docs%2Fuser%2Fconcepts%2Fstorage.md:Storage%20%2F%20L2%20%E2%80%94%20Multi-dataset%20coordination%20via%20__manifest:inline_code:5cfc3b8a93b09b5c7fd53f7c22978a37d8ac2a4dab3064c5284e939db19978dc:table:1:1	user_docs	docs/user/concepts/storage.md	Storage / L2 — Multi-dataset coordination via __manifest :: inline_code :: 5cfc3b8a93b09b5c7fd53f7c22978a37d8ac2a4dab3064c5284e939db19978dc #1	inline_code	table	retain	physical_storage	retain accurate physical or recovery terminology	none	omnigraph-vocabulary-guard::user_docs_inventory_matches	Here 'table' describes Lance/Arrow/manifest/recovery state or a persisted historical name, not a graph type, entity, or property.
2	user_docs:docs%2Fuser%2Fconcepts%2Fstorage.md:Storage%20%2F%20L2%20%E2%80%94%20Multi-dataset%20coordination%20via%20__manifest:inline_code:c050b1b4498ef8722c0b7050b29e83eb7035ae8e5a9b58ecdc3de6e7f6b21687:table:1:1	user_docs	docs/user/concepts/storage.md	Storage / L2 — Multi-dataset coordination via __manifest :: inline_code :: c050b1b4498ef8722c0b7050b29e83eb7035ae8e5a9b58ecdc3de6e7f6b21687 #1	inline_code	table	retain	physical_storage	retain accurate physical or recovery terminology	none	omnigraph-vocabulary-guard::user_docs_inventory_matches	Here 'table' describes Lance/Arrow/manifest/recovery state or a persisted historical name, not a graph type, entity, or property.
2	user_docs:docs%2Fuser%2Fconcepts%2Fstorage.md:Storage%20%2F%20L2%20%E2%80%94%20Multi-dataset%20coordination%20via%20__manifest:inline_code:c050b1b4498ef8722c0b7050b29e83eb7035ae8e5a9b58ecdc3de6e7f6b21687:table:1:2	user_docs	docs/user/concepts/storage.md	Storage / L2 — Multi-dataset coordination via __manifest :: inline_code :: c050b1b4498ef8722c0b7050b29e83eb7035ae8e5a9b58ecdc3de6e7f6b21687 #1	inline_code	table	retain	physical_storage	retain accurate physical or recovery terminology	none	omnigraph-vocabulary-guard::user_docs_inventory_matches	Here 'table' describes Lance/Arrow/manifest/recovery state or a persisted historical name, not a graph type, entity, or property.
2	user_docs:docs%2Fuser%2Fconcepts%2Fstorage.md:Storage%20%2F%20L2%20%E2%80%94%20Multi-dataset%20coordination%20via%20__manifest:inline_code:c5212c0c89a14b41034b6a654a3bf3814aad3043507627d96a2a559a712870e3:table:1:1	user_docs	docs/user/concepts/storage.md	Storage / L2 — Multi-dataset coordination via __manifest :: inline_code :: c5212c0c89a14b41034b6a654a3bf3814aad3043507627d96a2a559a712870e3 #1	inline_code	table	retain	physical_storage	retain accurate physical or recovery terminology	none	omnigraph-vocabulary-guard::user_docs_inventory_matches	Here 'table' describes Lance/Arrow/manifest/recovery state or a persisted historical name, not a graph type, entity, or property.
2	user_docs:docs%2Fuser%2Fconcepts%2Fstorage.md:Storage%20%2F%20L2%20%E2%80%94%20Multi-dataset%20coordination%20via%20__manifest:inline_code:c5212c0c89a14b41034b6a654a3bf3814aad3043507627d96a2a559a712870e3:table:1:2	user_docs	docs/user/concepts/storage.md	Storage / L2 — Multi-dataset coordination via __manifest :: inline_code :: c5212c0c89a14b41034b6a654a3bf3814aad3043507627d96a2a559a712870e3 #1	inline_code	table	retain	physical_storage	retain accurate physical or recovery terminology	none	omnigraph-vocabulary-guard::user_docs_inventory_matches	Here 'table' describes Lance/Arrow/manifest/recovery state or a persisted historical name, not a graph type, entity, or property.
2	user_docs:docs%2Fuser%2Fconcepts%2Fstorage.md:Storage%20%2F%20L2%20%E2%80%94%20Multi-dataset%20coordination%20via%20__manifest:inline_code:f773afe6e7c26f81bf6a63e3ef5a25a646bdc1bf58d55e6ad027f32183afc6a4:table:1:1	user_docs	docs/user/concepts/storage.md	Storage / L2 — Multi-dataset coordination via __manifest :: inline_code :: f773afe6e7c26f81bf6a63e3ef5a25a646bdc1bf58d55e6ad027f32183afc6a4 #1	inline_code	table	retain	quoted_compatibility	retain only in explicit compatibility or exact-name context	none	omnigraph-vocabulary-guard::user_docs_inventory_matches	This is an exact retained field, flag, identifier, resource/error spelling, or legacy deep-link name documented so existing consumers can recognize it.
2	user_docs:docs%2Fuser%2Fconcepts%2Fstorage.md:Storage%20%2F%20L2%20%E2%80%94%20Multi-dataset%20coordination%20via%20__manifest:inline_code:f773afe6e7c26f81bf6a63e3ef5a25a646bdc1bf58d55e6ad027f32183afc6a4:table:2:1	user_docs	docs/user/concepts/storage.md	Storage / L2 — Multi-dataset coordination via __manifest :: inline_code :: f773afe6e7c26f81bf6a63e3ef5a25a646bdc1bf58d55e6ad027f32183afc6a4 #2	inline_code	table	retain	quoted_compatibility	retain only in explicit compatibility or exact-name context	none	omnigraph-vocabulary-guard::user_docs_inventory_matches	This is an exact retained field, flag, identifier, resource/error spelling, or legacy deep-link name documented so existing consumers can recognize it.
2	user_docs:docs%2Fuser%2Fconcepts%2Fstorage.md:Storage%20%2F%20L2%20%E2%80%94%20Multi-dataset%20coordination%20via%20__manifest:list_item:02e63913842df795720200f335a90dd2a24bdca00835591b0f69fe9c2a17fca9:table:1:1	user_docs	docs/user/concepts/storage.md	Storage / L2 — Multi-dataset coordination via __manifest :: list_item :: 02e63913842df795720200f335a90dd2a24bdca00835591b0f69fe9c2a17fca9 #1	list_item	table	retain	physical_storage	retain accurate physical or recovery terminology	none	omnigraph-vocabulary-guard::user_docs_inventory_matches	Here 'table' describes Lance/Arrow/manifest/recovery state or a persisted historical name, not a graph type, entity, or property.
2	user_docs:docs%2Fuser%2Fconcepts%2Fstorage.md:Storage%20%2F%20L2%20%E2%80%94%20Multi-dataset%20coordination%20via%20__manifest:list_item:47f6b0da9efd2ccfc9e0a4a7831eb8f5e11366080746a904dee6a05a99d3856b:row:1:1	user_docs	docs/user/concepts/storage.md	Storage / L2 — Multi-dataset coordination via __manifest :: list_item :: 47f6b0da9efd2ccfc9e0a4a7831eb8f5e11366080746a904dee6a05a99d3856b #1	list_item	row	retain	physical_storage	retain accurate physical or recovery terminology	none	omnigraph-vocabulary-guard::user_docs_inventory_matches	Here 'row' describes Lance/Arrow/manifest/recovery state or a persisted historical name, not a graph type, entity, or property.
2	user_docs:docs%2Fuser%2Fconcepts%2Fstorage.md:Storage%20%2F%20L2%20%E2%80%94%20Multi-dataset%20coordination%20via%20__manifest:list_item:63c2bd8ded4e93dcc3b4071ca925072212cbdc185406bb0e72b7d3342d53dcb8:row:1:1	user_docs	docs/user/concepts/storage.md	Storage / L2 — Multi-dataset coordination via __manifest :: list_item :: 63c2bd8ded4e93dcc3b4071ca925072212cbdc185406bb0e72b7d3342d53dcb8 #1	list_item	row	retain	physical_storage	retain accurate physical or recovery terminology	none	omnigraph-vocabulary-guard::user_docs_inventory_matches	Here 'row' describes Lance/Arrow/manifest/recovery state or a persisted historical name, not a graph type, entity, or property.
2	user_docs:docs%2Fuser%2Fconcepts%2Fstorage.md:Storage%20%2F%20L2%20%E2%80%94%20Multi-dataset%20coordination%20via%20__manifest:list_item:8ab624305959bbc1a195f34d7df497def88e6018f0d4cdef89b7bd7d24d383d1:Row:1:1	user_docs	docs/user/concepts/storage.md	Storage / L2 — Multi-dataset coordination via __manifest :: list_item :: 8ab624305959bbc1a195f34d7df497def88e6018f0d4cdef89b7bd7d24d383d1 #1	list_item	Row	retain	physical_storage	retain accurate physical or recovery terminology	none	omnigraph-vocabulary-guard::user_docs_inventory_matches	Here 'Row' describes Lance/Arrow/manifest/recovery state or a persisted historical name, not a graph type, entity, or property.
2	user_docs:docs%2Fuser%2Fconcepts%2Fstorage.md:Storage%20%2F%20L2%20%E2%80%94%20Multi-dataset%20coordination%20via%20__manifest:list_item:8ab624305959bbc1a195f34d7df497def88e6018f0d4cdef89b7bd7d24d383d1:row:1:1	user_docs	docs/user/concepts/storage.md	Storage / L2 — Multi-dataset coordination via __manifest :: list_item :: 8ab624305959bbc1a195f34d7df497def88e6018f0d4cdef89b7bd7d24d383d1 #1	list_item	row	retain	physical_storage	retain accurate physical or recovery terminology	none	omnigraph-vocabulary-guard::user_docs_inventory_matches	Here 'row' describes Lance/Arrow/manifest/recovery state or a persisted historical name, not a graph type, entity, or property.
2	user_docs:docs%2Fuser%2Fconcepts%2Fstorage.md:Storage%20%2F%20L2%20%E2%80%94%20Multi-dataset%20coordination%20via%20__manifest:list_item:c1d729f7871d028d075166a5484472bfc57666db7242ad8c962ea01cd9a93248:rows:1:1	user_docs	docs/user/concepts/storage.md	Storage / L2 — Multi-dataset coordination via __manifest :: list_item :: c1d729f7871d028d075166a5484472bfc57666db7242ad8c962ea01cd9a93248 #1	list_item	rows	retain	physical_storage	retain accurate physical or recovery terminology	none	omnigraph-vocabulary-guard::user_docs_inventory_matches	Here 'rows' describes Lance/Arrow/manifest/recovery state or a persisted historical name, not a graph type, entity, or property.
2	user_docs:docs%2Fuser%2Fconcepts%2Fstorage.md:Storage%20%2F%20L2%20%E2%80%94%20Multi-dataset%20coordination%20via%20__manifest:list_item:c52348d6e280ee7fccebd00749c4254b26767e9ad0c4b14916e1f943cde7e3e4:sidecar:1:1	user_docs	docs/user/concepts/storage.md	Storage / L2 — Multi-dataset coordination via __manifest :: list_item :: c52348d6e280ee7fccebd00749c4254b26767e9ad0c4b14916e1f943cde7e3e4 #1	list_item	sidecar	retain	physical_storage	retain accurate physical or recovery terminology	none	omnigraph-vocabulary-guard::user_docs_inventory_matches	Here 'sidecar' describes Lance/Arrow/manifest/recovery state or a persisted historical name, not a graph type, entity, or property.
2	user_docs:docs%2Fuser%2Fconcepts%2Fstorage.md:Storage%20%2F%20L2%20%E2%80%94%20Multi-dataset%20coordination%20via%20__manifest:list_item:c5b18d23009368e45c2314a7f75f6ddb193be20ae74b1295576532981901bdc1:row:1:1	user_docs	docs/user/concepts/storage.md	Storage / L2 — Multi-dataset coordination via __manifest :: list_item :: c5b18d23009368e45c2314a7f75f6ddb193be20ae74b1295576532981901bdc1 #1	list_item	row	retain	physical_storage	retain accurate physical or recovery terminology	none	omnigraph-vocabulary-guard::user_docs_inventory_matches	Here 'row' describes Lance/Arrow/manifest/recovery state or a persisted historical name, not a graph type, entity, or property.
2	user_docs:docs%2Fuser%2Fconcepts%2Fstorage.md:Storage%20%2F%20L2%20%E2%80%94%20Multi-dataset%20coordination%20via%20__manifest:list_item:c5b18d23009368e45c2314a7f75f6ddb193be20ae74b1295576532981901bdc1:rows:1:1	user_docs	docs/user/concepts/storage.md	Storage / L2 — Multi-dataset coordination via __manifest :: list_item :: c5b18d23009368e45c2314a7f75f6ddb193be20ae74b1295576532981901bdc1 #1	list_item	rows	retain	physical_storage	retain accurate physical or recovery terminology	none	omnigraph-vocabulary-guard::user_docs_inventory_matches	Here 'rows' describes Lance/Arrow/manifest/recovery state or a persisted historical name, not a graph type, entity, or property.
2	user_docs:docs%2Fuser%2Fconcepts%2Fstorage.md:Storage%20%2F%20L2%20%E2%80%94%20Multi-dataset%20coordination%20via%20__manifest:list_item:c5b18d23009368e45c2314a7f75f6ddb193be20ae74b1295576532981901bdc1:rows:1:2	user_docs	docs/user/concepts/storage.md	Storage / L2 — Multi-dataset coordination via __manifest :: list_item :: c5b18d23009368e45c2314a7f75f6ddb193be20ae74b1295576532981901bdc1 #1	list_item	rows	retain	physical_storage	retain accurate physical or recovery terminology	none	omnigraph-vocabulary-guard::user_docs_inventory_matches	Here 'rows' describes Lance/Arrow/manifest/recovery state or a persisted historical name, not a graph type, entity, or property.
2	user_docs:docs%2Fuser%2Fconcepts%2Fstorage.md:Storage%20%2F%20L2%20%E2%80%94%20Multi-dataset%20coordination%20via%20__manifest:list_item:cbe12467c61561a107e6195026f620d735102d727f5393a89fc8270ec0dab316:rows:1:1	user_docs	docs/user/concepts/storage.md	Storage / L2 — Multi-dataset coordination via __manifest :: list_item :: cbe12467c61561a107e6195026f620d735102d727f5393a89fc8270ec0dab316 #1	list_item	rows	retain	physical_storage	retain accurate physical or recovery terminology	none	omnigraph-vocabulary-guard::user_docs_inventory_matches	Here 'rows' describes Lance/Arrow/manifest/recovery state or a persisted historical name, not a graph type, entity, or property.
2	user_docs:docs%2Fuser%2Fconcepts%2Fstorage.md:Storage%20%2F%20L2%20%E2%80%94%20Multi-dataset%20coordination%20via%20__manifest:list_item:cbe12467c61561a107e6195026f620d735102d727f5393a89fc8270ec0dab316:rows:1:2	user_docs	docs/user/concepts/storage.md	Storage / L2 — Multi-dataset coordination via __manifest :: list_item :: cbe12467c61561a107e6195026f620d735102d727f5393a89fc8270ec0dab316 #1	list_item	rows	retain	physical_storage	retain accurate physical or recovery terminology	none	omnigraph-vocabulary-guard::user_docs_inventory_matches	Here 'rows' describes Lance/Arrow/manifest/recovery state or a persisted historical name, not a graph type, entity, or property.
2	user_docs:docs%2Fuser%2Fconcepts%2Fstorage.md:Storage%20%2F%20L2%20%E2%80%94%20Multi-dataset%20coordination%20via%20__manifest:list_item:e9c73193e4732a630ea9ce99b86a98f152448e4097d58c026f77d9ac30e2c878:rows:1:1	user_docs	docs/user/concepts/storage.md	Storage / L2 — Multi-dataset coordination via __manifest :: list_item :: e9c73193e4732a630ea9ce99b86a98f152448e4097d58c026f77d9ac30e2c878 #1	list_item	rows	retain	physical_storage	retain accurate physical or recovery terminology	none	omnigraph-vocabulary-guard::user_docs_inventory_matches	Here 'rows' describes Lance/Arrow/manifest/recovery state or a persisted historical name, not a graph type, entity, or property.
2	user_docs:docs%2Fuser%2Fconcepts%2Fstorage.md:Storage%20%2F%20On-disk%20layout:fenced_code:a106799ea1c4c17eccb865944271b9a0cfc3d22e34949d16a95a071436579874:sidecars:1:1	user_docs	docs/user/concepts/storage.md	Storage / On-disk layout :: fenced_code :: a106799ea1c4c17eccb865944271b9a0cfc3d22e34949d16a95a071436579874 #1	fenced_code	sidecars	retain	physical_storage	retain accurate physical or recovery terminology	none	omnigraph-vocabulary-guard::user_docs_inventory_matches	Here 'sidecars' describes Lance/Arrow/manifest/recovery state or a persisted historical name, not a graph type, entity, or property.
2	user_docs:docs%2Fuser%2Fconcepts%2Fstorage.md:Storage%20%2F%20On-disk%20layout:list_item:0ad85648e81b8f6105e747eb9b1b3b58447e1060562556ec0cd94db2bbc47184:sidecar:1:1	user_docs	docs/user/concepts/storage.md	Storage / On-disk layout :: list_item :: 0ad85648e81b8f6105e747eb9b1b3b58447e1060562556ec0cd94db2bbc47184 #1	list_item	sidecar	retain	physical_storage	reviewed_semantic_reclassification	presentation	omnigraph-vocabulary-guard::user_docs_inventory_matches	Here 'sidecar' describes Lance/Arrow/manifest/recovery state or a persisted historical name, not a graph type, entity, or property.
2	user_docs:docs%2Fuser%2Fconcepts%2Fstorage.md:Storage%20%2F%20On-disk%20layout:list_item:0ad85648e81b8f6105e747eb9b1b3b58447e1060562556ec0cd94db2bbc47184:sidecar:1:2	user_docs	docs/user/concepts/storage.md	Storage / On-disk layout :: list_item :: 0ad85648e81b8f6105e747eb9b1b3b58447e1060562556ec0cd94db2bbc47184 #1	list_item	sidecar	retain	physical_storage	retain accurate physical or recovery terminology	none	omnigraph-vocabulary-guard::user_docs_inventory_matches	Here 'sidecar' describes Lance/Arrow/manifest/recovery state or a persisted historical name, not a graph type, entity, or property.
2	user_docs:docs%2Fuser%2Fconcepts%2Fstorage.md:Storage%20%2F%20On-disk%20layout:list_item:2647215275d5d28c4db721d271fa96636fc8661a19a66d3dff71dd7da326a663:rows:1:1	user_docs	docs/user/concepts/storage.md	Storage / On-disk layout :: list_item :: 2647215275d5d28c4db721d271fa96636fc8661a19a66d3dff71dd7da326a663 #1	list_item	rows	retain	physical_storage	retain accurate physical or recovery terminology	none	omnigraph-vocabulary-guard::user_docs_inventory_matches	Here 'rows' describes Lance/Arrow/manifest/recovery state or a persisted historical name, not a graph type, entity, or property.
2	user_docs:docs%2Fuser%2Fconcepts%2Fstorage.md:Storage%20%2F%20On-disk%20layout:list_item:5626019886ca62bf374a9da4a2dce8fcd9657e66d7ed2b70f17722e556410bfc:rows:1:1	user_docs	docs/user/concepts/storage.md	Storage / On-disk layout :: list_item :: 5626019886ca62bf374a9da4a2dce8fcd9657e66d7ed2b70f17722e556410bfc #1	list_item	rows	retain	physical_storage	retain accurate physical or recovery terminology	none	omnigraph-vocabulary-guard::user_docs_inventory_matches	Here 'rows' describes Lance/Arrow/manifest/recovery state or a persisted historical name, not a graph type, entity, or property.
2	user_docs:docs%2Fuser%2Fconcepts%2Fstorage.md:Storage%20%2F%20On-disk%20layout:list_item:5ea9b5b43ee6bff5be969575a60e8d3dbc90b841ed583a56ff6ba876732b188c:table:1:1	user_docs	docs/user/concepts/storage.md	Storage / On-disk layout :: list_item :: 5ea9b5b43ee6bff5be969575a60e8d3dbc90b841ed583a56ff6ba876732b188c #1	list_item	table	retain	physical_storage	retain accurate physical or recovery terminology	none	omnigraph-vocabulary-guard::user_docs_inventory_matches	Here 'table' describes Lance/Arrow/manifest/recovery state or a persisted historical name, not a graph type, entity, or property.
2	user_docs:docs%2Fuser%2Fconcepts%2Fstorage.md:Storage%20%2F%20On-disk%20layout:list_item:915692d50a4b60d07a61b6caed9df26eede9ec61668a68ac83817e2f87598b29:row:1:1	user_docs	docs/user/concepts/storage.md	Storage / On-disk layout :: list_item :: 915692d50a4b60d07a61b6caed9df26eede9ec61668a68ac83817e2f87598b29 #1	list_item	row	retain	physical_storage	retain accurate physical or recovery terminology	none	omnigraph-vocabulary-guard::user_docs_inventory_matches	Here 'row' describes Lance/Arrow/manifest/recovery state or a persisted historical name, not a graph type, entity, or property.
2	user_docs:docs%2Fuser%2Fconcepts%2Fstorage.md:Storage%20%2F%20On-disk%20layout:list_item:e639b8e7ad4e5ec5fe7345f3c47cc626d2ca81ec41d2392996062c24c504280e:manifest%20version:1:1	user_docs	docs/user/concepts/storage.md	Storage / On-disk layout :: list_item :: e639b8e7ad4e5ec5fe7345f3c47cc626d2ca81ec41d2392996062c24c504280e #1	list_item	manifest version	retain	physical_storage	retain accurate physical or recovery terminology	none	omnigraph-vocabulary-guard::user_docs_inventory_matches	Here 'manifest version' describes Lance/Arrow/manifest/recovery state or a persisted historical name, not a graph type, entity, or property.
2	user_docs:docs%2Fuser%2Findex.md:User%20Docs%20%2F%20Boundary:paragraph:8948da53db2b5517b5315ae45229d59c8da96ece30e46355348249801faffed4:sidecars:1:1	user_docs	docs/user/index.md	User Docs / Boundary :: paragraph :: 8948da53db2b5517b5315ae45229d59c8da96ece30e46355348249801faffed4 #1	paragraph	sidecars	retain	physical_storage	retain accurate physical or recovery terminology	none	omnigraph-vocabulary-guard::user_docs_inventory_matches	Here 'sidecars' describes Lance/Arrow/manifest/recovery state or a persisted historical name, not a graph type, entity, or property.
2	user_docs:docs%2Fuser%2Fmutations%2Findex.md:Mutations%20%2F%20Conditional%20writes%20%28Omnigraph-If-Graph-Commit%20%2F%20--if-commit%29:list_item:eaa1f39424e85d2276717fc9997573edae71f4e32f26faaa0512d4cb976dd12c:rows:1:1	user_docs	docs/user/mutations/index.md	Mutations / Conditional writes (Omnigraph-If-Graph-Commit / --if-commit) :: list_item :: eaa1f39424e85d2276717fc9997573edae71f4e32f26faaa0512d4cb976dd12c #1	list_item	rows	retain	result_projection	retain intentional query, export, or serialized-result vocabulary	none	omnigraph-vocabulary-guard::user_docs_inventory_matches	Here 'rows' describes a query/export/serialized result row or column; tabular result vocabulary is intentional.
2	user_docs:docs%2Fuser%2Fmutations%2Findex.md:Mutations%20%2F%20Conditional%20writes%20%28Omnigraph-If-Graph-Commit%20%2F%20--if-commit%29:list_item:eaa1f39424e85d2276717fc9997573edae71f4e32f26faaa0512d4cb976dd12c:rows:1:2	user_docs	docs/user/mutations/index.md	Mutations / Conditional writes (Omnigraph-If-Graph-Commit / --if-commit) :: list_item :: eaa1f39424e85d2276717fc9997573edae71f4e32f26faaa0512d4cb976dd12c #1	list_item	rows	retain	result_projection	retain intentional query, export, or serialized-result vocabulary	none	omnigraph-vocabulary-guard::user_docs_inventory_matches	Here 'rows' describes a query/export/serialized result row or column; tabular result vocabulary is intentional.
2	user_docs:docs%2Fuser%2Fmutations%2Findex.md:Mutations%20%2F%20Conditional%20writes%20%28Omnigraph-If-Graph-Commit%20%2F%20--if-commit%29:list_item:eaa1f39424e85d2276717fc9997573edae71f4e32f26faaa0512d4cb976dd12c:table:1:1	user_docs	docs/user/mutations/index.md	Mutations / Conditional writes (Omnigraph-If-Graph-Commit / --if-commit) :: list_item :: eaa1f39424e85d2276717fc9997573edae71f4e32f26faaa0512d4cb976dd12c #1	list_item	table	retain	renderer	retain renderer name and configuration vocabulary	none	omnigraph-vocabulary-guard::user_docs_inventory_matches	Here 'table' names the table renderer, an output format, or its renderer configuration rather than graph semantics.
2	user_docs:docs%2Fuser%2Fmutations%2Findex.md:Mutations%20%2F%20Conditional%20writes%20%28Omnigraph-If-Graph-Commit%20%2F%20--if-commit%29:paragraph:b01b8b389f28e6792a276fcddc283595d25850ae21fe4e7fff347d848695e315:rows:1:1	user_docs	docs/user/mutations/index.md	Mutations / Conditional writes (Omnigraph-If-Graph-Commit / --if-commit) :: paragraph :: b01b8b389f28e6792a276fcddc283595d25850ae21fe4e7fff347d848695e315 #1	paragraph	rows	retain	result_projection	retain intentional query, export, or serialized-result vocabulary	none	omnigraph-vocabulary-guard::user_docs_inventory_matches	Here 'rows' describes a query/export/serialized result row or column; tabular result vocabulary is intentional.
2	user_docs:docs%2Fuser%2Foperations%2Ferrors.md:Errors%20and%20Result%20Serialization%20%2F%20Error%20taxonomy%20%28omnigraph%3A%3Aerror%3A%3AOmniError%29:inline_code:424c7f42a924ab73101b21f0aafeb661bcdad7e654cef8d29cb2c718aecc1b6e:Row:1:1	user_docs	docs/user/operations/errors.md	Errors and Result Serialization / Error taxonomy (omnigraph::error::OmniError) :: inline_code :: 424c7f42a924ab73101b21f0aafeb661bcdad7e654cef8d29cb2c718aecc1b6e #1	inline_code	Row	retain	quoted_compatibility	retain only in explicit compatibility or exact-name context	none	omnigraph-vocabulary-guard::user_docs_inventory_matches	This is an exact retained field, flag, identifier, resource/error spelling, or legacy deep-link name documented so existing consumers can recognize it.
2	user_docs:docs%2Fuser%2Foperations%2Ferrors.md:Errors%20and%20Result%20Serialization%20%2F%20Error%20taxonomy%20%28omnigraph%3A%3Aerror%3A%3AOmniError%29:list_item:6da1619c4dddbed99bf5daf29ae31ddbda91dab89cb818a84ef210431532648a:row:1:1	user_docs	docs/user/operations/errors.md	Errors and Result Serialization / Error taxonomy (omnigraph::error::OmniError) :: list_item :: 6da1619c4dddbed99bf5daf29ae31ddbda91dab89cb818a84ef210431532648a #1	list_item	row	retain	physical_storage	retain accurate physical or recovery terminology	none	omnigraph-vocabulary-guard::user_docs_inventory_matches	Here 'row' describes Lance/Arrow/manifest/recovery state or a persisted historical name, not a graph type, entity, or property.
2	user_docs:docs%2Fuser%2Foperations%2Ferrors.md:Errors%20and%20Result%20Serialization%20%2F%20Error%20taxonomy%20%28omnigraph%3A%3Aerror%3A%3AOmniError%29:list_item:7d52cd4c161faab28125a4a5e8d360ab4952db8f5f3be3686ce476630cc4d9f1:sidecar:1:1	user_docs	docs/user/operations/errors.md	Errors and Result Serialization / Error taxonomy (omnigraph::error::OmniError) :: list_item :: 7d52cd4c161faab28125a4a5e8d360ab4952db8f5f3be3686ce476630cc4d9f1 #1	list_item	sidecar	retain	physical_storage	retain accurate physical or recovery terminology	none	omnigraph-vocabulary-guard::user_docs_inventory_matches	Here 'sidecar' describes Lance/Arrow/manifest/recovery state or a persisted historical name, not a graph type, entity, or property.
2	user_docs:docs%2Fuser%2Foperations%2Ferrors.md:Errors%20and%20Result%20Serialization%20%2F%20Error%20taxonomy%20%28omnigraph%3A%3Aerror%3A%3AOmniError%29:paragraph:16e05cc2758c184103a86d92f42d733eb7fccd8c7b54405968462fdd3786b309:sidecar:1:1	user_docs	docs/user/operations/errors.md	Errors and Result Serialization / Error taxonomy (omnigraph::error::OmniError) :: paragraph :: 16e05cc2758c184103a86d92f42d733eb7fccd8c7b54405968462fdd3786b309 #1	paragraph	sidecar	retain	physical_storage	retain accurate physical or recovery terminology	none	omnigraph-vocabulary-guard::user_docs_inventory_matches	Here 'sidecar' describes Lance/Arrow/manifest/recovery state or a persisted historical name, not a graph type, entity, or property.
2	user_docs:docs%2Fuser%2Foperations%2Ferrors.md:Errors%20and%20Result%20Serialization%20%2F%20Error%20taxonomy%20%28omnigraph%3A%3Aerror%3A%3AOmniError%29:paragraph:16e05cc2758c184103a86d92f42d733eb7fccd8c7b54405968462fdd3786b309:sidecar:1:2	user_docs	docs/user/operations/errors.md	Errors and Result Serialization / Error taxonomy (omnigraph::error::OmniError) :: paragraph :: 16e05cc2758c184103a86d92f42d733eb7fccd8c7b54405968462fdd3786b309 #1	paragraph	sidecar	retain	physical_storage	retain accurate physical or recovery terminology	none	omnigraph-vocabulary-guard::user_docs_inventory_matches	Here 'sidecar' describes Lance/Arrow/manifest/recovery state or a persisted historical name, not a graph type, entity, or property.
2	user_docs:docs%2Fuser%2Foperations%2Fmaintenance.md:Maintenance%3A%20Optimize%2C%20Repair%20%26%20Cleanup%20%2F%20cleanup%20%E2%80%94%20destructive:list_item:1c9a159e3772077942a0ef510ce7e30d74317732c4a32615baf3bf269accb0af:sidecar:1:1	user_docs	docs/user/operations/maintenance.md	Maintenance: Optimize, Repair & Cleanup / cleanup — destructive :: list_item :: 1c9a159e3772077942a0ef510ce7e30d74317732c4a32615baf3bf269accb0af #1	list_item	sidecar	retain	physical_storage	reviewed_semantic_reclassification	presentation	omnigraph-vocabulary-guard::user_docs_inventory_matches	Here 'sidecar' describes Lance/Arrow/manifest/recovery state or a persisted historical name, not a graph type, entity, or property.
2	user_docs:docs%2Fuser%2Foperations%2Fmaintenance.md:Maintenance%3A%20Optimize%2C%20Repair%20%26%20Cleanup%20%2F%20cleanup%20%E2%80%94%20destructive:list_item:42fecdd7dbec44021cffec30e6b0b31d0122c880b17b17d742f8863931cf0731:row:1:1	user_docs	docs/user/operations/maintenance.md	Maintenance: Optimize, Repair & Cleanup / cleanup — destructive :: list_item :: 42fecdd7dbec44021cffec30e6b0b31d0122c880b17b17d742f8863931cf0731 #1	list_item	row	retain	result_projection	retain intentional query, export, or serialized-result vocabulary	none	omnigraph-vocabulary-guard::user_docs_inventory_matches	Here 'row' describes a query/export/serialized result row or column; tabular result vocabulary is intentional.
2	user_docs:docs%2Fuser%2Foperations%2Fmaintenance.md:Maintenance%3A%20Optimize%2C%20Repair%20%26%20Cleanup%20%2F%20cleanup%20%E2%80%94%20destructive:list_item:c82098dac7d2be67878162ff67e3263217658a20d3a1c5396dcac7d2ce0f359e:manifest%20branch:1:1	user_docs	docs/user/operations/maintenance.md	Maintenance: Optimize, Repair & Cleanup / cleanup — destructive :: list_item :: c82098dac7d2be67878162ff67e3263217658a20d3a1c5396dcac7d2ce0f359e #1	list_item	manifest branch	retain	physical_storage	retain accurate physical or recovery terminology	none	omnigraph-vocabulary-guard::user_docs_inventory_matches	Here 'manifest branch' describes Lance/Arrow/manifest/recovery state or a persisted historical name, not a graph type, entity, or property.
2	user_docs:docs%2Fuser%2Foperations%2Fmaintenance.md:Maintenance%3A%20Optimize%2C%20Repair%20%26%20Cleanup%20%2F%20optimize%20%E2%80%94%20non-destructive:list_item:2625b56dc4a3f47e3fcde1c33d09af4eb9d19aee9fa828249134056307da654e:manifest%20version:1:1	user_docs	docs/user/operations/maintenance.md	Maintenance: Optimize, Repair & Cleanup / optimize — non-destructive :: list_item :: 2625b56dc4a3f47e3fcde1c33d09af4eb9d19aee9fa828249134056307da654e #1	list_item	manifest version	retain	physical_storage	retain accurate physical or recovery terminology	none	omnigraph-vocabulary-guard::user_docs_inventory_matches	Here 'manifest version' describes Lance/Arrow/manifest/recovery state or a persisted historical name, not a graph type, entity, or property.
2	user_docs:docs%2Fuser%2Foperations%2Fmaintenance.md:Maintenance%3A%20Optimize%2C%20Repair%20%26%20Cleanup%20%2F%20optimize%20%E2%80%94%20non-destructive:list_item:b1256c79996e8368ca10a1d0d415a547ab02f2c590a08ef55ea102cdecb60f37:Rows:1:1	user_docs	docs/user/operations/maintenance.md	Maintenance: Optimize, Repair & Cleanup / optimize — non-destructive :: list_item :: b1256c79996e8368ca10a1d0d415a547ab02f2c590a08ef55ea102cdecb60f37 #1	list_item	Rows	retain	physical_storage	retain accurate physical or recovery terminology	none	omnigraph-vocabulary-guard::user_docs_inventory_matches	Here 'Rows' describes Lance/Arrow/manifest/recovery state or a persisted historical name, not a graph type, entity, or property.
2	user_docs:docs%2Fuser%2Foperations%2Fmaintenance.md:Maintenance%3A%20Optimize%2C%20Repair%20%26%20Cleanup%20%2F%20optimize%20%E2%80%94%20non-destructive:list_item:b1256c79996e8368ca10a1d0d415a547ab02f2c590a08ef55ea102cdecb60f37:rows:1:1	user_docs	docs/user/operations/maintenance.md	Maintenance: Optimize, Repair & Cleanup / optimize — non-destructive :: list_item :: b1256c79996e8368ca10a1d0d415a547ab02f2c590a08ef55ea102cdecb60f37 #1	list_item	rows	retain	physical_storage	retain accurate physical or recovery terminology	none	omnigraph-vocabulary-guard::user_docs_inventory_matches	Here 'rows' describes Lance/Arrow/manifest/recovery state or a persisted historical name, not a graph type, entity, or property.
2	user_docs:docs%2Fuser%2Foperations%2Fmaintenance.md:Maintenance%3A%20Optimize%2C%20Repair%20%26%20Cleanup%20%2F%20optimize%20%E2%80%94%20non-destructive:list_item:df8b6f73ff95b71c107fb73bd4bbbc7989b1844d4d6eef45618c273be5831b0e:rows:1:1	user_docs	docs/user/operations/maintenance.md	Maintenance: Optimize, Repair & Cleanup / optimize — non-destructive :: list_item :: df8b6f73ff95b71c107fb73bd4bbbc7989b1844d4d6eef45618c273be5831b0e #1	list_item	rows	retain	physical_storage	retain accurate physical or recovery terminology	none	omnigraph-vocabulary-guard::user_docs_inventory_matches	Here 'rows' describes Lance/Arrow/manifest/recovery state or a persisted historical name, not a graph type, entity, or property.
2	user_docs:docs%2Fuser%2Foperations%2Fmaintenance.md:Maintenance%3A%20Optimize%2C%20Repair%20%26%20Cleanup%20%2F%20optimize%20%E2%80%94%20non-destructive:list_item:df8b6f73ff95b71c107fb73bd4bbbc7989b1844d4d6eef45618c273be5831b0e:rows:1:2	user_docs	docs/user/operations/maintenance.md	Maintenance: Optimize, Repair & Cleanup / optimize — non-destructive :: list_item :: df8b6f73ff95b71c107fb73bd4bbbc7989b1844d4d6eef45618c273be5831b0e #1	list_item	rows	retain	physical_storage	retain accurate physical or recovery terminology	none	omnigraph-vocabulary-guard::user_docs_inventory_matches	Here 'rows' describes Lance/Arrow/manifest/recovery state or a persisted historical name, not a graph type, entity, or property.
2	user_docs:docs%2Fuser%2Foperations%2Fmaintenance.md:Maintenance%3A%20Optimize%2C%20Repair%20%26%20Cleanup%20%2F%20optimize%20%E2%80%94%20non-destructive:list_item:df8b6f73ff95b71c107fb73bd4bbbc7989b1844d4d6eef45618c273be5831b0e:sidecar:1:1	user_docs	docs/user/operations/maintenance.md	Maintenance: Optimize, Repair & Cleanup / optimize — non-destructive :: list_item :: df8b6f73ff95b71c107fb73bd4bbbc7989b1844d4d6eef45618c273be5831b0e #1	list_item	sidecar	retain	physical_storage	retain accurate physical or recovery terminology	none	omnigraph-vocabulary-guard::user_docs_inventory_matches	Here 'sidecar' describes Lance/Arrow/manifest/recovery state or a persisted historical name, not a graph type, entity, or property.
2	user_docs:docs%2Fuser%2Foperations%2Fmaintenance.md:Maintenance%3A%20Optimize%2C%20Repair%20%26%20Cleanup%20%2F%20optimize%20%E2%80%94%20non-destructive:list_item:df8b6f73ff95b71c107fb73bd4bbbc7989b1844d4d6eef45618c273be5831b0e:sidecar:1:2	user_docs	docs/user/operations/maintenance.md	Maintenance: Optimize, Repair & Cleanup / optimize — non-destructive :: list_item :: df8b6f73ff95b71c107fb73bd4bbbc7989b1844d4d6eef45618c273be5831b0e #1	list_item	sidecar	retain	physical_storage	retain accurate physical or recovery terminology	none	omnigraph-vocabulary-guard::user_docs_inventory_matches	Here 'sidecar' describes Lance/Arrow/manifest/recovery state or a persisted historical name, not a graph type, entity, or property.
2	user_docs:docs%2Fuser%2Foperations%2Fserver.md:HTTP%20Server%20%28omnigraph-server%29%20%2F%20Blob%20delivery:paragraph:61bce7f919a3e9753bea70b794f44b6eadc05392cca469946bf4ce4893da8e2e:row:1:1	user_docs	docs/user/operations/server.md	HTTP Server (omnigraph-server) / Blob delivery :: paragraph :: 61bce7f919a3e9753bea70b794f44b6eadc05392cca469946bf4ce4893da8e2e #1	paragraph	row	retain	physical_storage	retain accurate physical or recovery terminology	none	omnigraph-vocabulary-guard::user_docs_inventory_matches	Here 'row' describes Lance/Arrow/manifest/recovery state or a persisted historical name, not a graph type, entity, or property.
2	user_docs:docs%2Fuser%2Foperations%2Fserver.md:HTTP%20Server%20%28omnigraph-server%29%20%2F%20Boot%20%2F%20Cluster%20boot%20%28the%20only%20boot%29:paragraph:a1f5abc43fb9e123d4351b0c71e8afa2408ee51a771d3305c148e8ee1cf330bf:sidecars:1:1	user_docs	docs/user/operations/server.md	HTTP Server (omnigraph-server) / Boot / Cluster boot (the only boot) :: paragraph :: a1f5abc43fb9e123d4351b0c71e8afa2408ee51a771d3305c148e8ee1cf330bf #1	paragraph	sidecars	retain	physical_storage	retain accurate physical or recovery terminology	none	omnigraph-vocabulary-guard::user_docs_inventory_matches	Here 'sidecars' describes Lance/Arrow/manifest/recovery state or a persisted historical name, not a graph type, entity, or property.
2	user_docs:docs%2Fuser%2Foperations%2Fserver.md:HTTP%20Server%20%28omnigraph-server%29%20%2F%20Boot%20%2F%20Cluster%20boot%20%28the%20only%20boot%29:paragraph:a1f5abc43fb9e123d4351b0c71e8afa2408ee51a771d3305c148e8ee1cf330bf:sidecars:1:2	user_docs	docs/user/operations/server.md	HTTP Server (omnigraph-server) / Boot / Cluster boot (the only boot) :: paragraph :: a1f5abc43fb9e123d4351b0c71e8afa2408ee51a771d3305c148e8ee1cf330bf #1	paragraph	sidecars	retain	physical_storage	retain accurate physical or recovery terminology	none	omnigraph-vocabulary-guard::user_docs_inventory_matches	Here 'sidecars' describes Lance/Arrow/manifest/recovery state or a persisted historical name, not a graph type, entity, or property.
2	user_docs:docs%2Fuser%2Foperations%2Fserver.md:HTTP%20Server%20%28omnigraph-server%29%20%2F%20Deprecated%20names%20%28%2Fread%2C%20%2Fchange%29:paragraph:bdb523059f82fe62467c2ca8dfe9b26c38b96e5df86cc4513462e4017dcf5359:row:1:1	user_docs	docs/user/operations/server.md	HTTP Server (omnigraph-server) / Deprecated names (/read, /change) :: paragraph :: bdb523059f82fe62467c2ca8dfe9b26c38b96e5df86cc4513462e4017dcf5359 #1	paragraph	row	retain	result_projection	retain intentional query, export, or serialized-result vocabulary	none	omnigraph-vocabulary-guard::user_docs_inventory_matches	Here 'row' describes a query/export/serialized result row or column; tabular result vocabulary is intentional.
2	user_docs:docs%2Fuser%2Foperations%2Fserver.md:HTTP%20Server%20%28omnigraph-server%29%20%2F%20Endpoint%20inventory:block_quote:8ba1648bf7c55fd1f9a5790e439741ceeaafbe1015f6e81318312339f81d7acf:table:1:1	user_docs	docs/user/operations/server.md	HTTP Server (omnigraph-server) / Endpoint inventory :: block_quote :: 8ba1648bf7c55fd1f9a5790e439741ceeaafbe1015f6e81318312339f81d7acf #1	block_quote	table	retain	tabular_presentation	retain ordinary displayed-table or TSV wording	none	omnigraph-vocabulary-guard::user_docs_inventory_matches	Here 'table' describes ordinary tabular presentation or layout, not a graph type or backing dataset.
2	user_docs:docs%2Fuser%2Foperations%2Fserver.md:HTTP%20Server%20%28omnigraph-server%29%20%2F%20Export%20streaming:paragraph:e9d3f97d6f56bcc0e950aafdaf7d6e1423e0ee04b88c35bb16845573e199275d:row:1:1	user_docs	docs/user/operations/server.md	HTTP Server (omnigraph-server) / Export streaming :: paragraph :: e9d3f97d6f56bcc0e950aafdaf7d6e1423e0ee04b88c35bb16845573e199275d #1	paragraph	row	retain	physical_storage	retain accurate physical or recovery terminology	none	omnigraph-vocabulary-guard::user_docs_inventory_matches	Here 'row' describes Lance/Arrow/manifest/recovery state or a persisted historical name, not a graph type, entity, or property.
2	user_docs:docs%2Fuser%2Foperations%2Fserver.md:HTTP%20Server%20%28omnigraph-server%29%20%2F%20Inline%20read%20queries%20%28POST%20%2Fquery%29:paragraph:3b2c852041dbbadefd5d06e49abc0887622e651488a8b26a4da15a4ac8cc547b:rows:1:1	user_docs	docs/user/operations/server.md	HTTP Server (omnigraph-server) / Inline read queries (POST /query) :: paragraph :: 3b2c852041dbbadefd5d06e49abc0887622e651488a8b26a4da15a4ac8cc547b #1	paragraph	rows	retain	result_projection	retain intentional query, export, or serialized-result vocabulary	none	omnigraph-vocabulary-guard::user_docs_inventory_matches	Here 'rows' describes a query/export/serialized result row or column; tabular result vocabulary is intentional.
2	user_docs:docs%2Fuser%2Foperations%2Fupgrade.md:Upgrading%20across%20a%20storage-format%20change%20%28export%20%2F%20import%29%20%2F%20Migrating%20to%20internal%20schema%20v6%20%2F%20Repairing%20duplicate%20IDs%20found%20during%20the%20v6%20rebuild%20%2F%202.%20Detect%20every%20duplicate%20entity%20key:fenced_code:0b1af90dc80a97ba8fcc09a7b59660b9d002a3f8f40ea646cc157e77a36bb604:row:1:1	user_docs	docs/user/operations/upgrade.md	Upgrading across a storage-format change (export / import) / Migrating to internal schema v6 / Repairing duplicate IDs found during the v6 rebuild / 2. Detect every duplicate entity key :: fenced_code :: 0b1af90dc80a97ba8fcc09a7b59660b9d002a3f8f40ea646cc157e77a36bb604 #1	fenced_code	row	retain	result_projection	retain intentional query, export, or serialized-result vocabulary	none	omnigraph-vocabulary-guard::user_docs_inventory_matches	Here 'row' describes a query/export/serialized result row or column; tabular result vocabulary is intentional.
2	user_docs:docs%2Fuser%2Foperations%2Fupgrade.md:Upgrading%20across%20a%20storage-format%20change%20%28export%20%2F%20import%29%20%2F%20Migrating%20to%20internal%20schema%20v6%20%2F%20Repairing%20duplicate%20IDs%20found%20during%20the%20v6%20rebuild%20%2F%206.%20Rebuild%20and%20cut%20over%20a%20cluster%20as%20one%20unit:paragraph:9401c9b3a21c8b2a9151714aa510316c379cf930dc1749898717685f37bfcf6b:row:1:1	user_docs	docs/user/operations/upgrade.md	Upgrading across a storage-format change (export / import) / Migrating to internal schema v6 / Repairing duplicate IDs found during the v6 rebuild / 6. Rebuild and cut over a cluster as one unit :: paragraph :: 9401c9b3a21c8b2a9151714aa510316c379cf930dc1749898717685f37bfcf6b #1	paragraph	row	retain	tabular_presentation	reviewed_semantic_reclassification	presentation	omnigraph-vocabulary-guard::user_docs_inventory_matches	Here 'row' describes ordinary tabular presentation or layout, not a graph type or backing dataset.
2	user_docs:docs%2Fuser%2Foperations%2Fupgrade.md:Upgrading%20across%20a%20storage-format%20change%20%28export%20%2F%20import%29%20%2F%20Migrating%20to%20v0.8.0%20%2F%20What%20changed%20on%20disk%20%28internal%20schema%20v4%29:inline_code:5cfc3b8a93b09b5c7fd53f7c22978a37d8ac2a4dab3064c5284e939db19978dc:table:1:1	user_docs	docs/user/operations/upgrade.md	Upgrading across a storage-format change (export / import) / Migrating to v0.8.0 / What changed on disk (internal schema v4) :: inline_code :: 5cfc3b8a93b09b5c7fd53f7c22978a37d8ac2a4dab3064c5284e939db19978dc #1	inline_code	table	retain	physical_storage	retain accurate physical or recovery terminology	none	omnigraph-vocabulary-guard::user_docs_inventory_matches	Here 'table' describes Lance/Arrow/manifest/recovery state or a persisted historical name, not a graph type, entity, or property.
2	user_docs:docs%2Fuser%2Foperations%2Fupgrade.md:Upgrading%20across%20a%20storage-format%20change%20%28export%20%2F%20import%29%20%2F%20Migrating%20to%20v0.8.0%20%2F%20What%20changed%20on%20disk%20%28internal%20schema%20v4%29:list_item:8a8e530d4e74ce7eca64002d1e41863fee2a8c98689ed5320582ffcaac214923:rows:1:1	user_docs	docs/user/operations/upgrade.md	Upgrading across a storage-format change (export / import) / Migrating to v0.8.0 / What changed on disk (internal schema v4) :: list_item :: 8a8e530d4e74ce7eca64002d1e41863fee2a8c98689ed5320582ffcaac214923 #1	list_item	rows	retain	physical_storage	retain accurate physical or recovery terminology	none	omnigraph-vocabulary-guard::user_docs_inventory_matches	Here 'rows' describes Lance/Arrow/manifest/recovery state or a persisted historical name, not a graph type, entity, or property.
2	user_docs:docs%2Fuser%2Foperations%2Fupgrade.md:Upgrading%20across%20a%20storage-format%20change%20%28export%20%2F%20import%29%20%2F%20Migrating%20to%20v0.8.0%20%2F%20What%20changed%20on%20disk%20%28internal%20schema%20v4%29:list_item:8a8e530d4e74ce7eca64002d1e41863fee2a8c98689ed5320582ffcaac214923:rows:1:2	user_docs	docs/user/operations/upgrade.md	Upgrading across a storage-format change (export / import) / Migrating to v0.8.0 / What changed on disk (internal schema v4) :: list_item :: 8a8e530d4e74ce7eca64002d1e41863fee2a8c98689ed5320582ffcaac214923 #1	list_item	rows	retain	physical_storage	retain accurate physical or recovery terminology	none	omnigraph-vocabulary-guard::user_docs_inventory_matches	Here 'rows' describes Lance/Arrow/manifest/recovery state or a persisted historical name, not a graph type, entity, or property.
2	user_docs:docs%2Fuser%2Foperations%2Fupgrade.md:Upgrading%20across%20a%20storage-format%20change%20%28export%20%2F%20import%29%20%2F%20Migrating%20to%20v0.8.0%20%2F%20What%20changed%20on%20disk%20%28internal%20schema%20v4%29:paragraph:5c9fbf5b733a43658341c6bce006f55ae7225b0d7997a92ffac15c381a613c96:row:1:1	user_docs	docs/user/operations/upgrade.md	Upgrading across a storage-format change (export / import) / Migrating to v0.8.0 / What changed on disk (internal schema v4) :: paragraph :: 5c9fbf5b733a43658341c6bce006f55ae7225b0d7997a92ffac15c381a613c96 #1	paragraph	row	retain	physical_storage	retain accurate physical or recovery terminology	none	omnigraph-vocabulary-guard::user_docs_inventory_matches	Here 'row' describes Lance/Arrow/manifest/recovery state or a persisted historical name, not a graph type, entity, or property.
2	user_docs:docs%2Fuser%2Foperations%2Fupgrade.md:Upgrading%20across%20a%20storage-format%20change%20%28export%20%2F%20import%29%20%2F%20Migrating%20to%20v0.8.0%20%2F%20What%20changed%20on%20disk%20%28internal%20schema%20v4%29:paragraph:5c9fbf5b733a43658341c6bce006f55ae7225b0d7997a92ffac15c381a613c96:row:1:2	user_docs	docs/user/operations/upgrade.md	Upgrading across a storage-format change (export / import) / Migrating to v0.8.0 / What changed on disk (internal schema v4) :: paragraph :: 5c9fbf5b733a43658341c6bce006f55ae7225b0d7997a92ffac15c381a613c96 #1	paragraph	row	retain	physical_storage	retain accurate physical or recovery terminology	none	omnigraph-vocabulary-guard::user_docs_inventory_matches	Here 'row' describes Lance/Arrow/manifest/recovery state or a persisted historical name, not a graph type, entity, or property.
2	user_docs:docs%2Fuser%2Foperations%2Fupgrade.md:Upgrading%20across%20a%20storage-format%20change%20%28export%20%2F%20import%29%20%2F%20Migrating%20to%20v0.8.0%20%2F%20What%20changed%20on%20disk%20%28internal%20schema%20v4%29:paragraph:5c9fbf5b733a43658341c6bce006f55ae7225b0d7997a92ffac15c381a613c96:rows:1:1	user_docs	docs/user/operations/upgrade.md	Upgrading across a storage-format change (export / import) / Migrating to v0.8.0 / What changed on disk (internal schema v4) :: paragraph :: 5c9fbf5b733a43658341c6bce006f55ae7225b0d7997a92ffac15c381a613c96 #1	paragraph	rows	retain	physical_storage	retain accurate physical or recovery terminology	none	omnigraph-vocabulary-guard::user_docs_inventory_matches	Here 'rows' describes Lance/Arrow/manifest/recovery state or a persisted historical name, not a graph type, entity, or property.
2	user_docs:docs%2Fuser%2Foperations%2Fupgrade.md:Upgrading%20across%20a%20storage-format%20change%20%28export%20%2F%20import%29%20%2F%20Unreleased%20internal%20schema%20v5:inline_code:97c184cb2efe66a465ed9a55c41b77a6179be7a69f510cfb309687d78e5cff58:table:1:1	user_docs	docs/user/operations/upgrade.md	Upgrading across a storage-format change (export / import) / Unreleased internal schema v5 :: inline_code :: 97c184cb2efe66a465ed9a55c41b77a6179be7a69f510cfb309687d78e5cff58 #1	inline_code	table	retain	physical_storage	retain accurate physical or recovery terminology	none	omnigraph-vocabulary-guard::user_docs_inventory_matches	Here 'table' describes Lance/Arrow/manifest/recovery state or a persisted historical name, not a graph type, entity, or property.
2	user_docs:docs%2Fuser%2Foperations%2Fupgrade.md:Upgrading%20across%20a%20storage-format%20change%20%28export%20%2F%20import%29%20%2F%20Unreleased%20internal%20schema%20v5:inline_code:be3aaa86c6395bccb16c85360062815c7cf2f1e3e6b35585ce6379fef179a124:table:1:1	user_docs	docs/user/operations/upgrade.md	Upgrading across a storage-format change (export / import) / Unreleased internal schema v5 :: inline_code :: be3aaa86c6395bccb16c85360062815c7cf2f1e3e6b35585ce6379fef179a124 #1	inline_code	table	retain	physical_storage	retain accurate physical or recovery terminology	none	omnigraph-vocabulary-guard::user_docs_inventory_matches	Here 'table' describes Lance/Arrow/manifest/recovery state or a persisted historical name, not a graph type, entity, or property.
2	user_docs:docs%2Fuser%2Foperations%2Fupgrade.md:Upgrading%20across%20a%20storage-format%20change%20%28export%20%2F%20import%29%20%2F%20Unreleased%20internal%20schema%20v5:inline_code:f773afe6e7c26f81bf6a63e3ef5a25a646bdc1bf58d55e6ad027f32183afc6a4:table:1:1	user_docs	docs/user/operations/upgrade.md	Upgrading across a storage-format change (export / import) / Unreleased internal schema v5 :: inline_code :: f773afe6e7c26f81bf6a63e3ef5a25a646bdc1bf58d55e6ad027f32183afc6a4 #1	inline_code	table	retain	quoted_compatibility	retain only in explicit compatibility or exact-name context	none	omnigraph-vocabulary-guard::user_docs_inventory_matches	This is an exact retained field, flag, identifier, resource/error spelling, or legacy deep-link name documented so existing consumers can recognize it.
2	user_docs:docs%2Fuser%2Foperations%2Fupgrade.md:Upgrading%20across%20a%20storage-format%20change%20%28export%20%2F%20import%29%20%2F%20Unreleased%20internal%20schema%20v5:paragraph:dcf70fb39a7b0145ce2f80cbe50bdba37187234ae2c9d0b5deebaaad389b9089:table:1:1	user_docs	docs/user/operations/upgrade.md	Upgrading across a storage-format change (export / import) / Unreleased internal schema v5 :: paragraph :: dcf70fb39a7b0145ce2f80cbe50bdba37187234ae2c9d0b5deebaaad389b9089 #1	paragraph	table	retain	physical_storage	retain accurate physical or recovery terminology	none	omnigraph-vocabulary-guard::user_docs_inventory_matches	Here 'table' describes Lance/Arrow/manifest/recovery state or a persisted historical name, not a graph type, entity, or property.
2	user_docs:docs%2Fuser%2Fqueries%2Findex.md:Query%20Language%20%28.gq%29%20%2F%20MATCH%20clauses:list_item:03e22ee4d4f3cad7e23bdf20a44bfcf476171fdc52d3c53eb602b3aa23f9b74a:row:1:1	user_docs	docs/user/queries/index.md	Query Language (.gq) / MATCH clauses :: list_item :: 03e22ee4d4f3cad7e23bdf20a44bfcf476171fdc52d3c53eb602b3aa23f9b74a #1	list_item	row	retain	result_projection	reviewed_semantic_reclassification	presentation	omnigraph-vocabulary-guard::user_docs_inventory_matches	Here 'row' describes a query/export/serialized result row or column; tabular result vocabulary is intentional.
2	user_docs:docs%2Fuser%2Fqueries%2Findex.md:Query%20Language%20%28.gq%29%20%2F%20ORDER%20%26%20LIMIT:list_item:7d4fed6c8c390bf57cc38571a983e0b74c1c93c201f510786b2574c68b57fbfe:Rows:1:1	user_docs	docs/user/queries/index.md	Query Language (.gq) / ORDER & LIMIT :: list_item :: 7d4fed6c8c390bf57cc38571a983e0b74c1c93c201f510786b2574c68b57fbfe #1	list_item	Rows	retain	result_projection	retain intentional query, export, or serialized-result vocabulary	none	omnigraph-vocabulary-guard::user_docs_inventory_matches	Here 'Rows' describes a query/export/serialized result row or column; tabular result vocabulary is intentional.
2	user_docs:docs%2Fuser%2Fqueries%2Findex.md:Query%20Language%20%28.gq%29%20%2F%20ORDER%20%26%20LIMIT:list_item:7d4fed6c8c390bf57cc38571a983e0b74c1c93c201f510786b2574c68b57fbfe:columns:1:1	user_docs	docs/user/queries/index.md	Query Language (.gq) / ORDER & LIMIT :: list_item :: 7d4fed6c8c390bf57cc38571a983e0b74c1c93c201f510786b2574c68b57fbfe #1	list_item	columns	retain	physical_storage	retain accurate physical or recovery terminology	none	omnigraph-vocabulary-guard::user_docs_inventory_matches	Here 'columns' describes Lance/Arrow/manifest/recovery state or a persisted historical name, not a graph type, entity, or property.
2	user_docs:docs%2Fuser%2Fqueries%2Findex.md:Query%20Language%20%28.gq%29%20%2F%20ORDER%20%26%20LIMIT:list_item:7d4fed6c8c390bf57cc38571a983e0b74c1c93c201f510786b2574c68b57fbfe:columns:1:2	user_docs	docs/user/queries/index.md	Query Language (.gq) / ORDER & LIMIT :: list_item :: 7d4fed6c8c390bf57cc38571a983e0b74c1c93c201f510786b2574c68b57fbfe #1	list_item	columns	retain	result_projection	retain intentional query, export, or serialized-result vocabulary	none	omnigraph-vocabulary-guard::user_docs_inventory_matches	Here 'columns' describes a query/export/serialized result row or column; tabular result vocabulary is intentional.
2	user_docs:docs%2Fuser%2Fqueries%2Findex.md:Query%20Language%20%28.gq%29%20%2F%20ORDER%20%26%20LIMIT:list_item:7d4fed6c8c390bf57cc38571a983e0b74c1c93c201f510786b2574c68b57fbfe:rows:1:1	user_docs	docs/user/queries/index.md	Query Language (.gq) / ORDER & LIMIT :: list_item :: 7d4fed6c8c390bf57cc38571a983e0b74c1c93c201f510786b2574c68b57fbfe #1	list_item	rows	retain	result_projection	retain intentional query, export, or serialized-result vocabulary	none	omnigraph-vocabulary-guard::user_docs_inventory_matches	Here 'rows' describes a query/export/serialized result row or column; tabular result vocabulary is intentional.
2	user_docs:docs%2Fuser%2Fqueries%2Findex.md:Query%20Language%20%28.gq%29%20%2F%20RETURN%20clause:list_item:91a110b7cf1d4d89503120269f72f6c1ae3bee694fd4dc86ec6db65aba78d89a:column:1:1	user_docs	docs/user/queries/index.md	Query Language (.gq) / RETURN clause :: list_item :: 91a110b7cf1d4d89503120269f72f6c1ae3bee694fd4dc86ec6db65aba78d89a #1	list_item	column	retain	result_projection	retain intentional query, export, or serialized-result vocabulary	none	omnigraph-vocabulary-guard::user_docs_inventory_matches	Here 'column' describes a query/export/serialized result row or column; tabular result vocabulary is intentional.
2	user_docs:docs%2Fuser%2Fqueries%2Findex.md:Query%20Language%20%28.gq%29%20%2F%20Traversal%20execution:paragraph:4b664417289fe8feeeb0d6e7616f0dbc6e60de21101108d596478b2acd94f360:columns:1:1	user_docs	docs/user/queries/index.md	Query Language (.gq) / Traversal execution :: paragraph :: 4b664417289fe8feeeb0d6e7616f0dbc6e60de21101108d596478b2acd94f360 #1	paragraph	columns	retain	result_projection	retain intentional query, export, or serialized-result vocabulary	none	omnigraph-vocabulary-guard::user_docs_inventory_matches	Here 'columns' describes a query/export/serialized result row or column; tabular result vocabulary is intentional.
2	user_docs:docs%2Fuser%2Fquickstart.md:Quickstart%20%2F%204.%20Query:fenced_code:e32e8c96914a340b8348667e26f6e7e07ef56f83deb98194e484728c75a4e493:table:1:1	user_docs	docs/user/quickstart.md	Quickstart / 4. Query :: fenced_code :: e32e8c96914a340b8348667e26f6e7e07ef56f83deb98194e484728c75a4e493 #1	fenced_code	table	retain	renderer	retain renderer name and configuration vocabulary	none	omnigraph-vocabulary-guard::user_docs_inventory_matches	Here 'table' names the table renderer, an output format, or its renderer configuration rather than graph semantics.
2	user_docs:docs%2Fuser%2Freference%2Fconstants.md:Constants%20%26%20Tunables%20%28cheat%20sheet%29:inline_code:dc9e0e0fbdb563a3dd206c6096a873a700df4ccb4f8157544348303ab03b4b83:ROWS:1:1	user_docs	docs/user/reference/constants.md	Constants & Tunables (cheat sheet) :: inline_code :: dc9e0e0fbdb563a3dd206c6096a873a700df4ccb4f8157544348303ab03b4b83 #1	inline_code	ROWS	retain	quoted_compatibility	retain only in explicit compatibility or exact-name context	none	omnigraph-vocabulary-guard::user_docs_inventory_matches	This is an exact retained field, flag, identifier, resource/error spelling, or legacy deep-link name documented so existing consumers can recognize it.
2	user_docs:docs%2Fuser%2Freference%2Fconstants.md:Constants%20%26%20Tunables%20%28cheat%20sheet%29:inline_code:e2553840fa2a4b7b8ca944a57058e11466bb78e6a33521f7b9b63da2aa4bb980:ROWS:1:1	user_docs	docs/user/reference/constants.md	Constants & Tunables (cheat sheet) :: inline_code :: e2553840fa2a4b7b8ca944a57058e11466bb78e6a33521f7b9b63da2aa4bb980 #1	inline_code	ROWS	retain	quoted_compatibility	retain only in explicit compatibility or exact-name context	none	omnigraph-vocabulary-guard::user_docs_inventory_matches	This is an exact retained field, flag, identifier, resource/error spelling, or legacy deep-link name documented so existing consumers can recognize it.
2	user_docs:docs%2Fuser%2Freference%2Fconstants.md:Constants%20%26%20Tunables%20%28cheat%20sheet%29:table_cell:2fc96ce9aec597517eff1348647903b4ad1163e5470568da121904fc811389bf:row:1:1	user_docs	docs/user/reference/constants.md	Constants & Tunables (cheat sheet) :: table_cell :: 2fc96ce9aec597517eff1348647903b4ad1163e5470568da121904fc811389bf #1	table_cell	row	retain	physical_storage	retain accurate physical or recovery terminology	none	omnigraph-vocabulary-guard::user_docs_inventory_matches	Here 'row' describes Lance/Arrow/manifest/recovery state or a persisted historical name, not a graph type, entity, or property.
2	user_docs:docs%2Fuser%2Freference%2Fconstants.md:Constants%20%26%20Tunables%20%28cheat%20sheet%29:table_cell:4da22d2b1abe4f367d69963c6f5cd120bcc5b2a299928536440d157dabe3952e:sidecar:1:1	user_docs	docs/user/reference/constants.md	Constants & Tunables (cheat sheet) :: table_cell :: 4da22d2b1abe4f367d69963c6f5cd120bcc5b2a299928536440d157dabe3952e #1	table_cell	sidecar	retain	physical_storage	reviewed_semantic_reclassification	presentation	omnigraph-vocabulary-guard::user_docs_inventory_matches	Here 'sidecar' describes Lance/Arrow/manifest/recovery state or a persisted historical name, not a graph type, entity, or property.
2	user_docs:docs%2Fuser%2Freference%2Fconstants.md:Constants%20%26%20Tunables%20%28cheat%20sheet%29:table_cell:65d355a96ea29f305bfea5755a6f7e76749c8db7740bff229b2a0529e5ea9fc6:rows:1:1	user_docs	docs/user/reference/constants.md	Constants & Tunables (cheat sheet) :: table_cell :: 65d355a96ea29f305bfea5755a6f7e76749c8db7740bff229b2a0529e5ea9fc6 #1	table_cell	rows	retain	physical_storage	retain accurate physical or recovery terminology	none	omnigraph-vocabulary-guard::user_docs_inventory_matches	Here 'rows' describes Lance/Arrow/manifest/recovery state or a persisted historical name, not a graph type, entity, or property.
2	user_docs:docs%2Fuser%2Freference%2Fconstants.md:Constants%20%26%20Tunables%20%28cheat%20sheet%29:table_cell:7439c6aaae0b47512f42ac7177ea901386c33634feeb82c8f5b419ad810d487b:row:1:1	user_docs	docs/user/reference/constants.md	Constants & Tunables (cheat sheet) :: table_cell :: 7439c6aaae0b47512f42ac7177ea901386c33634feeb82c8f5b419ad810d487b #1	table_cell	row	retain	physical_storage	retain accurate physical or recovery terminology	none	omnigraph-vocabulary-guard::user_docs_inventory_matches	Here 'row' describes Lance/Arrow/manifest/recovery state or a persisted historical name, not a graph type, entity, or property.
2	user_docs:docs%2Fuser%2Freference%2Fconstants.md:Constants%20%26%20Tunables%20%28cheat%20sheet%29:table_cell:b00c18f8749777d62b4be56de5bd5ff14694a8bffa63d0647d397d7f7dfef716:sidecar:1:1	user_docs	docs/user/reference/constants.md	Constants & Tunables (cheat sheet) :: table_cell :: b00c18f8749777d62b4be56de5bd5ff14694a8bffa63d0647d397d7f7dfef716 #1	table_cell	sidecar	retain	physical_storage	reviewed_semantic_reclassification	presentation	omnigraph-vocabulary-guard::user_docs_inventory_matches	Here 'sidecar' describes Lance/Arrow/manifest/recovery state or a persisted historical name, not a graph type, entity, or property.
2	user_docs:docs%2Fuser%2Freference%2Fconstants.md:Constants%20%26%20Tunables%20%28cheat%20sheet%29:table_cell:b6e8f2357385133156e24ba6443ddbb16c98c2a92f6c6d9ac1467d54731b0f4d:row:1:1	user_docs	docs/user/reference/constants.md	Constants & Tunables (cheat sheet) :: table_cell :: b6e8f2357385133156e24ba6443ddbb16c98c2a92f6c6d9ac1467d54731b0f4d #1	table_cell	row	retain	physical_storage	reviewed_semantic_reclassification	presentation	omnigraph-vocabulary-guard::user_docs_inventory_matches	Here 'row' describes Lance/Arrow/manifest/recovery state or a persisted historical name, not a graph type, entity, or property.
2	user_docs:docs%2Fuser%2Fschema%2Findex.md:%3Cdocument%3E:compatibility_anchor:cac754a4f70075a979cbaf2c8ec72b8d3134ad8b810cb4b897bfa0c80ac39665:table:1:1	user_docs	docs/user/schema/index.md	<document> :: compatibility_anchor :: cac754a4f70075a979cbaf2c8ec72b8d3134ad8b810cb4b897bfa0c80ac39665 #1	compatibility_anchor	table	retain	quoted_compatibility	retain only in explicit compatibility or exact-name context	none	omnigraph-vocabulary-guard::user_docs_inventory_matches	This is an exact retained field, flag, identifier, resource/error spelling, or legacy deep-link name documented so existing consumers can recognize it.
2	user_docs:docs%2Fuser%2Fschema%2Findex.md:Schema%20Language%20%28.pg%29%20%2F%20Built-in%20scalar%20types:table_cell:4a97e80748d47f0bd2698a43f9423e23eee8d8c6f8db99b6f0ee87dd1de22e40:column:1:1	user_docs	docs/user/schema/index.md	Schema Language (.pg) / Built-in scalar types :: table_cell :: 4a97e80748d47f0bd2698a43f9423e23eee8d8c6f8db99b6f0ee87dd1de22e40 #1	table_cell	column	retain	physical_storage	retain accurate physical or recovery terminology	none	omnigraph-vocabulary-guard::user_docs_inventory_matches	Here 'column' describes Lance/Arrow/manifest/recovery state or a persisted historical name, not a graph type, entity, or property.
2	user_docs:docs%2Fuser%2Fschema%2Findex.md:Schema%20Language%20%28.pg%29%20%2F%20Embedded%20Blob%20reads:paragraph:affe854c33c762a78078bc07bf26f9b5a8de2d0f54a656113723c8a4787dacac:Row:1:1	user_docs	docs/user/schema/index.md	Schema Language (.pg) / Embedded Blob reads :: paragraph :: affe854c33c762a78078bc07bf26f9b5a8de2d0f54a656113723c8a4787dacac #1	paragraph	Row	retain	physical_storage	retain accurate physical or recovery terminology	none	omnigraph-vocabulary-guard::user_docs_inventory_matches	Here 'Row' describes Lance/Arrow/manifest/recovery state or a persisted historical name, not a graph type, entity, or property.
2	user_docs:docs%2Fuser%2Fschema%2Findex.md:Schema%20Language%20%28.pg%29%20%2F%20Embedded%20Blob%20reads:paragraph:b1e37fd57e038631321954b0b903656548b865d86fe90235469cda1540424484:column:1:1	user_docs	docs/user/schema/index.md	Schema Language (.pg) / Embedded Blob reads :: paragraph :: b1e37fd57e038631321954b0b903656548b865d86fe90235469cda1540424484 #1	paragraph	column	retain	physical_storage	reviewed_semantic_reclassification	presentation	omnigraph-vocabulary-guard::user_docs_inventory_matches	Here 'column' describes Lance/Arrow/manifest/recovery state or a persisted historical name, not a graph type, entity, or property.
2	user_docs:docs%2Fuser%2Fschema%2Findex.md:Schema%20Language%20%28.pg%29%20%2F%20Embedded%20Blob%20reads:paragraph:b1e37fd57e038631321954b0b903656548b865d86fe90235469cda1540424484:table:1:1	user_docs	docs/user/schema/index.md	Schema Language (.pg) / Embedded Blob reads :: paragraph :: b1e37fd57e038631321954b0b903656548b865d86fe90235469cda1540424484 #1	paragraph	table	retain	physical_storage	retain accurate physical or recovery terminology	none	omnigraph-vocabulary-guard::user_docs_inventory_matches	Here 'table' describes Lance/Arrow/manifest/recovery state or a persisted historical name, not a graph type, entity, or property.
2	user_docs:docs%2Fuser%2Fschema%2Findex.md:Schema%20Language%20%28.pg%29%20%2F%20Property%20declarations:inline_code:564f8b2db7d164949f778ed1d26a0f6ddd7eb6cc57e4f78192d4e7f25d370205:row:1:1	user_docs	docs/user/schema/index.md	Schema Language (.pg) / Property declarations :: inline_code :: 564f8b2db7d164949f778ed1d26a0f6ddd7eb6cc57e4f78192d4e7f25d370205 #1	inline_code	row	retain	physical_storage	retain accurate physical or recovery terminology	none	omnigraph-vocabulary-guard::user_docs_inventory_matches	Here 'row' describes Lance/Arrow/manifest/recovery state or a persisted historical name, not a graph type, entity, or property.
2	user_docs:docs%2Fuser%2Fschema%2Findex.md:Schema%20Language%20%28.pg%29%20%2F%20Property%20declarations:inline_code:7d9628c69c93fc1e046a4d31ad58dbb245c3b3d51d799b3f3555950ad19873c4:row:1:1	user_docs	docs/user/schema/index.md	Schema Language (.pg) / Property declarations :: inline_code :: 7d9628c69c93fc1e046a4d31ad58dbb245c3b3d51d799b3f3555950ad19873c4 #1	inline_code	row	retain	physical_storage	retain accurate physical or recovery terminology	none	omnigraph-vocabulary-guard::user_docs_inventory_matches	Here 'row' describes Lance/Arrow/manifest/recovery state or a persisted historical name, not a graph type, entity, or property.
2	user_docs:docs%2Fuser%2Fschema%2Findex.md:Schema%20Language%20%28.pg%29%20%2F%20Property%20declarations:inline_code:db818d160fd6123f3cf9e549c2692d720245e5457075323891ec9615f6947fce:row:1:1	user_docs	docs/user/schema/index.md	Schema Language (.pg) / Property declarations :: inline_code :: db818d160fd6123f3cf9e549c2692d720245e5457075323891ec9615f6947fce #1	inline_code	row	retain	physical_storage	retain accurate physical or recovery terminology	none	omnigraph-vocabulary-guard::user_docs_inventory_matches	Here 'row' describes Lance/Arrow/manifest/recovery state or a persisted historical name, not a graph type, entity, or property.
2	user_docs:docs%2Fuser%2Fschema%2Findex.md:Schema%20Language%20%28.pg%29%20%2F%20Property%20declarations:paragraph:65dd30d8f4cbae47cc309b5e726bbdcf101e10d3a6b7c845909e369ec81b1a3b:columns:1:1	user_docs	docs/user/schema/index.md	Schema Language (.pg) / Property declarations :: paragraph :: 65dd30d8f4cbae47cc309b5e726bbdcf101e10d3a6b7c845909e369ec81b1a3b #1	paragraph	columns	retain	physical_storage	retain accurate physical or recovery terminology	none	omnigraph-vocabulary-guard::user_docs_inventory_matches	Here 'columns' describes Lance/Arrow/manifest/recovery state or a persisted historical name, not a graph type, entity, or property.
2	user_docs:docs%2Fuser%2Fschema%2Findex.md:Schema%20Language%20%28.pg%29%20%2F%20Schema%20migration%20planning:paragraph:a44024f9e6a17c1d10722cd427b152b5198ffb19228348b19417ea46872ed0f8:manifest%20version:1:1	user_docs	docs/user/schema/index.md	Schema Language (.pg) / Schema migration planning :: paragraph :: a44024f9e6a17c1d10722cd427b152b5198ffb19228348b19417ea46872ed0f8 #1	paragraph	manifest version	retain	physical_storage	reviewed_semantic_reclassification	presentation	omnigraph-vocabulary-guard::user_docs_inventory_matches	Here 'manifest version' describes Lance/Arrow/manifest/recovery state or a persisted historical name, not a graph type, entity, or property.
2	user_docs:docs%2Fuser%2Fschema%2Findex.md:Schema%20Language%20%28.pg%29%20%2F%20Type%20and%20dataset%20layout:list_item:5e6242daec4620abeccd13d04cef855f53ef4e563218ca07ec5205aa8851318f:columns:1:1	user_docs	docs/user/schema/index.md	Schema Language (.pg) / Type and dataset layout :: list_item :: 5e6242daec4620abeccd13d04cef855f53ef4e563218ca07ec5205aa8851318f #1	list_item	columns	retain	physical_storage	retain accurate physical or recovery terminology	none	omnigraph-vocabulary-guard::user_docs_inventory_matches	Here 'columns' describes Lance/Arrow/manifest/recovery state or a persisted historical name, not a graph type, entity, or property.
2	user_docs:docs%2Fuser%2Fschema%2Findex.md:Schema%20Language%20%28.pg%29%20%2F%20Type%20and%20dataset%20layout:list_item:67e10c62abcf5eb41c8e1b6488ef523737175966eb2841eb2a827648ed5ef25b:column:1:1	user_docs	docs/user/schema/index.md	Schema Language (.pg) / Type and dataset layout :: list_item :: 67e10c62abcf5eb41c8e1b6488ef523737175966eb2841eb2a827648ed5ef25b #1	list_item	column	retain	physical_storage	retain accurate physical or recovery terminology	none	omnigraph-vocabulary-guard::user_docs_inventory_matches	Here 'column' describes Lance/Arrow/manifest/recovery state or a persisted historical name, not a graph type, entity, or property.
2	user_docs:docs%2Fuser%2Fschema%2Findex.md:Schema%20Language%20%28.pg%29%20%2F%20Type%20and%20dataset%20layout:paragraph:74069a0760c5d6a143953fd589c0fba84c4367e7235e21d10c96e23cc6bcbb5b:column:1:1	user_docs	docs/user/schema/index.md	Schema Language (.pg) / Type and dataset layout :: paragraph :: 74069a0760c5d6a143953fd589c0fba84c4367e7235e21d10c96e23cc6bcbb5b #1	paragraph	column	retain	physical_storage	retain accurate physical or recovery terminology	none	omnigraph-vocabulary-guard::user_docs_inventory_matches	Here 'column' describes Lance/Arrow/manifest/recovery state or a persisted historical name, not a graph type, entity, or property.
2	user_docs:docs%2Fuser%2Fsearch%2Findex.md:Search%20%2F%20Functions:list_item:0be2fd005e796bf8867e06c5eedcd5cb630ab1e4294c645081a63d4798713e3d:columns:1:1	user_docs	docs/user/search/index.md	Search / Functions :: list_item :: 0be2fd005e796bf8867e06c5eedcd5cb630ab1e4294c645081a63d4798713e3d #1	list_item	columns	retain	result_projection	retain intentional query, export, or serialized-result vocabulary	none	omnigraph-vocabulary-guard::user_docs_inventory_matches	Here 'columns' describes a query/export/serialized result row or column; tabular result vocabulary is intentional.
2	user_docs:docs%2Fuser%2Fsearch%2Findex.md:Search%20%2F%20Functions:list_item:506bafcdd9160eab988d66f75d318473afd4f5b28aa41cf1935bad67b22657e0:rows:1:1	user_docs	docs/user/search/index.md	Search / Functions :: list_item :: 506bafcdd9160eab988d66f75d318473afd4f5b28aa41cf1935bad67b22657e0 #1	list_item	rows	retain	result_projection	retain intentional query, export, or serialized-result vocabulary	none	omnigraph-vocabulary-guard::user_docs_inventory_matches	Here 'rows' describes a query/export/serialized result row or column; tabular result vocabulary is intentional.
2	user_docs:docs%2Fuser%2Fsearch%2Findexes.md:Indexes%20%2F%20L1%20%E2%80%94%20Lance%20index%20types%20OmniGraph%20exposes:block_quote:c2f0e0455d748d7e74a81c06eb606db8b1bb65137e54b0e6c2aa4260c4748195:Rows:1:1	user_docs	docs/user/search/indexes.md	Indexes / L1 — Lance index types OmniGraph exposes :: block_quote :: c2f0e0455d748d7e74a81c06eb606db8b1bb65137e54b0e6c2aa4260c4748195 #1	block_quote	Rows	retain	physical_storage	reviewed_semantic_reclassification	presentation	omnigraph-vocabulary-guard::user_docs_inventory_matches	Here 'Rows' describes Lance/Arrow/manifest/recovery state or a persisted historical name, not a graph type, entity, or property.
2	user_docs:docs%2Fuser%2Fsearch%2Findexes.md:Indexes%20%2F%20L1%20%E2%80%94%20Lance%20index%20types%20OmniGraph%20exposes:paragraph:4a2313f5726b279b7f23c30e2179710135aadd94508e6c5c45abfa77fbe745bb:sidecar:1:1	user_docs	docs/user/search/indexes.md	Indexes / L1 — Lance index types OmniGraph exposes :: paragraph :: 4a2313f5726b279b7f23c30e2179710135aadd94508e6c5c45abfa77fbe745bb #1	paragraph	sidecar	retain	physical_storage	reviewed_semantic_reclassification	presentation	omnigraph-vocabulary-guard::user_docs_inventory_matches	Here 'sidecar' describes Lance/Arrow/manifest/recovery state or a persisted historical name, not a graph type, entity, or property.
2	user_docs:docs%2Fuser%2Fsearch%2Findexes.md:Indexes%20%2F%20L2%20%E2%80%94%20Graph%20topology%20index:list_item:6347f7da79e52dd54333b3df6f46df7352bcc5f9cd324226091d123d863fd3de:Row:1:1	user_docs	docs/user/search/indexes.md	Indexes / L2 — Graph topology index :: list_item :: 6347f7da79e52dd54333b3df6f46df7352bcc5f9cd324226091d123d863fd3de #1	list_item	Row	retain	upstream_name	retain exact upstream proper name or technical term	none	omnigraph-vocabulary-guard::user_docs_inventory_matches	Here 'Row' is part of an exact upstream name or standard technical term and keeps that spelling.
